order_id,customer_id,product_id,warehouse_id,order_date,qty,ship_date,status
O00001,C0708,P018,W1,2026-06-23,16,2026-06-24,Fulfilled
O00002,C0510,P002,W4,2025-11-12,13,2025-11-21,Fulfilled
O00003,C0459,P002,W3,2025-09-06,11,2025-09-07,Fulfilled
O00004,C0143,P022,W3,2026-07-30,24,2026-08-08,Fulfilled
O00005,C0735,P008,W1,2025-12-15,2,2025-12-19,Fulfilled
O00006,C0236,P022,W2,2026-04-28,2,2026-05-01,Fulfilled
O00007,C0334,P013,W3,2026-07-29,12,2026-07-31,Fulfilled
O00008,C0238,P009,W3,2025-09-14,1,2025-09-24,Fulfilled
O00009,C0775,P007,W3,2025-09-02,9,2025-09-05,Fulfilled
O00010,C0387,P017,W3,2025-09-02,14,2025-09-05,Fulfilled
O00011,C0092,P003,W2,2025-10-28,10,2025-10-29,Fulfilled
O00012,C0009,P011,W4,2025-09-19,5,2025-09-20,Fulfilled
O00013,C0784,P009,W2,2026-06-27,7,2026-06-29,Fulfilled
O00014,C0189,P004,W1,2026-04-10,15,2026-04-13,Fulfilled
O00015,C0616,P009,W4,2026-08-24,23,2026-08-28,Fulfilled
O00016,C0024,P014,W1,2026-06-20,19,2026-06-22,Fulfilled
O00017,C0717,P017,W2,2026-08-18,14,2026-08-19,Fulfilled
O00018,C0520,P003,W1,2025-11-27,4,2025-12-01,Fulfilled
O00019,C0180,P022,W1,2025-12-15,6,2025-12-17,Fulfilled
O00020,C0711,P022,W2,2026-07-08,11,2026-07-11,Fulfilled
O00021,C0238,P018,W1,2025-11-29,6,2025-11-30,Fulfilled
O00022,C0798,P024,W2,2025-09-21,17,2025-09-22,Fulfilled
O00023,C0480,P011,W4,2026-05-03,9,2026-05-04,Fulfilled
O00024,C0359,P021,W1,2026-06-20,21,2026-06-24,Fulfilled
O00025,C0047,P019,W4,2026-08-20,7,2026-08-28,Fulfilled
O00026,C0208,P015,W2,2026-08-05,12,2026-08-09,Fulfilled
O00027,C0047,P005,W3,2025-10-14,18,2025-10-18,Fulfilled
O00028,C0682,P014,W2,2026-06-09,5,2026-06-16,Fulfilled
O00029,C0081,P023,W2,2026-07-06,19,2026-07-10,Fulfilled
O00030,C0091,P025,W1,2026-05-13,15,2026-05-22,Fulfilled
O00031,C0100,P012,W3,2026-06-27,16,2026-06-30,Fulfilled
O00032,C0779,P007,W4,2026-07-03,11,2026-07-07,Fulfilled
O00033,C0776,P019,W3,2026-02-10,23,2026-02-13,Fulfilled
O00034,C0572,P002,W3,2025-09-15,19,2025-09-16,Fulfilled
O00035,C0059,P004,W3,2026-02-14,5,2026-02-15,Fulfilled
O00036,C0403,P015,W2,2025-11-13,14,2025-11-15,Fulfilled
O00037,C0758,P025,W1,2025-10-12,22,2025-10-14,Fulfilled
O00038,C0078,P009,W3,2025-10-16,7,2025-10-18,Fulfilled
O00039,C0635,P012,W4,2026-05-13,13,2026-05-14,Fulfilled
O00040,C0015,P009,W2,2026-03-04,19,2026-03-07,Fulfilled
O00041,C0643,P012,W4,2026-03-17,7,2026-03-19,Fulfilled
O00042,C0436,P001,W4,2026-05-30,13,2026-06-03,Fulfilled
O00043,C0710,P015,W1,2026-03-20,14,2026-03-24,Fulfilled
O00044,C0331,P015,W3,2026-04-18,5,2026-04-21,Fulfilled
O00045,C0628,P008,W3,2025-10-02,5,2025-10-06,Fulfilled
O00046,C0674,P007,W2,2026-07-08,14,2026-07-10,Fulfilled
O00047,C0260,P020,W3,2026-02-11,5,2026-02-15,Fulfilled
O00048,C0514,P005,W4,2025-10-27,23,2025-10-31,Fulfilled
O00049,C0369,P002,W3,2026-06-24,13,,Backordered
O00050,C0346,P002,W4,2026-05-27,17,,Backordered
O00051,C0639,P023,W4,2025-09-20,10,2025-09-22,Fulfilled
O00052,C0181,P010,W4,2025-11-10,8,2025-11-12,Fulfilled
O00053,C0096,P003,W4,2025-09-06,12,2025-09-08,Fulfilled
O00054,C0384,P022,W1,2025-12-08,18,,Backordered
O00055,C0657,P004,W1,2025-10-07,10,2025-10-11,Fulfilled
O00056,C0131,P009,W1,2026-05-18,7,2026-05-20,Fulfilled
O00057,C0272,P001,W1,2026-03-10,4,2026-03-12,Fulfilled
O00058,C0533,P017,W3,2026-08-24,14,2026-08-27,Fulfilled
O00059,C0382,P018,W3,2026-06-01,17,2026-06-04,Fulfilled
O00060,C0484,P019,W2,2026-04-12,13,2026-04-14,Fulfilled
O00061,C0422,P007,W1,2026-03-05,7,2026-03-07,Fulfilled
O00062,C0648,P009,W3,2025-09-20,6,2025-10-02,Fulfilled
O00063,C0700,P024,W2,2025-09-26,10,2025-09-28,Fulfilled
O00064,C0360,P021,W4,2026-04-13,9,2026-04-15,Fulfilled
O00065,C0345,P001,W1,2025-09-02,5,,Cancelled
O00066,C0223,P018,W2,2025-09-16,23,2025-09-18,Fulfilled
O00067,C0355,P021,W1,2025-11-19,8,2025-11-22,Fulfilled
O00068,C0669,P014,W2,2026-07-20,7,2026-07-23,Fulfilled
O00069,C0401,P016,W4,2026-02-15,15,2026-02-16,Fulfilled
O00070,C0553,P001,W2,2026-05-17,20,2026-05-21,Fulfilled
O00071,C0335,P001,W2,2026-01-29,12,2026-01-31,Fulfilled
O00072,C0565,P001,W2,2025-11-03,17,2025-11-04,Fulfilled
O00073,C0570,P004,W2,2026-01-14,3,2026-01-17,Fulfilled
O00074,C0422,P025,W3,2025-10-04,13,2025-10-05,Fulfilled
O00075,C0747,P016,W4,2026-06-09,2,2026-06-16,Fulfilled
O00076,C0700,P020,W3,2025-11-06,4,2025-11-10,Fulfilled
O00077,C0127,P008,W3,2026-01-16,15,2026-01-19,Fulfilled
O00078,C0182,P024,W2,2026-08-24,5,2026-08-28,Fulfilled
O00079,C0763,P005,W1,2026-04-05,1,2026-04-15,Fulfilled
O00080,C0321,P023,W3,2026-02-15,5,2026-02-17,Fulfilled
O00081,C0249,P001,W4,2026-03-18,19,2026-03-21,Fulfilled
O00082,C0637,P001,W3,2026-06-14,15,2026-06-16,Fulfilled
O00083,C0482,P002,W1,2025-12-02,10,2025-12-06,Fulfilled
O00084,C0107,P020,W3,2026-04-21,24,,Backordered
O00085,C0074,P007,W4,2026-07-16,10,2026-07-18,Fulfilled
O00086,C0646,P012,W1,2026-03-28,22,2026-04-07,Fulfilled
O00087,C0612,P012,W1,2026-02-10,9,2026-02-11,Fulfilled
O00088,C0282,P020,W3,2025-10-23,1,2025-10-26,Fulfilled
O00089,C0690,P009,W2,2025-11-30,3,2025-12-04,Fulfilled
O00090,C0101,P001,W3,2026-08-12,7,2026-08-16,Fulfilled
O00091,C0695,P010,W3,2026-03-17,5,2026-03-18,Fulfilled
O00092,C0064,P008,W2,2025-12-19,4,2025-12-20,Fulfilled
O00093,C0509,P019,W1,2026-01-31,10,2026-02-01,Fulfilled
O00094,C0674,P019,W3,2026-03-30,24,2026-04-03,Fulfilled
O00095,C0495,P003,W2,2026-03-16,5,2026-03-18,Fulfilled
O00096,C0623,P020,W4,2026-05-14,6,2026-05-15,Fulfilled
O00097,C0275,P002,W2,2025-12-03,24,2025-12-06,Fulfilled
O00098,C0231,P016,W1,2026-04-25,5,2026-04-29,Fulfilled
O00099,C0213,P010,W4,2026-02-09,20,2026-02-10,Fulfilled
O00100,C0093,P008,W3,2026-08-10,15,2026-08-11,Fulfilled
O00101,C0222,P013,W3,2025-10-28,23,2025-10-29,Fulfilled
O00102,C0198,P008,W4,2025-10-25,14,2025-10-26,Fulfilled
O00103,C0605,P020,W4,2026-02-16,15,2026-02-17,Fulfilled
O00104,C0171,P025,W4,2026-03-05,6,2026-03-13,Fulfilled
O00105,C0133,P021,W4,2026-05-11,14,,Backordered
O00106,C0586,P011,W2,2026-01-26,17,2026-01-27,Fulfilled
O00107,C0430,P013,W1,2026-07-31,24,2026-08-03,Fulfilled
O00108,C0173,P012,W3,2026-02-21,3,2026-02-23,Fulfilled
O00109,C0565,P020,W4,2025-10-18,4,2025-10-21,Fulfilled
O00110,C0173,P014,W4,2025-10-14,1,2025-10-17,Fulfilled
O00111,C0628,P012,W3,2026-08-22,19,,Cancelled
O00112,C0026,P011,W3,2025-10-19,2,2025-10-29,Fulfilled
O00113,C0472,P010,W3,2026-08-12,22,2026-08-13,Fulfilled
O00114,C0477,P014,W1,2025-12-11,9,,Cancelled
O00115,C0298,P018,W1,2025-10-05,7,2025-10-11,Fulfilled
O00116,C0551,P011,W1,2025-12-21,24,2025-12-24,Fulfilled
O00117,C0304,P021,W4,2026-04-13,18,2026-04-14,Fulfilled
O00118,C0523,P021,W4,2026-02-04,14,2026-02-12,Fulfilled
O00119,C0179,P011,W2,2026-06-14,22,2026-06-18,Fulfilled
O00120,C0455,P023,W2,2026-04-12,19,2026-04-16,Fulfilled
O00121,C0605,P005,W2,2026-01-25,16,2026-01-27,Fulfilled
O00122,C0772,P024,W1,2026-04-20,8,,Backordered
O00123,C0288,P008,W2,2026-08-21,24,2026-08-24,Fulfilled
O00124,C0378,P015,W2,2026-01-29,18,2026-01-31,Fulfilled
O00125,C0381,P008,W3,2025-10-27,23,2025-10-29,Fulfilled
O00126,C0688,P012,W4,2026-01-28,24,2026-01-29,Fulfilled
O00127,C0770,P009,W1,2026-07-04,14,,Backordered
O00128,C0517,P018,W2,2025-11-19,9,2025-11-20,Fulfilled
O00129,C0657,P003,W4,2026-08-13,23,2026-08-14,Fulfilled
O00130,C0068,P021,W4,2026-04-03,24,2026-04-06,Fulfilled
O00131,C0607,P023,W4,2026-04-08,3,2026-04-12,Fulfilled
O00132,C0648,P015,W3,2025-12-25,16,2025-12-26,Fulfilled
O00133,C0572,P014,W1,2026-08-02,15,,Cancelled
O00134,C0467,P018,W4,2025-09-14,18,2025-09-15,Fulfilled
O00135,C0719,P005,W3,2025-12-19,24,2025-12-22,Fulfilled
O00136,C0523,P019,W4,2026-01-31,7,2026-02-04,Fulfilled
O00137,C0677,P006,W4,2026-02-22,24,2026-02-24,Fulfilled
O00138,C0145,P017,W2,2026-02-21,16,2026-02-22,Fulfilled
O00139,C0532,P008,W1,2025-10-24,2,2025-10-25,Fulfilled
O00140,C0350,P019,W3,2025-11-22,13,2025-11-25,Fulfilled
O00141,C0694,P020,W2,2025-10-05,4,2025-10-07,Fulfilled
O00142,C0704,P006,W1,2026-03-28,23,2026-03-30,Fulfilled
O00143,C0675,P016,W2,2026-01-07,19,2026-01-08,Fulfilled
O00144,C0173,P013,W4,2026-03-26,22,2026-03-30,Fulfilled
O00145,C0394,P008,W2,2026-04-04,15,2026-04-06,Fulfilled
O00146,C0001,P015,W2,2026-05-15,10,2026-05-25,Fulfilled
O00147,C0783,P025,W3,2026-03-19,11,2026-03-22,Fulfilled
O00148,C0206,P001,W3,2026-04-25,23,2026-04-26,Fulfilled
O00149,C0499,P024,W2,2026-04-03,4,2026-04-04,Fulfilled
O00150,C0390,P022,W4,2026-04-27,22,,Cancelled
O00151,C0723,P014,W3,2026-04-14,11,2026-04-18,Fulfilled
O00152,C0657,P016,W1,2025-12-25,15,2025-12-27,Fulfilled
O00153,C0621,P010,W2,2025-11-29,17,2025-11-30,Fulfilled
O00154,C0514,P004,W4,2026-06-15,2,2026-06-17,Fulfilled
O00155,C0096,P015,W1,2026-01-04,4,2026-01-08,Fulfilled
O00156,C0735,P021,W1,2026-03-20,4,2026-03-23,Fulfilled
O00157,C0051,P006,W3,2025-11-11,19,2025-11-12,Fulfilled
O00158,C0364,P018,W2,2026-02-05,2,2026-02-08,Fulfilled
O00159,C0304,P019,W2,2026-03-13,15,2026-03-14,Fulfilled
O00160,C0313,P019,W2,2026-04-17,3,2026-04-23,Fulfilled
O00161,C0781,P009,W1,2026-03-12,19,2026-03-14,Fulfilled
O00162,C0185,P010,W2,2026-01-10,24,2026-01-12,Fulfilled
O00163,C0464,P011,W1,2026-08-18,10,2026-08-21,Fulfilled
O00164,C0175,P022,W3,2026-03-07,6,2026-03-08,Fulfilled
O00165,C0729,P023,W3,2026-06-23,11,2026-06-27,Fulfilled
O00166,C0589,P011,W4,2026-05-27,17,2026-05-30,Fulfilled
O00167,C0332,P025,W1,2026-03-23,18,2026-03-25,Fulfilled
O00168,C0065,P015,W2,2026-07-21,16,2026-07-25,Fulfilled
O00169,C0123,P010,W2,2025-10-17,14,2025-10-25,Fulfilled
O00170,C0194,P001,W3,2026-08-03,16,2026-08-13,Fulfilled
O00171,C0325,P016,W3,2026-07-08,6,2026-07-12,Fulfilled
O00172,C0708,P017,W4,2026-03-03,5,2026-03-16,Fulfilled
O00173,C0096,P025,W4,2026-05-26,23,2026-05-30,Fulfilled
O00174,C0461,P018,W4,2026-03-09,14,2026-03-10,Fulfilled
O00175,C0278,P001,W1,2025-12-08,21,2025-12-12,Fulfilled
O00176,C0038,P015,W1,2026-06-19,16,2026-06-23,Fulfilled
O00177,C0495,P019,W4,2025-11-29,11,2025-12-10,Fulfilled
O00178,C0563,P013,W4,2025-12-24,14,2026-01-05,Fulfilled
O00179,C0767,P011,W2,2026-03-09,17,2026-03-12,Fulfilled
O00180,C0405,P021,W1,2026-07-03,5,2026-07-06,Fulfilled
O00181,C0260,P016,W3,2026-01-19,12,2026-01-20,Fulfilled
O00182,C0683,P018,W3,2026-02-28,18,2026-03-01,Fulfilled
O00183,C0198,P012,W4,2025-09-16,3,2025-09-19,Fulfilled
O00184,C0546,P007,W3,2025-10-13,2,2025-10-15,Fulfilled
O00185,C0754,P013,W4,2025-09-21,4,2025-09-25,Fulfilled
O00186,C0004,P024,W4,2025-09-27,15,2025-09-28,Fulfilled
O00187,C0740,P016,W1,2026-07-15,6,2026-07-19,Fulfilled
O00188,C0165,P018,W1,2026-07-05,11,,Cancelled
O00189,C0385,P004,W4,2026-06-27,4,2026-07-01,Fulfilled
O00190,C0207,P025,W1,2025-09-21,7,2025-09-25,Fulfilled
O00191,C0116,P007,W1,2025-09-29,1,2025-10-03,Fulfilled
O00192,C0562,P025,W4,2025-12-12,20,,Backordered
O00193,C0386,P012,W1,2026-03-26,12,2026-03-29,Fulfilled
O00194,C0407,P023,W1,2025-12-31,5,2026-01-01,Fulfilled
O00195,C0387,P023,W1,2026-02-25,13,2026-02-27,Fulfilled
O00196,C0598,P019,W2,2025-11-03,23,2025-11-05,Fulfilled
O00197,C0772,P023,W3,2026-05-25,20,2026-05-27,Fulfilled
O00198,C0410,P016,W3,2025-12-24,22,2025-12-27,Fulfilled
O00199,C0125,P022,W4,2025-09-25,10,2025-09-30,Fulfilled
O00200,C0262,P005,W3,2026-05-30,9,,Backordered
O00201,C0397,P002,W4,2026-07-27,8,,Backordered
O00202,C0083,P014,W1,2025-09-06,8,2025-09-07,Fulfilled
O00203,C0184,P021,W2,2026-02-07,23,2026-02-10,Fulfilled
O00204,C0162,P020,W2,2026-06-29,4,2026-07-03,Fulfilled
O00205,C0778,P014,W1,2026-05-16,21,2026-05-23,Fulfilled
O00206,C0321,P014,W4,2026-07-10,22,2026-07-11,Fulfilled
O00207,C0703,P016,W1,2026-01-30,21,2026-02-02,Fulfilled
O00208,C0441,P022,W2,2026-01-14,16,2026-01-17,Fulfilled
O00209,C0405,P022,W2,2026-05-17,21,2026-05-20,Fulfilled
O00210,C0750,P003,W1,2025-10-27,1,2025-10-29,Fulfilled
O00211,C0553,P015,W4,2025-11-27,20,2025-11-28,Fulfilled
O00212,C0192,P010,W1,2026-04-08,13,2026-04-09,Fulfilled
O00213,C0226,P020,W1,2026-05-02,24,2026-05-04,Fulfilled
O00214,C0533,P013,W2,2025-10-14,3,2025-10-17,Fulfilled
O00215,C0002,P025,W1,2026-03-05,23,2026-03-08,Fulfilled
O00216,C0122,P011,W4,2026-01-12,14,2026-01-21,Fulfilled
O00217,C0060,P017,W1,2026-03-03,3,2026-03-05,Fulfilled
O00218,C0571,P003,W2,2026-08-16,13,2026-08-18,Fulfilled
O00219,C0353,P024,W2,2025-09-28,1,2025-09-29,Fulfilled
O00220,C0010,P004,W1,2026-08-30,2,2026-09-03,Fulfilled
O00221,C0593,P010,W1,2026-02-12,13,2026-02-14,Fulfilled
O00222,C0525,P021,W3,2026-06-09,20,2026-06-12,Fulfilled
O00223,C0575,P025,W1,2026-02-02,3,2026-02-04,Fulfilled
O00224,C0131,P013,W1,2025-12-23,7,2026-01-03,Fulfilled
O00225,C0700,P013,W2,2026-06-09,10,2026-06-10,Fulfilled
O00226,C0145,P002,W2,2026-05-09,13,2026-05-13,Fulfilled
O00227,C0457,P025,W2,2025-10-23,1,2025-10-24,Fulfilled
O00228,C0447,P001,W4,2026-05-16,16,2026-05-20,Fulfilled
O00229,C0175,P001,W2,2026-06-02,12,2026-06-03,Fulfilled
O00230,C0300,P012,W3,2026-01-20,24,2026-01-21,Fulfilled
O00231,C0042,P001,W4,2026-08-04,8,2026-08-08,Fulfilled
O00232,C0377,P005,W1,2026-04-22,12,2026-04-26,Fulfilled
O00233,C0542,P016,W3,2025-12-31,2,2026-01-04,Fulfilled
O00234,C0247,P018,W2,2025-09-04,23,2025-09-08,Fulfilled
O00235,C0430,P008,W3,2026-05-05,21,2026-05-07,Fulfilled
O00236,C0762,P020,W1,2025-11-16,9,2025-11-17,Fulfilled
O00237,C0188,P016,W2,2026-06-04,12,2026-06-07,Fulfilled
O00238,C0233,P006,W1,2026-03-11,21,2026-03-14,Fulfilled
O00239,C0096,P018,W4,2026-02-18,8,2026-02-21,Fulfilled
O00240,C0434,P015,W3,2025-10-30,6,2025-11-06,Fulfilled
O00241,C0163,P021,W1,2026-05-18,6,2026-05-19,Fulfilled
O00242,C0683,P004,W3,2025-10-31,17,2025-11-03,Fulfilled
O00243,C0233,P006,W4,2026-01-31,6,2026-02-04,Fulfilled
O00244,C0531,P008,W3,2026-07-03,3,2026-07-15,Fulfilled
O00245,C0152,P009,W2,2026-08-02,4,2026-08-05,Fulfilled
O00246,C0258,P023,W4,2026-08-28,24,2026-08-30,Fulfilled
O00247,C0137,P019,W1,2026-08-16,21,2026-08-18,Fulfilled
O00248,C0442,P014,W1,2026-03-22,23,2026-03-25,Fulfilled
O00249,C0023,P014,W1,2025-11-13,7,2025-11-16,Fulfilled
O00250,C0067,P023,W4,2026-07-04,11,2026-07-05,Fulfilled
O00251,C0401,P012,W3,2026-06-20,12,2026-06-22,Fulfilled
O00252,C0437,P006,W3,2026-08-28,13,2026-08-31,Fulfilled
O00253,C0264,P004,W3,2026-04-26,1,2026-04-30,Fulfilled
O00254,C0345,P009,W2,2025-10-22,15,2025-10-26,Fulfilled
O00255,C0333,P017,W1,2026-03-03,1,2026-03-07,Fulfilled
O00256,C0606,P012,W4,2026-02-11,7,2026-02-12,Fulfilled
O00257,C0357,P011,W4,2026-07-05,8,2026-07-07,Fulfilled
O00258,C0678,P013,W1,2026-01-22,17,2026-01-29,Fulfilled
O00259,C0174,P025,W1,2025-12-29,22,2026-01-02,Fulfilled
O00260,C0160,P025,W3,2025-09-30,17,2025-10-02,Fulfilled
O00261,C0323,P005,W1,2026-07-02,11,2026-07-06,Fulfilled
O00262,C0066,P003,W3,2026-06-03,13,2026-06-06,Fulfilled
O00263,C0537,P007,W4,2025-09-16,13,,Cancelled
O00264,C0313,P022,W2,2026-02-06,4,2026-02-09,Fulfilled
O00265,C0293,P012,W2,2026-02-23,23,2026-03-05,Fulfilled
O00266,C0427,P022,W4,2026-02-19,23,2026-02-22,Fulfilled
O00267,C0066,P017,W2,2026-08-02,6,2026-08-05,Fulfilled
O00268,C0302,P014,W1,2025-10-25,3,2025-10-27,Fulfilled
O00269,C0777,P008,W1,2025-12-21,4,2025-12-28,Fulfilled
O00270,C0503,P009,W4,2025-11-06,16,2025-11-09,Fulfilled
O00271,C0459,P004,W4,2025-11-29,1,2025-12-03,Fulfilled
O00272,C0405,P013,W1,2026-07-29,3,2026-08-05,Fulfilled
O00273,C0375,P008,W4,2026-08-10,16,2026-08-14,Fulfilled
O00274,C0749,P008,W1,2025-09-17,4,2025-09-20,Fulfilled
O00275,C0744,P001,W1,2026-04-19,2,2026-04-21,Fulfilled
O00276,C0328,P020,W2,2025-11-24,1,2025-11-27,Fulfilled
O00277,C0739,P024,W2,2025-11-10,17,2025-11-13,Fulfilled
O00278,C0066,P013,W4,2025-12-16,9,2025-12-20,Fulfilled
O00279,C0256,P014,W3,2025-11-10,7,2025-11-12,Fulfilled
O00280,C0242,P024,W1,2026-02-26,16,2026-02-27,Fulfilled
O00281,C0558,P013,W3,2026-08-30,5,2026-08-31,Fulfilled
O00282,C0485,P016,W4,2026-04-03,13,2026-04-04,Fulfilled
O00283,C0378,P011,W3,2026-05-22,12,2026-05-25,Fulfilled
O00284,C0205,P013,W1,2026-02-28,17,2026-03-04,Fulfilled
O00285,C0405,P014,W1,2025-09-06,15,2025-09-09,Fulfilled
O00286,C0215,P018,W2,2025-10-01,17,2025-10-02,Fulfilled
O00287,C0398,P016,W2,2025-12-08,6,2025-12-14,Fulfilled
O00288,C0272,P013,W2,2025-11-28,4,2025-12-02,Fulfilled
O00289,C0711,P002,W1,2026-07-04,13,2026-07-05,Fulfilled
O00290,C0597,P023,W1,2026-07-05,2,2026-07-08,Fulfilled
O00291,C0141,P023,W3,2026-07-09,11,2026-07-11,Fulfilled
O00292,C0752,P005,W4,2026-04-21,16,2026-04-25,Fulfilled
O00293,C0527,P008,W3,2026-03-23,20,2026-03-26,Fulfilled
O00294,C0280,P025,W2,2026-04-25,16,2026-04-28,Fulfilled
O00295,C0424,P009,W4,2026-01-27,24,2026-02-06,Fulfilled
O00296,C0157,P021,W3,2026-05-03,14,2026-05-07,Fulfilled
O00297,C0038,P020,W3,2026-06-17,11,2026-06-20,Fulfilled
O00298,C0337,P022,W3,2026-06-06,6,2026-06-09,Fulfilled
O00299,C0625,P001,W4,2026-04-13,17,2026-04-17,Fulfilled
O00300,C0282,P013,W3,2025-09-22,20,2025-09-25,Fulfilled
O00301,C0308,P015,W3,2026-05-23,8,,Backordered
O00302,C0792,P021,W3,2026-01-12,2,2026-01-14,Fulfilled
O00303,C0789,P006,W4,2026-05-30,1,2026-06-01,Fulfilled
O00304,C0371,P008,W4,2026-03-16,16,2026-03-17,Fulfilled
O00305,C0036,P005,W2,2026-07-19,16,,Cancelled
O00306,C0543,P020,W3,2026-01-02,3,2026-01-04,Fulfilled
O00307,C0572,P025,W1,2026-08-06,1,2026-08-13,Fulfilled
O00308,C0731,P004,W3,2026-07-06,16,2026-07-10,Fulfilled
O00309,C0758,P006,W4,2025-12-30,10,2026-01-03,Fulfilled
O00310,C0503,P008,W3,2026-02-24,11,2026-02-26,Fulfilled
O00311,C0086,P023,W2,2026-03-13,7,2026-03-16,Fulfilled
O00312,C0200,P012,W3,2026-06-08,18,,Backordered
O00313,C0573,P008,W2,2026-05-10,18,2026-05-13,Fulfilled
O00314,C0486,P009,W2,2026-07-08,2,2026-07-15,Fulfilled
O00315,C0349,P015,W1,2026-01-14,3,2026-01-16,Fulfilled
O00316,C0322,P010,W3,2026-03-04,14,2026-03-06,Fulfilled
O00317,C0567,P004,W1,2026-02-05,15,2026-02-08,Fulfilled
O00318,C0338,P021,W2,2026-07-29,4,2026-08-07,Fulfilled
O00319,C0124,P011,W4,2025-12-21,4,2025-12-22,Fulfilled
O00320,C0783,P007,W4,2026-04-03,17,2026-04-04,Fulfilled
O00321,C0280,P019,W2,2025-10-14,11,2025-10-15,Fulfilled
O00322,C0223,P019,W4,2026-07-08,3,2026-07-16,Fulfilled
O00323,C0056,P004,W1,2026-01-19,15,2026-01-21,Fulfilled
O00324,C0375,P002,W4,2026-01-03,2,2026-01-13,Fulfilled
O00325,C0788,P002,W2,2026-04-01,6,2026-04-05,Fulfilled
O00326,C0128,P020,W4,2026-03-02,18,2026-03-03,Fulfilled
O00327,C0196,P016,W4,2026-07-07,6,2026-07-08,Fulfilled
O00328,C0143,P020,W3,2026-03-13,2,2026-03-14,Fulfilled
O00329,C0076,P016,W3,2026-03-08,24,2026-03-10,Fulfilled
O00330,C0483,P011,W3,2025-10-09,6,2025-10-12,Fulfilled
O00331,C0239,P015,W1,2025-09-09,13,2025-09-16,Fulfilled
O00332,C0601,P019,W1,2026-01-24,20,2026-01-25,Fulfilled
O00333,C0321,P010,W2,2026-08-31,24,2026-09-01,Fulfilled
O00334,C0509,P023,W2,2026-08-01,20,2026-08-05,Fulfilled
O00335,C0072,P023,W3,2026-04-18,9,2026-04-19,Fulfilled
O00336,C0264,P021,W2,2026-04-19,21,2026-05-01,Fulfilled
O00337,C0331,P025,W3,2026-01-21,1,2026-01-28,Fulfilled
O00338,C0048,P010,W1,2025-11-04,8,2025-11-05,Fulfilled
O00339,C0336,P003,W1,2025-09-04,5,2025-09-07,Fulfilled
O00340,C0376,P013,W4,2026-01-02,13,2026-01-04,Fulfilled
O00341,C0323,P019,W4,2025-12-25,22,2025-12-28,Fulfilled
O00342,C0403,P020,W4,2025-11-09,19,2025-11-10,Fulfilled
O00343,C0637,P010,W2,2025-12-04,24,2025-12-07,Fulfilled
O00344,C0616,P008,W3,2025-09-10,4,2025-09-19,Fulfilled
O00345,C0012,P012,W3,2026-04-10,19,2026-04-11,Fulfilled
O00346,C0512,P021,W2,2026-08-05,18,2026-08-08,Fulfilled
O00347,C0723,P002,W3,2026-05-11,11,2026-05-14,Fulfilled
O00348,C0697,P009,W3,2026-02-11,3,2026-02-12,Fulfilled
O00349,C0259,P006,W2,2026-02-01,3,2026-02-04,Fulfilled
O00350,C0626,P021,W2,2025-12-22,22,2025-12-25,Fulfilled
O00351,C0640,P012,W2,2025-10-22,8,,Backordered
O00352,C0293,P003,W4,2026-04-07,16,2026-04-09,Fulfilled
O00353,C0695,P007,W4,2026-03-26,23,2026-03-29,Fulfilled
O00354,C0506,P002,W4,2025-09-03,12,,Cancelled
O00355,C0601,P012,W4,2026-01-30,6,2026-02-03,Fulfilled
O00356,C0598,P025,W2,2025-12-11,12,2025-12-12,Fulfilled
O00357,C0625,P015,W4,2025-11-02,6,2025-11-06,Fulfilled
O00358,C0765,P022,W1,2026-05-15,5,2026-05-16,Fulfilled
O00359,C0686,P019,W4,2026-03-11,20,2026-03-14,Fulfilled
O00360,C0338,P023,W2,2026-04-20,9,2026-04-22,Fulfilled
O00361,C0450,P008,W2,2026-05-19,17,2026-05-29,Fulfilled
O00362,C0518,P024,W1,2026-08-25,18,2026-08-28,Fulfilled
O00363,C0685,P006,W1,2026-06-21,14,2026-06-24,Fulfilled
O00364,C0314,P011,W2,2026-04-15,13,2026-04-18,Fulfilled
O00365,C0251,P018,W3,2026-07-18,5,2026-07-20,Fulfilled
O00366,C0590,P008,W1,2026-02-22,13,2026-03-01,Fulfilled
O00367,C0763,P007,W4,2026-08-26,19,2026-08-29,Fulfilled
O00368,C0729,P004,W1,2026-06-05,5,2026-06-06,Fulfilled
O00369,C0119,P001,W4,2026-04-26,6,2026-04-30,Fulfilled
O00370,C0735,P013,W2,2026-07-27,17,2026-08-05,Fulfilled
O00371,C0631,P025,W2,2026-03-08,24,2026-03-12,Fulfilled
O00372,C0126,P006,W1,2026-05-22,10,2026-05-23,Fulfilled
O00373,C0006,P012,W4,2025-12-13,20,2025-12-16,Fulfilled
O00374,C0164,P024,W3,2026-08-18,5,2026-08-21,Fulfilled
O00375,C0743,P020,W1,2026-04-16,14,2026-04-20,Fulfilled
O00376,C0604,P001,W1,2026-06-13,23,2026-06-15,Fulfilled
O00377,C0460,P013,W3,2026-02-16,11,2026-02-20,Fulfilled
O00378,C0505,P004,W4,2026-07-14,13,2026-07-15,Fulfilled
O00379,C0331,P007,W1,2025-09-28,4,2025-10-02,Fulfilled
O00380,C0724,P007,W1,2025-10-12,13,2025-10-15,Fulfilled
O00381,C0125,P016,W3,2026-03-05,15,2026-03-09,Fulfilled
O00382,C0251,P005,W1,2026-05-26,24,2026-05-27,Fulfilled
O00383,C0161,P007,W2,2026-06-23,5,2026-06-25,Fulfilled
O00384,C0678,P006,W1,2026-02-08,9,2026-02-15,Fulfilled
O00385,C0432,P009,W2,2026-04-26,16,2026-04-29,Fulfilled
O00386,C0547,P017,W3,2026-03-21,23,2026-03-22,Fulfilled
O00387,C0735,P010,W2,2026-08-17,6,2026-08-20,Fulfilled
O00388,C0157,P009,W2,2026-04-27,17,2026-04-29,Fulfilled
O00389,C0771,P013,W2,2026-01-31,22,2026-02-01,Fulfilled
O00390,C0102,P016,W3,2026-08-20,16,2026-08-26,Fulfilled
O00391,C0603,P001,W1,2025-10-10,11,2025-10-13,Fulfilled
O00392,C0562,P023,W1,2026-08-26,6,2026-08-27,Fulfilled
O00393,C0660,P023,W1,2025-10-27,7,2025-10-31,Fulfilled
O00394,C0127,P016,W4,2025-12-15,2,2025-12-18,Fulfilled
O00395,C0767,P015,W3,2026-06-27,4,2026-06-29,Fulfilled
O00396,C0635,P018,W1,2026-05-26,11,2026-06-05,Fulfilled
O00397,C0089,P012,W2,2026-08-21,4,2026-08-25,Fulfilled
O00398,C0446,P010,W2,2026-06-01,1,,Backordered
O00399,C0654,P009,W1,2026-04-21,17,2026-04-25,Fulfilled
O00400,C0382,P004,W4,2026-01-05,2,,Cancelled
O00401,C0305,P022,W4,2025-09-02,4,2025-09-03,Fulfilled
O00402,C0221,P009,W1,2025-10-16,15,2025-10-17,Fulfilled
O00403,C0413,P008,W1,2025-12-18,23,2025-12-22,Fulfilled
O00404,C0787,P025,W2,2025-09-15,18,2025-09-17,Fulfilled
O00405,C0486,P013,W3,2026-03-05,1,2026-03-07,Fulfilled
O00406,C0578,P016,W4,2026-06-11,5,2026-06-15,Fulfilled
O00407,C0623,P007,W2,2026-08-18,18,2026-08-19,Fulfilled
O00408,C0622,P007,W2,2026-02-26,18,,Backordered
O00409,C0320,P019,W1,2026-07-17,10,2026-07-19,Fulfilled
O00410,C0615,P012,W1,2026-08-26,23,2026-08-28,Fulfilled
O00411,C0263,P004,W1,2026-07-11,22,,Backordered
O00412,C0467,P021,W2,2026-02-17,18,2026-02-20,Fulfilled
O00413,C0242,P011,W3,2025-12-28,18,2025-12-30,Fulfilled
O00414,C0751,P017,W1,2026-08-23,19,2026-08-24,Fulfilled
O00415,C0584,P009,W1,2025-11-28,4,2025-12-01,Fulfilled
O00416,C0467,P015,W4,2026-01-29,17,2026-02-01,Fulfilled
O00417,C0361,P020,W4,2025-09-28,23,2025-10-01,Fulfilled
O00418,C0416,P023,W3,2026-06-17,6,2026-06-19,Fulfilled
O00419,C0624,P006,W3,2026-04-26,1,2026-05-04,Fulfilled
O00420,C0219,P017,W3,2025-10-01,9,2025-10-04,Fulfilled
O00421,C0662,P023,W2,2025-11-21,7,2025-11-28,Fulfilled
O00422,C0226,P017,W1,2026-03-22,23,2026-03-25,Fulfilled
O00423,C0114,P004,W2,2026-03-17,11,2026-03-19,Fulfilled
O00424,C0589,P005,W3,2026-06-20,16,2026-06-22,Fulfilled
O00425,C0566,P006,W3,2025-12-07,24,2025-12-10,Fulfilled
O00426,C0268,P003,W3,2026-08-04,19,2026-08-07,Fulfilled
O00427,C0519,P019,W3,2026-02-10,18,2026-02-13,Fulfilled
O00428,C0583,P025,W1,2026-06-28,24,2026-07-01,Fulfilled
O00429,C0630,P013,W3,2025-11-27,17,2025-11-29,Fulfilled
O00430,C0762,P015,W4,2025-09-14,6,2025-09-15,Fulfilled
O00431,C0683,P020,W3,2025-09-21,18,2025-09-23,Fulfilled
O00432,C0352,P011,W3,2026-01-15,8,2026-01-27,Fulfilled
O00433,C0184,P012,W1,2026-08-14,8,2026-08-17,Fulfilled
O00434,C0078,P015,W4,2025-09-18,16,2025-09-22,Fulfilled
O00435,C0459,P008,W2,2026-01-13,8,2026-01-16,Fulfilled
O00436,C0533,P002,W2,2025-10-10,1,,Backordered
O00437,C0553,P015,W2,2026-08-07,24,2026-08-08,Fulfilled
O00438,C0008,P021,W1,2026-05-05,14,2026-05-08,Fulfilled
O00439,C0561,P002,W4,2026-06-06,17,2026-06-07,Fulfilled
O00440,C0629,P006,W3,2026-05-19,20,2026-05-20,Fulfilled
O00441,C0577,P007,W2,2026-04-28,16,,Backordered
O00442,C0420,P021,W4,2026-06-10,15,2026-06-12,Fulfilled
O00443,C0013,P013,W1,2025-09-03,20,2025-09-04,Fulfilled
O00444,C0392,P014,W2,2026-07-13,8,2026-07-15,Fulfilled
O00445,C0516,P017,W3,2026-05-29,20,2026-05-30,Fulfilled
O00446,C0455,P007,W1,2026-05-28,18,2026-05-29,Fulfilled
O00447,C0460,P018,W3,2026-01-22,5,2026-01-24,Fulfilled
O00448,C0413,P001,W4,2026-06-20,4,2026-06-22,Fulfilled
O00449,C0442,P003,W3,2026-01-18,22,2026-01-20,Fulfilled
O00450,C0259,P021,W1,2025-09-18,22,2025-09-20,Fulfilled
O00451,C0484,P017,W3,2026-07-29,24,2026-08-08,Fulfilled
O00452,C0225,P005,W2,2025-11-25,3,2025-12-03,Fulfilled
O00453,C0393,P011,W3,2025-10-08,22,,Backordered
O00454,C0332,P002,W3,2026-04-15,21,2026-04-24,Fulfilled
O00455,C0571,P017,W1,2025-11-25,19,2025-11-26,Fulfilled
O00456,C0716,P019,W1,2026-07-11,12,2026-07-12,Fulfilled
O00457,C0506,P007,W1,2026-02-09,13,2026-02-17,Fulfilled
O00458,C0109,P009,W1,2025-09-02,11,2025-09-05,Fulfilled
O00459,C0534,P006,W2,2026-08-14,1,2026-08-22,Fulfilled
O00460,C0260,P010,W1,2026-03-07,13,2026-03-19,Fulfilled
O00461,C0040,P007,W4,2025-12-05,6,2025-12-07,Fulfilled
O00462,C0154,P007,W4,2026-05-06,5,2026-05-09,Fulfilled
O00463,C0799,P011,W1,2026-03-13,2,2026-03-16,Fulfilled
O00464,C0342,P022,W2,2025-09-11,11,2025-09-12,Fulfilled
O00465,C0162,P020,W3,2026-06-05,2,2026-06-09,Fulfilled
O00466,C0107,P008,W3,2026-01-25,21,2026-01-28,Fulfilled
O00467,C0520,P024,W3,2026-05-14,22,2026-05-15,Fulfilled
O00468,C0608,P006,W4,2026-07-24,20,2026-07-28,Fulfilled
O00469,C0283,P023,W3,2026-04-11,8,2026-04-14,Fulfilled
O00470,C0083,P008,W3,2026-05-04,4,2026-05-08,Fulfilled
O00471,C0284,P014,W3,2025-12-02,13,2025-12-06,Fulfilled
O00472,C0532,P006,W3,2025-11-26,17,2025-11-28,Fulfilled
O00473,C0092,P020,W2,2026-01-30,1,2026-02-09,Fulfilled
O00474,C0214,P008,W3,2026-07-09,21,2026-07-10,Fulfilled
O00475,C0002,P022,W4,2026-03-11,11,2026-03-13,Fulfilled
O00476,C0378,P003,W2,2026-01-06,20,2026-01-16,Fulfilled
O00477,C0137,P013,W1,2026-06-12,2,2026-06-15,Fulfilled
O00478,C0160,P004,W3,2026-07-09,11,2026-07-10,Fulfilled
O00479,C0091,P023,W4,2026-07-27,11,2026-07-28,Fulfilled
O00480,C0584,P011,W4,2025-12-19,2,2025-12-23,Fulfilled
O00481,C0392,P017,W3,2026-05-18,17,2026-05-22,Fulfilled
O00482,C0758,P022,W4,2026-04-04,23,2026-04-07,Fulfilled
O00483,C0316,P014,W2,2026-02-11,13,2026-02-14,Fulfilled
O00484,C0178,P002,W2,2026-01-23,10,2026-01-27,Fulfilled
O00485,C0164,P006,W2,2025-10-12,16,2025-10-13,Fulfilled
O00486,C0762,P006,W2,2025-12-10,9,2025-12-14,Fulfilled
O00487,C0472,P023,W3,2026-03-20,9,2026-03-21,Fulfilled
O00488,C0260,P023,W4,2026-07-21,19,2026-07-24,Fulfilled
O00489,C0523,P012,W2,2026-07-14,15,2026-07-24,Fulfilled
O00490,C0446,P023,W1,2025-11-08,7,2025-11-12,Fulfilled
O00491,C0092,P007,W4,2026-05-06,10,2026-05-07,Fulfilled
O00492,C0561,P017,W4,2025-10-01,21,2025-10-04,Fulfilled
O00493,C0096,P010,W4,2026-05-05,13,2026-05-10,Fulfilled
O00494,C0160,P007,W2,2026-01-03,2,2026-01-04,Fulfilled
O00495,C0570,P007,W3,2026-02-12,21,2026-02-14,Fulfilled
O00496,C0356,P011,W3,2026-05-20,18,2026-05-24,Fulfilled
O00497,C0178,P009,W4,2026-02-03,7,2026-02-05,Fulfilled
O00498,C0055,P006,W4,2026-06-22,24,2026-06-25,Fulfilled
O00499,C0475,P009,W4,2026-03-14,23,2026-03-17,Fulfilled
O00500,C0557,P004,W2,2026-08-31,24,,Backordered
O00501,C0163,P025,W1,2026-04-21,10,2026-04-28,Fulfilled
O00502,C0333,P010,W1,2025-12-18,23,,Backordered
O00503,C0276,P003,W4,2026-06-10,20,2026-06-14,Fulfilled
O00504,C0713,P015,W4,2026-01-27,21,2026-02-01,Fulfilled
O00505,C0632,P023,W1,2026-03-14,14,2026-03-15,Fulfilled
O00506,C0219,P009,W2,2025-10-20,7,2025-10-24,Fulfilled
O00507,C0411,P022,W1,2025-10-14,6,2025-10-18,Fulfilled
O00508,C0738,P016,W2,2026-03-29,24,2026-03-30,Fulfilled
O00509,C0277,P019,W3,2025-11-08,13,2025-11-12,Fulfilled
O00510,C0113,P008,W3,2026-08-31,23,2026-09-03,Fulfilled
O00511,C0239,P001,W2,2026-07-10,14,2026-07-12,Fulfilled
O00512,C0485,P009,W2,2026-05-14,13,2026-05-17,Fulfilled
O00513,C0793,P024,W3,2026-05-27,2,2026-05-28,Fulfilled
O00514,C0246,P020,W3,2026-04-06,10,2026-04-07,Fulfilled
O00515,C0047,P020,W1,2025-09-23,14,2025-09-24,Fulfilled
O00516,C0146,P022,W1,2026-01-22,3,2026-01-23,Fulfilled
O00517,C0330,P010,W2,2026-02-28,4,2026-03-03,Fulfilled
O00518,C0076,P009,W2,2026-08-01,15,2026-08-05,Fulfilled
O00519,C0028,P024,W4,2025-11-20,6,2025-11-26,Fulfilled
O00520,C0524,P015,W4,2026-03-01,17,2026-03-02,Fulfilled
O00521,C0659,P008,W3,2026-01-04,12,2026-01-06,Fulfilled
O00522,C0187,P007,W1,2025-10-20,10,2025-10-23,Fulfilled
O00523,C0418,P022,W1,2025-10-08,3,2025-10-12,Fulfilled
O00524,C0458,P002,W2,2026-01-12,10,2026-01-24,Fulfilled
O00525,C0534,P002,W3,2025-10-01,14,2025-10-03,Fulfilled
O00526,C0783,P019,W3,2025-09-25,14,2025-09-28,Fulfilled
O00527,C0708,P001,W1,2026-01-07,7,,Backordered
O00528,C0253,P005,W4,2025-11-13,1,2025-11-15,Fulfilled
O00529,C0780,P025,W2,2026-03-22,23,2026-03-25,Fulfilled
O00530,C0028,P011,W3,2025-09-07,23,2025-09-08,Fulfilled
O00531,C0769,P019,W1,2025-12-20,22,2025-12-21,Fulfilled
O00532,C0115,P013,W4,2026-02-13,7,2026-02-17,Fulfilled
O00533,C0092,P003,W3,2026-08-18,15,2026-08-19,Fulfilled
O00534,C0096,P005,W1,2026-04-20,4,2026-04-21,Fulfilled
O00535,C0098,P020,W2,2026-07-19,22,2026-07-22,Fulfilled
O00536,C0371,P003,W2,2026-01-04,1,2026-01-12,Fulfilled
O00537,C0512,P015,W1,2026-02-12,12,2026-02-16,Fulfilled
O00538,C0595,P009,W4,2026-02-01,21,2026-02-05,Fulfilled
O00539,C0013,P010,W4,2026-07-21,18,2026-07-25,Fulfilled
O00540,C0237,P024,W4,2026-08-17,21,2026-08-23,Fulfilled
O00541,C0106,P016,W2,2026-08-18,12,2026-08-22,Fulfilled
O00542,C0117,P016,W3,2026-06-02,3,2026-06-04,Fulfilled
O00543,C0597,P009,W2,2026-03-03,1,2026-03-04,Fulfilled
O00544,C0512,P010,W2,2026-03-17,4,2026-03-21,Fulfilled
O00545,C0168,P018,W3,2026-08-24,2,2026-08-27,Fulfilled
O00546,C0241,P001,W2,2025-12-13,11,2025-12-14,Fulfilled
O00547,C0740,P006,W4,2026-01-05,2,2026-01-09,Fulfilled
O00548,C0460,P016,W1,2026-07-25,5,,Backordered
O00549,C0191,P016,W1,2026-01-20,11,2026-01-23,Fulfilled
O00550,C0747,P003,W4,2025-11-25,18,2025-11-27,Fulfilled
O00551,C0159,P020,W4,2026-03-24,17,2026-03-25,Fulfilled
O00552,C0233,P014,W4,2025-12-28,2,2026-01-01,Fulfilled
O00553,C0554,P006,W2,2026-07-23,22,2026-07-26,Fulfilled
O00554,C0410,P019,W2,2026-07-29,14,2026-08-02,Fulfilled
O00555,C0056,P025,W1,2025-12-21,9,2026-01-02,Fulfilled
O00556,C0645,P011,W2,2026-03-13,10,,Cancelled
O00557,C0183,P008,W3,2026-08-26,21,2026-08-30,Fulfilled
O00558,C0553,P008,W2,2026-05-29,12,2026-06-02,Fulfilled
O00559,C0268,P015,W2,2025-11-18,6,2025-11-21,Fulfilled
O00560,C0601,P002,W1,2026-04-04,11,2026-04-05,Fulfilled
O00561,C0718,P013,W2,2026-04-15,2,2026-04-17,Fulfilled
O00562,C0618,P001,W3,2026-04-27,4,2026-04-30,Fulfilled
O00563,C0737,P001,W3,2025-09-10,8,2025-09-11,Fulfilled
O00564,C0432,P011,W3,2025-12-19,6,2025-12-20,Fulfilled
O00565,C0052,P019,W4,2026-07-09,9,2026-07-16,Fulfilled
O00566,C0429,P023,W1,2025-11-28,2,2025-12-06,Fulfilled
O00567,C0369,P003,W2,2025-12-19,15,2025-12-21,Fulfilled
O00568,C0575,P007,W3,2025-12-27,3,2025-12-31,Fulfilled
O00569,C0199,P011,W2,2025-11-04,6,2025-11-17,Fulfilled
O00570,C0558,P015,W4,2025-10-27,24,2025-10-29,Fulfilled
O00571,C0353,P025,W1,2026-01-05,1,2026-01-06,Fulfilled
O00572,C0536,P018,W1,2026-07-17,7,2026-07-21,Fulfilled
O00573,C0336,P014,W2,2025-09-01,13,2025-09-05,Fulfilled
O00574,C0306,P002,W2,2025-12-13,8,2025-12-16,Fulfilled
O00575,C0172,P003,W4,2025-09-23,8,,Backordered
O00576,C0663,P004,W2,2026-03-24,4,2026-03-25,Fulfilled
O00577,C0055,P017,W2,2025-12-01,11,2025-12-03,Fulfilled
O00578,C0189,P009,W1,2026-06-17,19,2026-06-20,Fulfilled
O00579,C0341,P007,W2,2026-04-02,15,,Backordered
O00580,C0125,P017,W3,2026-06-14,23,2026-06-18,Fulfilled
O00581,C0733,P021,W3,2026-04-20,17,2026-04-23,Fulfilled
O00582,C0276,P011,W3,2026-02-08,19,2026-02-10,Fulfilled
O00583,C0194,P023,W2,2026-07-12,11,2026-07-17,Fulfilled
O00584,C0203,P019,W1,2026-02-21,15,2026-02-22,Fulfilled
O00585,C0154,P018,W1,2026-08-13,14,2026-08-16,Fulfilled
O00586,C0530,P022,W1,2026-08-30,20,2026-09-03,Fulfilled
O00587,C0385,P005,W3,2026-04-03,13,2026-04-04,Fulfilled
O00588,C0185,P019,W4,2026-05-05,10,2026-05-07,Fulfilled
O00589,C0698,P024,W4,2025-12-03,2,2025-12-06,Fulfilled
O00590,C0525,P025,W2,2026-06-25,21,2026-06-27,Fulfilled
O00591,C0322,P015,W1,2026-05-04,11,2026-05-14,Fulfilled
O00592,C0411,P019,W3,2026-07-27,20,2026-07-30,Fulfilled
O00593,C0525,P023,W1,2025-12-07,17,2025-12-16,Fulfilled
O00594,C0122,P022,W3,2026-06-15,1,2026-06-18,Fulfilled
O00595,C0646,P023,W2,2026-02-19,16,2026-02-22,Fulfilled
O00596,C0207,P021,W4,2025-11-07,12,2025-11-09,Fulfilled
O00597,C0024,P010,W3,2025-11-02,6,2025-11-03,Fulfilled
O00598,C0417,P019,W3,2026-03-25,7,2026-03-26,Fulfilled
O00599,C0701,P011,W2,2025-12-26,16,2025-12-27,Fulfilled
O00600,C0586,P021,W4,2025-10-08,3,,Backordered
O00601,C0247,P021,W3,2026-02-03,15,,Cancelled
O00602,C0319,P024,W3,2026-04-27,21,2026-04-29,Fulfilled
O00603,C0477,P015,W2,2025-12-26,3,2025-12-29,Fulfilled
O00604,C0187,P012,W2,2026-08-15,1,2026-08-18,Fulfilled
O00605,C0656,P005,W4,2026-06-12,2,,Cancelled
O00606,C0236,P016,W2,2026-03-07,18,2026-03-11,Fulfilled
O00607,C0174,P015,W1,2026-08-08,21,2026-08-10,Fulfilled
O00608,C0076,P013,W2,2026-02-06,24,2026-02-07,Fulfilled
O00609,C0554,P017,W2,2025-10-21,1,2025-10-26,Fulfilled
O00610,C0021,P022,W2,2025-09-14,12,2025-09-18,Fulfilled
O00611,C0644,P004,W1,2026-08-09,2,2026-08-16,Fulfilled
O00612,C0778,P011,W1,2026-08-17,9,2026-08-21,Fulfilled
O00613,C0089,P019,W2,2026-05-28,8,2026-05-30,Fulfilled
O00614,C0078,P021,W2,2025-10-08,15,2025-10-12,Fulfilled
O00615,C0747,P020,W1,2025-12-17,22,2025-12-19,Fulfilled
O00616,C0100,P020,W2,2025-09-15,20,2025-09-16,Fulfilled
O00617,C0326,P022,W2,2025-09-19,2,2025-09-23,Fulfilled
O00618,C0696,P025,W1,2025-11-29,6,2025-12-01,Fulfilled
O00619,C0112,P016,W2,2026-03-28,7,2026-03-31,Fulfilled
O00620,C0531,P007,W2,2025-09-24,7,2025-10-06,Fulfilled
O00621,C0306,P015,W1,2026-08-26,9,2026-08-27,Fulfilled
O00622,C0349,P018,W4,2026-02-14,15,2026-02-18,Fulfilled
O00623,C0744,P003,W1,2025-12-06,18,2025-12-07,Fulfilled
O00624,C0519,P019,W3,2026-03-08,23,2026-03-12,Fulfilled
O00625,C0256,P014,W3,2026-06-16,17,2026-06-18,Fulfilled
O00626,C0748,P024,W4,2025-12-24,8,2025-12-26,Fulfilled
O00627,C0465,P006,W3,2025-09-18,5,2025-09-20,Fulfilled
O00628,C0080,P023,W3,2025-09-19,10,2025-09-22,Fulfilled
O00629,C0314,P012,W4,2026-07-08,20,2026-07-09,Fulfilled
O00630,C0195,P015,W4,2025-10-11,24,,Backordered
O00631,C0514,P017,W1,2026-04-20,10,2026-04-23,Fulfilled
O00632,C0688,P015,W4,2026-01-19,5,2026-01-22,Fulfilled
O00633,C0032,P023,W2,2026-06-11,1,2026-06-15,Fulfilled
O00634,C0624,P005,W1,2025-09-23,2,,Backordered
O00635,C0733,P019,W3,2026-07-25,16,2026-07-29,Fulfilled
O00636,C0795,P025,W4,2026-05-13,15,2026-05-17,Fulfilled
O00637,C0529,P006,W1,2026-02-11,16,2026-02-19,Fulfilled
O00638,C0251,P007,W1,2025-11-15,1,2025-11-17,Fulfilled
O00639,C0117,P012,W4,2026-08-23,11,2026-08-27,Fulfilled
O00640,C0755,P019,W3,2025-12-20,5,2025-12-24,Fulfilled
O00641,C0330,P024,W1,2026-02-27,9,2026-03-02,Fulfilled
O00642,C0275,P020,W4,2026-01-22,15,2026-01-23,Fulfilled
O00643,C0587,P020,W2,2025-11-24,7,2025-11-25,Fulfilled
O00644,C0572,P012,W2,2026-01-31,16,2026-02-02,Fulfilled
O00645,C0647,P017,W2,2025-10-26,7,,Backordered
O00646,C0706,P006,W3,2025-09-01,13,2025-09-04,Fulfilled
O00647,C0701,P012,W1,2025-12-15,12,2025-12-19,Fulfilled
O00648,C0137,P005,W2,2025-10-11,10,2025-10-14,Fulfilled
O00649,C0136,P001,W2,2026-01-30,4,2026-02-02,Fulfilled
O00650,C0165,P022,W1,2026-07-12,14,2026-07-16,Fulfilled
O00651,C0502,P021,W4,2025-10-30,24,2025-11-03,Fulfilled
O00652,C0465,P013,W1,2025-09-01,16,2025-09-04,Fulfilled
O00653,C0685,P001,W4,2025-10-11,18,2025-10-14,Fulfilled
O00654,C0675,P003,W1,2026-03-05,20,2026-03-06,Fulfilled
O00655,C0650,P003,W2,2025-12-10,1,2025-12-13,Fulfilled
O00656,C0064,P018,W1,2026-02-26,20,2026-02-27,Fulfilled
O00657,C0556,P006,W2,2025-09-11,6,2025-09-13,Fulfilled
O00658,C0680,P007,W3,2025-12-31,16,2026-01-06,Fulfilled
O00659,C0785,P022,W1,2026-01-28,24,2026-01-29,Fulfilled
O00660,C0275,P022,W3,2026-02-05,22,2026-02-08,Fulfilled
O00661,C0621,P020,W4,2026-03-21,10,2026-03-30,Fulfilled
O00662,C0325,P008,W2,2026-06-12,21,2026-06-15,Fulfilled
O00663,C0129,P015,W1,2026-02-18,15,2026-02-20,Fulfilled
O00664,C0272,P006,W3,2026-07-05,4,2026-07-07,Fulfilled
O00665,C0201,P022,W1,2026-03-13,6,2026-03-15,Fulfilled
O00666,C0729,P003,W1,2025-12-05,23,2025-12-06,Fulfilled
O00667,C0141,P019,W2,2025-11-23,22,2025-11-24,Fulfilled
O00668,C0105,P013,W2,2025-12-27,22,2025-12-31,Fulfilled
O00669,C0464,P019,W1,2026-04-07,10,2026-04-08,Fulfilled
O00670,C0459,P012,W4,2025-11-28,8,2025-11-30,Fulfilled
O00671,C0449,P004,W3,2026-07-31,20,2026-08-01,Fulfilled
O00672,C0119,P019,W4,2026-02-23,1,2026-02-26,Fulfilled
O00673,C0399,P016,W2,2026-07-13,22,2026-07-16,Fulfilled
O00674,C0742,P012,W2,2026-05-08,15,2026-05-10,Fulfilled
O00675,C0072,P010,W4,2025-12-31,16,2026-01-11,Fulfilled
O00676,C0638,P009,W1,2025-11-23,11,2025-11-25,Fulfilled
O00677,C0101,P013,W2,2026-05-30,24,2026-06-02,Fulfilled
O00678,C0187,P007,W4,2025-12-30,18,2026-01-01,Fulfilled
O00679,C0718,P008,W2,2025-11-30,2,2025-12-03,Fulfilled
O00680,C0238,P007,W4,2026-08-06,13,2026-08-07,Fulfilled
O00681,C0418,P001,W2,2026-02-24,21,2026-03-07,Fulfilled
O00682,C0305,P024,W2,2025-09-18,2,2025-09-21,Fulfilled
O00683,C0491,P006,W4,2026-02-28,18,2026-03-09,Fulfilled
O00684,C0324,P005,W1,2026-02-16,6,2026-02-18,Fulfilled
O00685,C0355,P004,W4,2026-07-13,13,2026-07-15,Fulfilled
O00686,C0654,P025,W1,2026-05-18,22,2026-05-20,Fulfilled
O00687,C0443,P012,W2,2025-11-09,12,2025-11-19,Fulfilled
O00688,C0452,P009,W3,2025-10-25,1,,Backordered
O00689,C0644,P011,W3,2026-04-09,1,2026-04-12,Fulfilled
O00690,C0342,P003,W4,2025-09-18,18,2025-09-20,Fulfilled
O00691,C0659,P008,W4,2025-12-26,23,2025-12-28,Fulfilled
O00692,C0575,P007,W3,2025-10-21,8,2025-10-24,Fulfilled
O00693,C0707,P021,W3,2025-09-08,23,2025-09-11,Fulfilled
O00694,C0366,P002,W2,2026-08-02,11,2026-08-04,Fulfilled
O00695,C0447,P011,W4,2025-10-03,2,,Cancelled
O00696,C0103,P020,W3,2025-09-04,13,2025-09-06,Fulfilled
O00697,C0089,P021,W1,2026-08-07,24,2026-08-12,Fulfilled
O00698,C0086,P013,W4,2025-11-08,7,2025-11-14,Fulfilled
O00699,C0506,P006,W2,2026-06-26,24,,Backordered
O00700,C0261,P009,W2,2025-09-12,16,2025-09-16,Fulfilled
O00701,C0231,P006,W2,2025-10-27,10,2025-10-31,Fulfilled
O00702,C0482,P017,W4,2025-10-11,17,2025-10-13,Fulfilled
O00703,C0319,P008,W2,2026-05-16,10,2026-05-17,Fulfilled
O00704,C0108,P016,W2,2026-04-15,3,2026-04-18,Fulfilled
O00705,C0446,P017,W1,2026-02-21,21,2026-02-24,Fulfilled
O00706,C0440,P024,W2,2025-11-28,9,2025-12-11,Fulfilled
O00707,C0112,P010,W1,2025-10-03,14,,Backordered
O00708,C0216,P025,W3,2026-03-27,18,2026-03-28,Fulfilled
O00709,C0190,P011,W4,2025-11-24,2,2025-11-28,Fulfilled
O00710,C0556,P018,W2,2026-04-04,18,2026-04-07,Fulfilled
O00711,C0200,P017,W4,2026-05-09,9,2026-05-13,Fulfilled
O00712,C0023,P021,W4,2026-07-08,14,2026-07-09,Fulfilled
O00713,C0214,P012,W1,2026-02-28,11,2026-03-02,Fulfilled
O00714,C0375,P020,W3,2025-09-02,19,2025-09-04,Fulfilled
O00715,C0615,P009,W3,2025-12-12,5,2025-12-14,Fulfilled
O00716,C0042,P013,W2,2026-07-09,3,2026-07-13,Fulfilled
O00717,C0705,P013,W4,2026-03-14,10,2026-03-15,Fulfilled
O00718,C0265,P018,W2,2026-04-14,3,2026-04-15,Fulfilled
O00719,C0274,P016,W1,2026-02-15,6,2026-02-16,Fulfilled
O00720,C0013,P002,W3,2025-10-30,16,2025-11-03,Fulfilled
O00721,C0221,P021,W1,2026-07-25,20,2026-07-31,Fulfilled
O00722,C0375,P019,W2,2026-06-10,17,2026-06-13,Fulfilled
O00723,C0501,P003,W3,2026-08-30,8,2026-08-31,Fulfilled
O00724,C0613,P025,W3,2026-07-10,20,2026-07-12,Fulfilled
O00725,C0418,P017,W2,2025-12-16,10,2025-12-19,Fulfilled
O00726,C0081,P003,W2,2025-12-02,5,,Backordered
O00727,C0313,P013,W1,2025-11-30,19,,Backordered
O00728,C0588,P021,W2,2026-08-02,13,2026-08-05,Fulfilled
O00729,C0511,P007,W3,2026-03-23,9,2026-03-24,Fulfilled
O00730,C0467,P024,W3,2026-02-13,16,2026-02-15,Fulfilled
O00731,C0407,P011,W2,2026-08-20,18,2026-08-23,Fulfilled
O00732,C0404,P006,W1,2026-04-09,6,2026-04-10,Fulfilled
O00733,C0794,P009,W3,2026-07-29,3,2026-07-30,Fulfilled
O00734,C0479,P014,W3,2026-08-26,13,2026-08-28,Fulfilled
O00735,C0478,P018,W1,2025-09-29,2,2025-10-02,Fulfilled
O00736,C0269,P024,W3,2026-01-10,16,,Backordered
O00737,C0392,P005,W1,2026-05-26,11,2026-05-28,Fulfilled
O00738,C0568,P025,W2,2026-06-24,6,2026-06-28,Fulfilled
O00739,C0686,P014,W3,2025-10-25,15,2025-10-27,Fulfilled
O00740,C0623,P004,W3,2025-12-26,10,2025-12-28,Fulfilled
O00741,C0530,P024,W3,2026-03-20,10,2026-03-26,Fulfilled
O00742,C0622,P009,W4,2026-06-19,6,2026-06-21,Fulfilled
O00743,C0027,P016,W1,2025-10-12,17,2025-10-14,Fulfilled
O00744,C0216,P018,W4,2026-04-08,22,2026-04-12,Fulfilled
O00745,C0195,P001,W2,2025-12-18,15,2025-12-19,Fulfilled
O00746,C0523,P006,W2,2025-11-18,6,2025-11-29,Fulfilled
O00747,C0602,P018,W4,2026-03-08,21,2026-03-10,Fulfilled
O00748,C0119,P009,W2,2026-01-30,3,2026-02-03,Fulfilled
O00749,C0155,P001,W1,2026-04-21,7,2026-04-24,Fulfilled
O00750,C0396,P001,W3,2025-12-25,1,2025-12-29,Fulfilled
O00751,C0774,P021,W3,2026-06-28,21,2026-06-29,Fulfilled
O00752,C0003,P004,W3,2025-09-29,2,,Backordered
O00753,C0703,P003,W1,2026-07-12,14,2026-07-16,Fulfilled
O00754,C0155,P015,W3,2025-09-11,5,2025-09-13,Fulfilled
O00755,C0215,P003,W1,2026-05-27,6,2026-05-31,Fulfilled
O00756,C0505,P017,W3,2026-01-05,15,2026-01-08,Fulfilled
O00757,C0583,P014,W3,2026-01-18,20,,Cancelled
O00758,C0699,P017,W4,2025-09-07,1,,Cancelled
O00759,C0005,P013,W4,2026-05-15,4,2026-05-16,Fulfilled
O00760,C0040,P020,W1,2025-10-31,7,2025-11-03,Fulfilled
O00761,C0383,P017,W1,2026-04-29,23,2026-04-30,Fulfilled
O00762,C0447,P011,W3,2026-05-23,2,2026-05-24,Fulfilled
O00763,C0209,P001,W4,2026-07-06,5,2026-07-07,Fulfilled
O00764,C0509,P007,W1,2026-05-17,10,2026-05-21,Fulfilled
O00765,C0212,P004,W2,2025-12-20,8,2025-12-23,Fulfilled
O00766,C0745,P001,W2,2026-05-28,2,2026-05-31,Fulfilled
O00767,C0142,P007,W2,2026-06-29,13,2026-07-02,Fulfilled
O00768,C0524,P006,W3,2025-12-25,15,2025-12-28,Fulfilled
O00769,C0424,P002,W2,2025-10-16,5,2025-10-18,Fulfilled
O00770,C0083,P008,W2,2026-07-22,17,2026-07-24,Fulfilled
O00771,C0484,P013,W4,2025-10-24,2,2025-10-27,Fulfilled
O00772,C0118,P005,W2,2026-04-05,18,2026-04-09,Fulfilled
O00773,C0432,P007,W1,2025-11-26,7,2025-11-30,Fulfilled
O00774,C0508,P001,W4,2025-10-16,6,2025-10-19,Fulfilled
O00775,C0058,P002,W2,2026-06-11,5,2026-06-15,Fulfilled
O00776,C0173,P004,W4,2025-10-23,21,2025-10-27,Fulfilled
O00777,C0237,P012,W4,2026-05-03,13,2026-05-06,Fulfilled
O00778,C0742,P017,W3,2026-05-11,17,2026-05-15,Fulfilled
O00779,C0177,P020,W1,2025-09-22,5,2025-09-23,Fulfilled
O00780,C0736,P016,W4,2025-11-03,2,2025-11-04,Fulfilled
O00781,C0427,P016,W3,2026-06-17,1,2026-06-19,Fulfilled
O00782,C0758,P024,W2,2026-03-05,11,2026-03-06,Fulfilled
O00783,C0665,P007,W4,2025-10-15,8,2025-10-17,Fulfilled
O00784,C0235,P020,W4,2026-08-28,19,2026-08-29,Fulfilled
O00785,C0448,P024,W4,2025-12-06,19,2025-12-10,Fulfilled
O00786,C0573,P015,W1,2025-09-02,8,,Backordered
O00787,C0063,P022,W3,2026-08-04,11,2026-08-05,Fulfilled
O00788,C0530,P004,W2,2025-09-07,10,2025-09-10,Fulfilled
O00789,C0368,P022,W1,2026-03-21,17,2026-03-28,Fulfilled
O00790,C0029,P015,W2,2026-08-29,16,2026-08-31,Fulfilled
O00791,C0693,P006,W1,2026-03-30,16,2026-04-03,Fulfilled
O00792,C0213,P002,W1,2026-04-02,2,2026-04-06,Fulfilled
O00793,C0699,P018,W3,2026-01-20,9,2026-01-24,Fulfilled
O00794,C0166,P011,W3,2025-10-17,24,,Backordered
O00795,C0433,P008,W2,2026-03-29,9,2026-03-31,Fulfilled
O00796,C0297,P010,W1,2026-07-25,5,2026-07-29,Fulfilled
O00797,C0714,P025,W4,2025-10-04,5,2025-10-06,Fulfilled
O00798,C0762,P011,W3,2026-07-19,1,2026-07-21,Fulfilled
O00799,C0616,P002,W3,2026-01-30,19,2026-02-01,Fulfilled
O00800,C0676,P007,W1,2026-03-15,1,2026-03-17,Fulfilled
O00801,C0615,P004,W1,2025-10-31,15,2025-11-03,Fulfilled
O00802,C0235,P018,W1,2026-04-15,10,2026-04-16,Fulfilled
O00803,C0736,P021,W1,2025-11-06,3,2025-11-10,Fulfilled
O00804,C0424,P022,W4,2025-12-09,22,2025-12-21,Fulfilled
O00805,C0275,P016,W2,2026-05-22,18,2026-05-23,Fulfilled
O00806,C0154,P020,W3,2025-09-19,20,2025-09-23,Fulfilled
O00807,C0568,P011,W4,2026-02-11,23,2026-02-14,Fulfilled
O00808,C0222,P016,W4,2026-04-06,22,2026-04-08,Fulfilled
O00809,C0522,P003,W2,2025-10-19,17,2025-10-25,Fulfilled
O00810,C0052,P014,W2,2025-12-17,13,2025-12-20,Fulfilled
O00811,C0508,P014,W2,2026-01-04,17,2026-01-05,Fulfilled
O00812,C0514,P001,W1,2026-05-01,11,2026-05-07,Fulfilled
O00813,C0420,P014,W4,2026-08-23,5,2026-08-26,Fulfilled
O00814,C0525,P019,W3,2026-07-03,10,2026-07-05,Fulfilled
O00815,C0795,P010,W2,2025-11-09,12,2025-11-11,Fulfilled
O00816,C0670,P014,W3,2025-09-07,2,2025-09-10,Fulfilled
O00817,C0352,P008,W3,2025-09-19,21,2025-09-22,Fulfilled
O00818,C0697,P007,W1,2026-04-06,22,2026-04-12,Fulfilled
O00819,C0763,P004,W3,2025-10-28,11,2025-11-01,Fulfilled
O00820,C0128,P009,W4,2025-11-24,12,2025-11-28,Fulfilled
O00821,C0287,P021,W3,2026-07-07,21,2026-07-09,Fulfilled
O00822,C0594,P024,W3,2026-07-16,11,2026-07-19,Fulfilled
O00823,C0412,P016,W1,2026-07-04,17,2026-07-08,Fulfilled
O00824,C0108,P016,W3,2025-12-02,13,2025-12-03,Fulfilled
O00825,C0378,P016,W4,2026-04-15,7,2026-04-18,Fulfilled
O00826,C0299,P012,W2,2026-04-11,20,2026-04-15,Fulfilled
O00827,C0591,P011,W3,2025-11-07,5,2025-11-08,Fulfilled
O00828,C0412,P016,W3,2026-03-22,6,2026-03-27,Fulfilled
O00829,C0112,P020,W1,2026-03-11,17,2026-03-24,Fulfilled
O00830,C0040,P011,W2,2026-01-23,18,2026-01-27,Fulfilled
O00831,C0230,P015,W4,2026-06-02,23,2026-06-06,Fulfilled
O00832,C0126,P012,W4,2026-05-06,18,,Backordered
O00833,C0701,P008,W2,2026-03-14,1,2026-03-15,Fulfilled
O00834,C0217,P008,W2,2026-05-23,21,2026-05-24,Fulfilled
O00835,C0507,P002,W4,2026-06-06,10,2026-06-10,Fulfilled
O00836,C0102,P011,W1,2026-03-26,1,2026-03-29,Fulfilled
O00837,C0353,P018,W2,2025-12-07,14,2025-12-08,Fulfilled
O00838,C0747,P018,W1,2026-06-04,5,2026-06-08,Fulfilled
O00839,C0515,P025,W1,2026-05-20,10,2026-05-21,Fulfilled
O00840,C0231,P001,W3,2026-08-25,12,2026-08-29,Fulfilled
O00841,C0598,P020,W2,2025-10-25,2,2025-10-29,Fulfilled
O00842,C0401,P020,W4,2026-02-01,21,2026-02-05,Fulfilled
O00843,C0188,P011,W4,2026-08-04,13,2026-08-05,Fulfilled
O00844,C0797,P008,W4,2026-03-07,24,2026-03-10,Fulfilled
O00845,C0750,P009,W3,2026-08-11,12,2026-08-15,Fulfilled
O00846,C0453,P018,W3,2025-09-05,15,2025-09-08,Fulfilled
O00847,C0027,P022,W3,2025-09-13,20,,Backordered
O00848,C0329,P017,W4,2026-06-18,6,2026-06-21,Fulfilled
O00849,C0411,P013,W1,2026-01-09,22,,Backordered
O00850,C0743,P017,W3,2026-03-09,5,,Backordered
O00851,C0586,P002,W1,2026-02-04,24,2026-02-06,Fulfilled
O00852,C0178,P016,W2,2026-01-27,16,2026-02-04,Fulfilled
O00853,C0408,P002,W2,2026-08-09,13,2026-08-20,Fulfilled
O00854,C0144,P024,W3,2025-10-05,6,2025-10-17,Fulfilled
O00855,C0379,P023,W4,2026-06-09,14,2026-06-10,Fulfilled
O00856,C0428,P013,W1,2026-07-22,14,2026-07-24,Fulfilled
O00857,C0408,P010,W3,2026-04-28,24,2026-05-01,Fulfilled
O00858,C0342,P019,W1,2026-01-23,21,2026-02-02,Fulfilled
O00859,C0350,P016,W1,2025-10-29,12,2025-11-02,Fulfilled
O00860,C0637,P018,W2,2026-05-08,10,2026-05-09,Fulfilled
O00861,C0405,P013,W3,2026-02-19,10,2026-02-20,Fulfilled
O00862,C0034,P006,W1,2025-10-25,10,2025-10-29,Fulfilled
O00863,C0592,P002,W2,2026-01-10,1,2026-01-12,Fulfilled
O00864,C0494,P008,W4,2026-08-17,1,,Backordered
O00865,C0556,P014,W2,2025-12-06,19,2025-12-09,Fulfilled
O00866,C0568,P011,W4,2025-11-05,7,2025-11-07,Fulfilled
O00867,C0139,P013,W4,2026-05-07,10,2026-05-11,Fulfilled
O00868,C0777,P007,W2,2025-11-12,17,2025-11-14,Fulfilled
O00869,C0792,P024,W3,2026-08-02,15,2026-08-03,Fulfilled
O00870,C0117,P010,W3,2026-07-11,9,2026-07-15,Fulfilled
O00871,C0175,P022,W2,2026-08-25,19,2026-08-28,Fulfilled
O00872,C0197,P010,W2,2026-07-31,4,2026-08-02,Fulfilled
O00873,C0773,P012,W2,2025-11-28,12,,Backordered
O00874,C0746,P016,W1,2025-11-17,3,,Cancelled
O00875,C0212,P007,W1,2026-01-04,13,2026-01-06,Fulfilled
O00876,C0504,P006,W2,2026-02-19,3,2026-03-03,Fulfilled
O00877,C0195,P010,W4,2026-07-19,23,2026-07-23,Fulfilled
O00878,C0031,P021,W1,2026-05-26,16,2026-05-30,Fulfilled
O00879,C0185,P004,W1,2026-04-24,6,2026-04-25,Fulfilled
O00880,C0062,P011,W2,2026-07-18,15,2026-07-19,Fulfilled
O00881,C0678,P017,W3,2026-04-24,9,2026-04-25,Fulfilled
O00882,C0628,P018,W1,2026-01-17,13,2026-01-20,Fulfilled
O00883,C0148,P011,W1,2026-01-29,5,2026-01-31,Fulfilled
O00884,C0454,P003,W1,2026-03-08,13,,Backordered
O00885,C0164,P001,W2,2025-10-03,3,2025-10-04,Fulfilled
O00886,C0452,P012,W1,2026-05-29,4,,Backordered
O00887,C0716,P021,W4,2026-04-27,15,2026-04-29,Fulfilled
O00888,C0704,P001,W4,2026-05-25,13,2026-05-29,Fulfilled
O00889,C0666,P023,W2,2026-03-14,8,2026-03-15,Fulfilled
O00890,C0193,P017,W1,2026-06-13,2,2026-06-15,Fulfilled
O00891,C0153,P001,W1,2026-08-13,11,,Cancelled
O00892,C0129,P009,W2,2026-03-28,23,2026-04-01,Fulfilled
O00893,C0102,P006,W2,2026-02-10,17,2026-02-20,Fulfilled
O00894,C0491,P024,W3,2025-10-09,2,2025-10-12,Fulfilled
O00895,C0527,P014,W2,2026-06-12,23,2026-06-13,Fulfilled
O00896,C0706,P009,W2,2026-07-27,11,2026-07-28,Fulfilled
O00897,C0073,P007,W2,2026-05-14,14,2026-05-16,Fulfilled
O00898,C0212,P015,W3,2026-07-13,1,,Backordered
O00899,C0582,P001,W3,2026-07-12,8,2026-07-15,Fulfilled
O00900,C0545,P007,W1,2026-06-19,19,2026-06-20,Fulfilled
O00901,C0342,P005,W2,2026-03-03,8,2026-03-06,Fulfilled
O00902,C0122,P016,W3,2025-10-07,4,2025-10-09,Fulfilled
O00903,C0387,P017,W3,2025-09-02,3,2025-09-03,Fulfilled
O00904,C0138,P012,W3,2025-11-14,23,2025-11-18,Fulfilled
O00905,C0428,P004,W3,2026-02-05,20,,Backordered
O00906,C0721,P010,W3,2026-05-30,2,2026-05-31,Fulfilled
O00907,C0157,P022,W2,2026-02-14,23,2026-02-16,Fulfilled
O00908,C0095,P006,W3,2025-09-09,20,2025-09-20,Fulfilled
O00909,C0590,P005,W2,2025-11-16,9,2025-11-20,Fulfilled
O00910,C0020,P003,W2,2026-08-24,16,2026-09-02,Fulfilled
O00911,C0786,P021,W1,2026-08-27,7,2026-08-30,Fulfilled
O00912,C0620,P003,W2,2026-01-16,6,2026-01-19,Fulfilled
O00913,C0323,P015,W1,2026-06-21,18,2026-06-25,Fulfilled
O00914,C0290,P025,W1,2026-05-21,5,2026-05-25,Fulfilled
O00915,C0310,P017,W2,2026-08-06,9,2026-08-09,Fulfilled
O00916,C0317,P011,W3,2026-07-21,9,2026-07-24,Fulfilled
O00917,C0671,P006,W4,2026-04-18,4,2026-04-20,Fulfilled
O00918,C0640,P001,W1,2026-01-23,20,2026-01-27,Fulfilled
O00919,C0164,P004,W4,2026-04-17,17,2026-04-21,Fulfilled
O00920,C0144,P024,W2,2025-12-26,21,2025-12-30,Fulfilled
O00921,C0432,P004,W3,2026-01-06,13,,Cancelled
O00922,C0520,P001,W3,2026-04-11,5,2026-04-14,Fulfilled
O00923,C0582,P021,W4,2026-03-28,7,2026-04-01,Fulfilled
O00924,C0251,P011,W1,2026-04-01,9,2026-04-05,Fulfilled
O00925,C0386,P009,W4,2026-01-19,23,2026-01-20,Fulfilled
O00926,C0084,P018,W1,2026-01-28,6,2026-01-29,Fulfilled
O00927,C0365,P014,W4,2025-09-04,17,2025-09-08,Fulfilled
O00928,C0550,P023,W3,2026-04-08,3,2026-04-10,Fulfilled
O00929,C0244,P012,W2,2026-03-30,23,2026-04-03,Fulfilled
O00930,C0255,P018,W2,2026-08-08,16,2026-08-18,Fulfilled
O00931,C0370,P022,W1,2026-03-04,11,2026-03-06,Fulfilled
O00932,C0693,P012,W4,2026-02-18,9,2026-02-22,Fulfilled
O00933,C0483,P008,W3,2025-09-25,9,2025-09-28,Fulfilled
O00934,C0735,P025,W4,2025-11-11,6,2025-11-23,Fulfilled
O00935,C0050,P006,W3,2026-01-02,15,2026-01-04,Fulfilled
O00936,C0679,P001,W4,2026-01-16,21,2026-01-19,Fulfilled
O00937,C0035,P015,W4,2026-01-11,6,2026-01-13,Fulfilled
O00938,C0258,P025,W2,2026-01-22,18,2026-02-02,Fulfilled
O00939,C0341,P003,W3,2026-06-08,14,,Cancelled
O00940,C0190,P022,W2,2025-10-18,19,,Cancelled
O00941,C0791,P021,W4,2025-12-31,19,2026-01-03,Fulfilled
O00942,C0714,P024,W3,2025-10-30,1,2025-11-03,Fulfilled
O00943,C0457,P011,W2,2025-12-22,1,2025-12-26,Fulfilled
O00944,C0362,P007,W3,2026-05-08,22,2026-05-09,Fulfilled
O00945,C0609,P013,W2,2025-09-18,4,2025-09-22,Fulfilled
O00946,C0566,P004,W3,2026-01-02,14,2026-01-04,Fulfilled
O00947,C0385,P022,W2,2025-09-09,19,2025-09-16,Fulfilled
O00948,C0661,P017,W2,2026-08-15,13,2026-08-18,Fulfilled
O00949,C0155,P013,W4,2026-05-24,1,2026-05-28,Fulfilled
O00950,C0222,P013,W1,2025-11-28,1,2025-11-30,Fulfilled
O00951,C0015,P018,W4,2025-11-12,17,2025-11-15,Fulfilled
O00952,C0096,P014,W1,2025-10-07,22,2025-10-10,Fulfilled
O00953,C0159,P021,W1,2026-02-20,9,2026-02-21,Fulfilled
O00954,C0500,P024,W1,2026-06-03,14,2026-06-07,Fulfilled
O00955,C0684,P024,W1,2026-04-02,23,2026-04-03,Fulfilled
O00956,C0472,P016,W1,2026-07-19,20,2026-07-23,Fulfilled
O00957,C0356,P019,W4,2026-01-04,13,2026-01-05,Fulfilled
O00958,C0216,P008,W4,2025-12-11,16,2025-12-12,Fulfilled
O00959,C0082,P001,W3,2026-02-22,24,2026-02-24,Fulfilled
O00960,C0468,P011,W1,2025-11-13,20,2025-11-14,Fulfilled
O00961,C0113,P022,W4,2026-08-23,10,2026-08-24,Fulfilled
O00962,C0632,P004,W3,2025-11-07,17,2025-11-08,Fulfilled
O00963,C0327,P014,W3,2026-02-22,8,2026-02-28,Fulfilled
O00964,C0280,P005,W4,2026-03-10,23,2026-03-12,Fulfilled
O00965,C0022,P011,W2,2025-09-21,3,2025-09-22,Fulfilled
O00966,C0194,P004,W2,2026-02-18,6,2026-02-19,Fulfilled
O00967,C0011,P019,W4,2026-02-13,9,2026-02-21,Fulfilled
O00968,C0580,P021,W3,2025-12-04,5,2025-12-06,Fulfilled
O00969,C0392,P019,W3,2025-10-17,15,2025-10-21,Fulfilled
O00970,C0628,P018,W3,2025-09-17,18,2025-09-21,Fulfilled
O00971,C0452,P006,W4,2025-09-04,22,2025-09-05,Fulfilled
O00972,C0763,P014,W2,2026-02-23,13,2026-02-27,Fulfilled
O00973,C0627,P003,W1,2025-10-03,15,2025-10-06,Fulfilled
O00974,C0118,P010,W2,2026-08-17,15,2026-08-21,Fulfilled
O00975,C0094,P013,W3,2025-11-29,1,2025-12-01,Fulfilled
O00976,C0711,P017,W4,2026-04-27,18,2026-04-28,Fulfilled
O00977,C0216,P003,W2,2026-05-04,1,2026-05-08,Fulfilled
O00978,C0612,P021,W3,2026-02-28,14,2026-03-03,Fulfilled
O00979,C0503,P012,W4,2026-07-20,24,2026-07-21,Fulfilled
O00980,C0561,P023,W4,2025-10-11,19,2025-10-18,Fulfilled
O00981,C0214,P014,W4,2025-11-25,13,2025-11-26,Fulfilled
O00982,C0251,P014,W4,2025-12-02,8,2025-12-04,Fulfilled
O00983,C0444,P018,W3,2025-10-20,21,2025-10-22,Fulfilled
O00984,C0018,P021,W2,2025-12-17,21,2025-12-19,Fulfilled
O00985,C0250,P004,W2,2025-12-24,9,2025-12-28,Fulfilled
O00986,C0406,P013,W3,2026-06-07,3,2026-06-11,Fulfilled
O00987,C0164,P001,W1,2025-12-20,14,2025-12-23,Fulfilled
O00988,C0229,P012,W3,2026-07-17,16,2026-07-20,Fulfilled
O00989,C0786,P021,W3,2026-06-10,23,2026-06-14,Fulfilled
O00990,C0232,P022,W3,2026-07-27,22,2026-07-29,Fulfilled
O00991,C0722,P008,W2,2025-10-09,6,2025-10-12,Fulfilled
O00992,C0741,P010,W3,2026-08-26,7,2026-08-29,Fulfilled
O00993,C0539,P014,W1,2026-04-13,24,2026-04-15,Fulfilled
O00994,C0123,P010,W3,2026-08-25,8,2026-08-29,Fulfilled
O00995,C0165,P005,W4,2026-01-08,12,2026-01-09,Fulfilled
O00996,C0747,P008,W4,2026-08-14,8,2026-08-15,Fulfilled
O00997,C0002,P011,W4,2026-04-03,10,2026-04-05,Fulfilled
O00998,C0403,P013,W2,2025-09-27,14,,Backordered
O00999,C0477,P024,W1,2026-01-28,8,2026-01-30,Fulfilled
O01000,C0670,P014,W3,2025-10-21,10,2025-10-22,Fulfilled
O01001,C0716,P010,W1,2026-08-10,9,2026-08-14,Fulfilled
O01002,C0227,P017,W2,2025-12-21,3,2025-12-22,Fulfilled
O01003,C0402,P020,W3,2025-11-21,19,2025-11-22,Fulfilled
O01004,C0507,P011,W3,2026-03-21,22,2026-03-25,Fulfilled
O01005,C0772,P013,W3,2026-02-03,12,2026-02-05,Fulfilled
O01006,C0445,P006,W4,2025-10-06,5,2025-10-07,Fulfilled
O01007,C0098,P022,W1,2026-06-26,16,2026-06-28,Fulfilled
O01008,C0739,P022,W4,2026-07-06,13,2026-07-12,Fulfilled
O01009,C0410,P005,W3,2026-05-30,14,2026-06-03,Fulfilled
O01010,C0144,P009,W2,2026-04-14,15,2026-04-15,Fulfilled
O01011,C0153,P007,W2,2026-01-25,18,2026-01-27,Fulfilled
O01012,C0164,P024,W3,2026-03-17,1,2026-03-20,Fulfilled
O01013,C0577,P002,W3,2026-03-10,3,2026-03-13,Fulfilled
O01014,C0759,P006,W2,2025-10-31,3,2025-11-03,Fulfilled
O01015,C0353,P008,W1,2025-09-30,4,2025-10-02,Fulfilled
O01016,C0079,P015,W1,2025-12-02,24,2025-12-14,Fulfilled
O01017,C0710,P007,W2,2026-02-13,18,2026-02-14,Fulfilled
O01018,C0508,P014,W2,2025-10-29,16,2025-11-02,Fulfilled
O01019,C0457,P019,W3,2025-10-09,17,2025-10-13,Fulfilled
O01020,C0049,P021,W4,2026-07-08,1,2026-07-11,Fulfilled
O01021,C0776,P003,W1,2026-01-15,6,2026-01-17,Fulfilled
O01022,C0062,P004,W2,2026-04-02,20,2026-04-04,Fulfilled
O01023,C0488,P003,W1,2026-03-11,12,2026-03-17,Fulfilled
O01024,C0478,P023,W4,2026-05-27,13,2026-05-28,Fulfilled
O01025,C0411,P017,W3,2026-05-29,19,2026-05-30,Fulfilled
O01026,C0441,P014,W1,2025-12-18,2,2025-12-21,Fulfilled
O01027,C0318,P020,W2,2026-07-07,20,2026-07-10,Fulfilled
O01028,C0458,P015,W3,2026-01-14,17,2026-01-16,Fulfilled
O01029,C0291,P006,W4,2026-07-02,10,,Cancelled
O01030,C0379,P013,W3,2026-01-26,12,2026-01-27,Fulfilled
O01031,C0542,P018,W2,2025-10-11,2,2025-10-15,Fulfilled
O01032,C0594,P001,W3,2026-06-05,5,2026-06-09,Fulfilled
O01033,C0123,P016,W3,2025-09-12,6,2025-09-13,Fulfilled
O01034,C0793,P013,W3,2026-06-09,22,2026-06-20,Fulfilled
O01035,C0078,P002,W1,2025-09-16,3,2025-09-19,Fulfilled
O01036,C0221,P007,W3,2025-11-15,7,2025-11-16,Fulfilled
O01037,C0278,P012,W1,2026-04-09,4,2026-04-10,Fulfilled
O01038,C0259,P009,W4,2026-08-10,7,2026-08-14,Fulfilled
O01039,C0282,P008,W4,2026-01-28,1,2026-01-29,Fulfilled
O01040,C0259,P017,W3,2025-10-15,7,2025-10-18,Fulfilled
O01041,C0349,P011,W3,2025-11-25,18,2025-11-29,Fulfilled
O01042,C0610,P013,W1,2026-07-25,19,2026-07-28,Fulfilled
O01043,C0662,P020,W4,2026-05-24,10,2026-06-03,Fulfilled
O01044,C0279,P003,W2,2025-10-07,17,2025-10-08,Fulfilled
O01045,C0207,P009,W2,2026-01-19,15,,Cancelled
O01046,C0541,P002,W3,2025-12-06,22,2025-12-16,Fulfilled
O01047,C0048,P024,W4,2025-11-04,20,2025-11-11,Fulfilled
O01048,C0357,P005,W2,2026-07-06,6,2026-07-09,Fulfilled
O01049,C0176,P021,W3,2026-04-14,15,2026-04-15,Fulfilled
O01050,C0486,P005,W3,2025-11-05,19,2025-11-07,Fulfilled
O01051,C0063,P009,W2,2026-04-26,8,2026-04-29,Fulfilled
O01052,C0663,P016,W3,2026-01-29,14,2026-02-01,Fulfilled
O01053,C0216,P021,W4,2025-09-23,10,2025-09-26,Fulfilled
O01054,C0411,P005,W2,2026-02-12,8,2026-02-13,Fulfilled
O01055,C0458,P006,W4,2025-11-07,5,2025-11-08,Fulfilled
O01056,C0380,P023,W4,2025-11-29,1,2025-12-03,Fulfilled
O01057,C0358,P009,W4,2026-07-18,18,2026-07-21,Fulfilled
O01058,C0214,P006,W3,2026-05-18,20,2026-05-19,Fulfilled
O01059,C0618,P019,W4,2025-10-19,16,2025-10-23,Fulfilled
O01060,C0413,P003,W3,2026-07-08,6,2026-07-10,Fulfilled
O01061,C0173,P022,W4,2026-03-29,1,2026-03-31,Fulfilled
O01062,C0210,P022,W3,2026-07-17,16,2026-07-18,Fulfilled
O01063,C0351,P022,W4,2026-05-31,5,2026-06-02,Fulfilled
O01064,C0675,P008,W4,2026-01-02,14,2026-01-09,Fulfilled
O01065,C0769,P003,W4,2026-03-15,24,2026-03-16,Fulfilled
O01066,C0311,P011,W3,2026-03-13,1,2026-03-16,Fulfilled
O01067,C0316,P009,W3,2026-05-21,14,2026-05-22,Fulfilled
O01068,C0104,P024,W4,2025-11-30,24,2025-12-01,Fulfilled
O01069,C0437,P016,W2,2025-12-31,9,2026-01-03,Fulfilled
O01070,C0192,P024,W1,2025-11-29,20,2025-12-02,Fulfilled
O01071,C0655,P019,W4,2025-12-18,20,2025-12-21,Fulfilled
O01072,C0428,P018,W3,2025-10-29,12,2025-10-30,Fulfilled
O01073,C0178,P003,W2,2025-09-14,8,2025-09-15,Fulfilled
O01074,C0733,P002,W3,2026-08-10,17,2026-08-12,Fulfilled
O01075,C0652,P002,W1,2025-09-28,15,,Backordered
O01076,C0241,P015,W2,2026-07-22,12,2026-07-26,Fulfilled
O01077,C0096,P006,W2,2025-09-02,5,,Backordered
O01078,C0212,P025,W2,2026-06-11,18,2026-06-14,Fulfilled
O01079,C0301,P004,W4,2025-12-29,6,2026-01-04,Fulfilled
O01080,C0325,P024,W3,2026-03-08,4,2026-03-11,Fulfilled
O01081,C0658,P017,W1,2025-12-13,2,,Backordered
O01082,C0774,P003,W2,2026-02-27,11,2026-03-01,Fulfilled
O01083,C0598,P002,W1,2026-02-12,3,2026-02-14,Fulfilled
O01084,C0676,P010,W4,2026-03-13,9,2026-03-17,Fulfilled
O01085,C0100,P009,W2,2026-01-22,6,2026-01-23,Fulfilled
O01086,C0120,P008,W2,2026-03-15,12,2026-03-19,Fulfilled
O01087,C0726,P014,W2,2026-06-29,19,,Backordered
O01088,C0491,P004,W1,2026-02-06,11,2026-02-09,Fulfilled
O01089,C0189,P004,W4,2026-01-10,14,2026-01-13,Fulfilled
O01090,C0633,P018,W3,2025-10-19,4,2025-10-22,Fulfilled
O01091,C0140,P025,W2,2026-01-10,3,2026-01-13,Fulfilled
O01092,C0614,P007,W2,2025-10-16,24,2025-10-20,Fulfilled
O01093,C0706,P024,W3,2025-11-06,15,2025-11-09,Fulfilled
O01094,C0391,P009,W1,2026-08-14,1,2026-08-16,Fulfilled
O01095,C0525,P009,W4,2025-10-03,14,2025-10-05,Fulfilled
O01096,C0585,P003,W3,2026-02-23,1,2026-02-27,Fulfilled
O01097,C0704,P011,W1,2026-07-02,2,2026-07-04,Fulfilled
O01098,C0467,P013,W3,2026-08-14,9,2026-08-17,Fulfilled
O01099,C0235,P017,W4,2025-10-24,16,2025-11-02,Fulfilled
O01100,C0161,P004,W1,2025-10-30,15,2025-10-31,Fulfilled
O01101,C0285,P005,W3,2026-01-14,19,2026-01-15,Fulfilled
O01102,C0045,P011,W3,2026-03-22,5,2026-03-23,Fulfilled
O01103,C0559,P002,W4,2026-08-17,5,2026-08-18,Fulfilled
O01104,C0296,P004,W3,2025-11-15,13,2025-11-18,Fulfilled
O01105,C0569,P016,W3,2025-10-31,21,,Backordered
O01106,C0050,P024,W4,2025-12-02,18,2025-12-04,Fulfilled
O01107,C0258,P015,W4,2026-07-17,17,2026-07-18,Fulfilled
O01108,C0316,P004,W2,2025-09-11,3,2025-09-14,Fulfilled
O01109,C0070,P025,W3,2026-01-17,22,2026-01-18,Fulfilled
O01110,C0663,P014,W1,2025-10-14,24,2025-10-17,Fulfilled
O01111,C0478,P018,W4,2025-10-28,14,2025-11-01,Fulfilled
O01112,C0675,P005,W4,2026-08-01,9,2026-08-03,Fulfilled
O01113,C0641,P015,W2,2025-09-01,16,2025-09-03,Fulfilled
O01114,C0028,P002,W3,2025-12-27,16,2025-12-30,Fulfilled
O01115,C0692,P016,W4,2026-08-01,23,2026-08-02,Fulfilled
O01116,C0056,P006,W1,2026-04-10,3,2026-04-13,Fulfilled
O01117,C0697,P023,W3,2025-09-27,13,2025-09-29,Fulfilled
O01118,C0536,P002,W4,2026-02-17,18,2026-02-19,Fulfilled
O01119,C0655,P017,W4,2026-08-21,9,2026-08-22,Fulfilled
O01120,C0400,P004,W1,2026-01-25,21,2026-01-29,Fulfilled
O01121,C0128,P018,W4,2026-03-12,2,2026-03-18,Fulfilled
O01122,C0120,P013,W4,2026-03-14,3,2026-03-15,Fulfilled
O01123,C0095,P025,W1,2026-04-30,19,2026-05-08,Fulfilled
O01124,C0644,P017,W3,2025-11-08,4,2025-11-12,Fulfilled
O01125,C0427,P010,W3,2026-07-04,11,2026-07-07,Fulfilled
O01126,C0173,P003,W4,2026-08-27,7,2026-08-28,Fulfilled
O01127,C0100,P015,W1,2025-10-23,17,2025-10-27,Fulfilled
O01128,C0063,P012,W4,2026-06-26,1,2026-06-27,Fulfilled
O01129,C0207,P002,W3,2026-06-26,9,2026-06-27,Fulfilled
O01130,C0599,P015,W2,2026-05-29,24,2026-06-01,Fulfilled
O01131,C0714,P006,W2,2026-01-14,9,2026-01-16,Fulfilled
O01132,C0486,P006,W4,2026-02-19,15,2026-02-26,Fulfilled
O01133,C0796,P001,W4,2026-07-04,24,2026-07-07,Fulfilled
O01134,C0316,P010,W2,2025-10-26,15,2025-11-06,Fulfilled
O01135,C0266,P006,W4,2026-06-30,19,2026-07-04,Fulfilled
O01136,C0554,P002,W3,2026-08-03,24,2026-08-04,Fulfilled
O01137,C0108,P011,W1,2026-05-07,15,2026-05-11,Fulfilled
O01138,C0729,P006,W3,2026-01-03,20,2026-01-06,Fulfilled
O01139,C0624,P004,W4,2026-03-24,13,2026-03-31,Fulfilled
O01140,C0028,P012,W1,2025-09-19,20,2025-09-22,Fulfilled
O01141,C0150,P002,W1,2026-08-07,16,2026-08-11,Fulfilled
O01142,C0502,P025,W1,2026-01-03,9,2026-01-07,Fulfilled
O01143,C0591,P012,W3,2025-09-21,14,2025-09-29,Fulfilled
O01144,C0175,P025,W1,2026-06-17,9,2026-06-19,Fulfilled
O01145,C0597,P023,W4,2026-04-29,10,2026-05-10,Fulfilled
O01146,C0379,P025,W1,2026-04-16,8,2026-04-17,Fulfilled
O01147,C0540,P014,W1,2025-09-20,12,2025-09-28,Fulfilled
O01148,C0339,P011,W2,2026-06-02,9,2026-06-06,Fulfilled
O01149,C0363,P018,W4,2026-04-21,16,2026-04-23,Fulfilled
O01150,C0312,P003,W4,2026-06-17,9,2026-06-18,Fulfilled
O01151,C0126,P022,W2,2026-06-29,12,,Backordered
O01152,C0153,P009,W3,2025-11-17,4,2025-11-20,Fulfilled
O01153,C0134,P001,W4,2025-11-16,10,2025-11-19,Fulfilled
O01154,C0642,P006,W4,2026-08-04,9,,Cancelled
O01155,C0339,P007,W1,2026-03-13,24,2026-03-17,Fulfilled
O01156,C0304,P001,W4,2026-02-07,11,2026-02-10,Fulfilled
O01157,C0684,P017,W4,2025-12-14,1,2025-12-17,Fulfilled
O01158,C0709,P003,W3,2026-04-22,8,2026-05-01,Fulfilled
O01159,C0187,P022,W3,2026-06-03,18,2026-06-07,Fulfilled
O01160,C0284,P012,W2,2025-09-01,4,2025-09-03,Fulfilled
O01161,C0329,P018,W4,2026-03-21,4,2026-04-01,Fulfilled
O01162,C0671,P009,W4,2026-08-29,9,2026-09-01,Fulfilled
O01163,C0537,P004,W3,2025-12-12,9,2025-12-15,Fulfilled
O01164,C0436,P005,W3,2025-12-12,12,2025-12-14,Fulfilled
O01165,C0188,P017,W2,2026-07-18,1,2026-07-21,Fulfilled
O01166,C0309,P018,W3,2025-09-23,18,2025-09-26,Fulfilled
O01167,C0024,P007,W1,2026-01-24,6,2026-01-28,Fulfilled
O01168,C0563,P009,W4,2026-02-15,18,2026-02-17,Fulfilled
O01169,C0735,P024,W3,2026-06-19,14,2026-06-23,Fulfilled
O01170,C0629,P022,W3,2025-10-18,5,2025-10-19,Fulfilled
O01171,C0248,P011,W1,2026-02-06,12,2026-02-10,Fulfilled
O01172,C0386,P007,W3,2025-10-26,1,2025-10-27,Fulfilled
O01173,C0766,P008,W1,2026-06-15,17,2026-06-24,Fulfilled
O01174,C0340,P014,W4,2026-04-19,8,2026-04-20,Fulfilled
O01175,C0671,P015,W3,2026-03-01,10,2026-03-05,Fulfilled
O01176,C0462,P005,W2,2026-01-22,4,2026-01-26,Fulfilled
O01177,C0399,P002,W4,2025-10-26,9,2025-10-30,Fulfilled
O01178,C0468,P013,W4,2026-08-03,10,2026-08-07,Fulfilled
O01179,C0179,P020,W1,2026-04-25,6,2026-04-27,Fulfilled
O01180,C0340,P004,W1,2025-12-26,24,2025-12-27,Fulfilled
O01181,C0244,P011,W2,2026-01-30,7,2026-02-03,Fulfilled
O01182,C0606,P005,W1,2026-05-24,5,2026-05-27,Fulfilled
O01183,C0490,P007,W3,2026-05-21,14,,Cancelled
O01184,C0320,P016,W3,2026-02-16,8,2026-02-19,Fulfilled
O01185,C0658,P008,W3,2025-12-20,11,2025-12-23,Fulfilled
O01186,C0362,P007,W1,2026-04-29,18,2026-05-01,Fulfilled
O01187,C0762,P025,W4,2026-04-29,2,2026-05-06,Fulfilled
O01188,C0484,P005,W4,2026-04-07,13,2026-04-09,Fulfilled
O01189,C0708,P005,W3,2025-09-27,1,2025-09-30,Fulfilled
O01190,C0789,P024,W1,2026-02-20,2,2026-02-23,Fulfilled
O01191,C0262,P014,W2,2026-04-13,3,2026-04-14,Fulfilled
O01192,C0209,P002,W3,2026-08-13,4,2026-08-14,Fulfilled
O01193,C0668,P011,W3,2026-03-11,9,,Backordered
O01194,C0186,P015,W1,2026-01-04,23,2026-01-07,Fulfilled
O01195,C0601,P007,W4,2026-03-22,22,2026-03-25,Fulfilled
O01196,C0142,P014,W4,2025-11-04,3,2025-11-05,Fulfilled
O01197,C0696,P017,W3,2025-10-04,24,2025-10-07,Fulfilled
O01198,C0551,P007,W2,2026-05-06,16,2026-05-07,Fulfilled
O01199,C0417,P021,W3,2026-08-26,14,2026-08-30,Fulfilled
O01200,C0359,P012,W1,2026-07-06,20,,Backordered
O01201,C0510,P025,W3,2026-04-02,12,2026-04-05,Fulfilled
O01202,C0311,P003,W1,2025-09-15,7,2025-09-18,Fulfilled
O01203,C0318,P009,W1,2026-08-27,13,2026-08-29,Fulfilled
O01204,C0164,P019,W3,2026-02-12,18,2026-02-16,Fulfilled
O01205,C0127,P023,W3,2025-12-15,17,2025-12-18,Fulfilled
O01206,C0713,P006,W4,2026-07-23,5,,Backordered
O01207,C0599,P025,W3,2026-05-31,23,2026-06-11,Fulfilled
O01208,C0355,P005,W4,2026-06-01,7,2026-06-10,Fulfilled
O01209,C0665,P011,W4,2025-12-11,20,2025-12-13,Fulfilled
O01210,C0486,P008,W2,2026-08-29,8,2026-09-02,Fulfilled
O01211,C0479,P011,W4,2026-02-13,2,2026-02-14,Fulfilled
O01212,C0090,P023,W2,2026-03-13,24,2026-03-16,Fulfilled
O01213,C0431,P019,W3,2026-06-02,15,2026-06-05,Fulfilled
O01214,C0087,P020,W1,2026-04-29,6,2026-05-03,Fulfilled
O01215,C0547,P007,W1,2025-11-02,1,2025-11-05,Fulfilled
O01216,C0054,P024,W3,2025-12-20,4,2025-12-24,Fulfilled
O01217,C0411,P011,W2,2026-01-10,5,2026-01-12,Fulfilled
O01218,C0294,P017,W3,2026-08-12,23,2026-08-16,Fulfilled
O01219,C0105,P018,W1,2026-05-19,5,2026-05-20,Fulfilled
O01220,C0378,P017,W2,2026-01-12,4,2026-01-16,Fulfilled
O01221,C0161,P016,W3,2026-05-27,21,2026-05-31,Fulfilled
O01222,C0196,P013,W3,2026-05-28,22,,Backordered
O01223,C0712,P017,W4,2026-01-22,6,2026-01-23,Fulfilled
O01224,C0280,P023,W4,2026-01-26,16,2026-01-28,Fulfilled
O01225,C0323,P010,W4,2026-07-24,13,2026-07-25,Fulfilled
O01226,C0006,P013,W1,2026-03-25,14,2026-03-29,Fulfilled
O01227,C0241,P005,W3,2025-10-25,8,2025-11-05,Fulfilled
O01228,C0281,P009,W1,2026-05-21,19,2026-05-25,Fulfilled
O01229,C0575,P020,W2,2026-04-04,22,2026-04-08,Fulfilled
O01230,C0096,P017,W1,2026-03-05,18,2026-03-06,Fulfilled
O01231,C0743,P006,W2,2026-05-23,22,2026-05-27,Fulfilled
O01232,C0103,P014,W1,2026-07-29,3,2026-08-06,Fulfilled
O01233,C0522,P021,W3,2025-12-30,16,2025-12-31,Fulfilled
O01234,C0004,P004,W1,2026-02-01,24,2026-02-03,Fulfilled
O01235,C0655,P002,W3,2025-11-09,13,2025-11-12,Fulfilled
O01236,C0557,P010,W3,2026-04-25,23,,Cancelled
O01237,C0670,P017,W1,2026-01-25,9,2026-01-28,Fulfilled
O01238,C0745,P008,W1,2026-01-03,22,,Cancelled
O01239,C0667,P021,W4,2026-05-13,23,2026-05-15,Fulfilled
O01240,C0497,P022,W3,2026-01-27,15,2026-01-29,Fulfilled
O01241,C0670,P014,W2,2026-02-17,17,2026-02-20,Fulfilled
O01242,C0077,P010,W4,2026-02-08,13,2026-02-15,Fulfilled
O01243,C0516,P002,W1,2025-12-04,8,2025-12-05,Fulfilled
O01244,C0791,P021,W4,2025-10-16,13,2025-10-17,Fulfilled
O01245,C0302,P023,W1,2026-06-29,24,2026-06-30,Fulfilled
O01246,C0780,P012,W3,2025-10-04,1,2025-10-08,Fulfilled
O01247,C0405,P013,W1,2025-12-28,5,2025-12-31,Fulfilled
O01248,C0375,P019,W1,2026-05-02,12,2026-05-04,Fulfilled
O01249,C0240,P018,W2,2025-10-18,9,2025-10-22,Fulfilled
O01250,C0087,P004,W1,2026-04-28,15,2026-04-29,Fulfilled
O01251,C0701,P017,W2,2026-05-26,9,2026-05-27,Fulfilled
O01252,C0576,P024,W1,2026-04-30,16,2026-05-07,Fulfilled
O01253,C0320,P019,W1,2025-12-21,3,2025-12-22,Fulfilled
O01254,C0769,P013,W4,2025-09-08,8,2025-09-12,Fulfilled
O01255,C0147,P014,W4,2026-07-21,17,2026-07-25,Fulfilled
O01256,C0623,P007,W4,2025-12-29,12,2026-01-01,Fulfilled
O01257,C0362,P017,W1,2026-06-21,18,2026-06-25,Fulfilled
O01258,C0499,P007,W2,2025-11-12,16,2025-11-14,Fulfilled
O01259,C0030,P009,W2,2025-10-30,8,2025-10-31,Fulfilled
O01260,C0489,P007,W2,2026-06-12,11,,Backordered
O01261,C0543,P009,W2,2026-08-10,24,2026-08-11,Fulfilled
O01262,C0782,P010,W3,2026-07-12,24,2026-07-16,Fulfilled
O01263,C0277,P003,W2,2026-06-02,1,2026-06-05,Fulfilled
O01264,C0059,P018,W2,2025-11-30,17,2025-12-04,Fulfilled
O01265,C0050,P012,W4,2026-07-31,12,,Backordered
O01266,C0120,P024,W4,2026-05-02,1,2026-05-05,Fulfilled
O01267,C0240,P005,W2,2025-11-02,16,2025-11-04,Fulfilled
O01268,C0664,P017,W1,2025-10-18,1,,Backordered
O01269,C0156,P005,W3,2026-07-15,8,2026-07-18,Fulfilled
O01270,C0116,P014,W2,2025-12-10,17,2025-12-14,Fulfilled
O01271,C0026,P013,W4,2026-06-07,20,,Cancelled
O01272,C0307,P012,W2,2025-10-21,10,2025-10-24,Fulfilled
O01273,C0483,P017,W1,2025-12-12,20,2025-12-15,Fulfilled
O01274,C0225,P021,W1,2025-12-13,21,2025-12-15,Fulfilled
O01275,C0396,P008,W1,2025-12-12,11,2025-12-16,Fulfilled
O01276,C0195,P022,W2,2026-05-05,5,2026-05-09,Fulfilled
O01277,C0640,P005,W2,2026-07-31,16,2026-08-02,Fulfilled
O01278,C0021,P008,W4,2026-07-30,1,2026-08-03,Fulfilled
O01279,C0161,P008,W4,2026-05-29,22,2026-05-31,Fulfilled
O01280,C0453,P024,W1,2025-11-13,10,2025-11-24,Fulfilled
O01281,C0674,P003,W4,2026-08-17,19,2026-08-25,Fulfilled
O01282,C0321,P010,W3,2026-03-17,18,2026-03-21,Fulfilled
O01283,C0056,P011,W2,2026-03-19,12,2026-03-23,Fulfilled
O01284,C0441,P021,W2,2026-05-15,24,2026-05-17,Fulfilled
O01285,C0217,P013,W2,2026-06-08,20,2026-06-11,Fulfilled
O01286,C0244,P025,W1,2026-08-14,22,2026-08-25,Fulfilled
O01287,C0737,P019,W4,2026-04-01,3,2026-04-05,Fulfilled
O01288,C0753,P018,W1,2026-04-11,12,2026-04-12,Fulfilled
O01289,C0207,P019,W1,2026-05-31,23,2026-06-03,Fulfilled
O01290,C0473,P005,W2,2025-12-03,20,2025-12-06,Fulfilled
O01291,C0433,P012,W1,2025-12-22,11,2025-12-24,Fulfilled
O01292,C0769,P015,W1,2026-04-17,2,2026-04-19,Fulfilled
O01293,C0757,P006,W2,2025-09-24,7,2025-09-27,Fulfilled
O01294,C0280,P003,W2,2025-12-26,14,2026-01-05,Fulfilled
O01295,C0021,P004,W1,2026-05-21,16,2026-05-22,Fulfilled
O01296,C0002,P020,W4,2026-08-23,23,2026-08-27,Fulfilled
O01297,C0004,P017,W4,2026-03-09,3,2026-03-11,Fulfilled
O01298,C0625,P008,W3,2026-01-24,10,2026-01-25,Fulfilled
O01299,C0592,P019,W3,2026-02-08,7,2026-02-09,Fulfilled
O01300,C0662,P018,W4,2026-05-09,24,2026-05-13,Fulfilled
O01301,C0112,P021,W2,2026-03-18,4,2026-03-20,Fulfilled
O01302,C0047,P023,W2,2025-09-09,6,2025-09-11,Fulfilled
O01303,C0137,P023,W1,2026-03-16,8,2026-03-18,Fulfilled
O01304,C0500,P005,W3,2026-01-25,3,2026-01-26,Fulfilled
O01305,C0008,P020,W1,2026-05-14,16,2026-05-17,Fulfilled
O01306,C0529,P010,W3,2026-07-17,13,2026-07-18,Fulfilled
O01307,C0711,P011,W4,2026-08-18,14,2026-08-22,Fulfilled
O01308,C0117,P017,W1,2026-04-11,22,2026-04-13,Fulfilled
O01309,C0591,P016,W3,2026-01-11,11,,Cancelled
O01310,C0442,P011,W2,2026-02-10,8,2026-02-12,Fulfilled
O01311,C0755,P025,W2,2025-11-04,10,2025-11-11,Fulfilled
O01312,C0195,P005,W3,2026-08-08,20,2026-08-10,Fulfilled
O01313,C0182,P003,W1,2026-07-07,13,2026-07-08,Fulfilled
O01314,C0014,P001,W4,2026-07-09,5,2026-07-12,Fulfilled
O01315,C0564,P021,W2,2025-12-29,17,,Backordered
O01316,C0693,P011,W2,2025-12-27,18,2025-12-29,Fulfilled
O01317,C0016,P011,W4,2026-07-10,6,2026-07-11,Fulfilled
O01318,C0393,P017,W1,2026-03-18,14,2026-03-19,Fulfilled
O01319,C0579,P011,W2,2026-05-16,14,2026-05-20,Fulfilled
O01320,C0625,P015,W4,2026-02-26,5,2026-02-28,Fulfilled
O01321,C0744,P002,W2,2026-02-09,1,2026-02-11,Fulfilled
O01322,C0578,P004,W1,2026-04-19,18,2026-04-20,Fulfilled
O01323,C0736,P024,W2,2026-06-24,15,2026-06-27,Fulfilled
O01324,C0794,P012,W4,2025-12-31,18,,Backordered
O01325,C0742,P005,W4,2026-06-23,10,2026-06-27,Fulfilled
O01326,C0350,P010,W4,2025-11-29,13,2025-11-30,Fulfilled
O01327,C0326,P009,W2,2026-01-26,24,2026-01-27,Fulfilled
O01328,C0342,P007,W4,2026-07-31,6,,Backordered
O01329,C0760,P008,W2,2026-08-15,16,2026-08-17,Fulfilled
O01330,C0226,P019,W4,2026-08-04,4,2026-08-07,Fulfilled
O01331,C0602,P003,W4,2025-12-25,2,2025-12-26,Fulfilled
O01332,C0500,P008,W1,2026-07-05,23,2026-07-09,Fulfilled
O01333,C0050,P012,W4,2026-08-08,4,2026-08-13,Fulfilled
O01334,C0389,P014,W3,2026-08-24,16,2026-08-28,Fulfilled
O01335,C0156,P023,W3,2025-09-08,13,2025-09-12,Fulfilled
O01336,C0583,P024,W4,2026-05-30,20,2026-06-02,Fulfilled
O01337,C0358,P008,W1,2026-08-30,14,2026-09-01,Fulfilled
O01338,C0285,P014,W3,2026-06-07,17,2026-06-09,Fulfilled
O01339,C0053,P001,W1,2025-11-25,22,2025-11-28,Fulfilled
O01340,C0105,P016,W2,2026-06-06,20,2026-06-07,Fulfilled
O01341,C0611,P004,W1,2025-10-09,18,2025-10-10,Fulfilled
O01342,C0690,P002,W1,2026-02-23,4,2026-02-26,Fulfilled
O01343,C0233,P017,W4,2026-04-17,5,2026-04-18,Fulfilled
O01344,C0662,P005,W2,2026-02-14,12,2026-02-16,Fulfilled
O01345,C0442,P012,W2,2026-05-14,16,2026-05-17,Fulfilled
O01346,C0281,P003,W2,2025-11-27,17,2025-11-29,Fulfilled
O01347,C0361,P019,W3,2026-04-10,19,2026-04-14,Fulfilled
O01348,C0552,P020,W3,2026-04-24,3,2026-04-28,Fulfilled
O01349,C0727,P015,W3,2026-04-20,5,,Backordered
O01350,C0394,P021,W4,2025-12-15,4,2025-12-16,Fulfilled
O01351,C0277,P011,W2,2025-12-21,13,2025-12-25,Fulfilled
O01352,C0609,P005,W4,2025-12-04,16,2025-12-09,Fulfilled
O01353,C0420,P004,W4,2026-02-16,3,2026-02-18,Fulfilled
O01354,C0312,P006,W3,2026-04-02,21,2026-04-14,Fulfilled
O01355,C0368,P006,W1,2026-01-11,8,2026-01-14,Fulfilled
O01356,C0428,P009,W2,2026-01-28,16,2026-01-30,Fulfilled
O01357,C0113,P006,W3,2025-12-14,19,2025-12-23,Fulfilled
O01358,C0047,P015,W2,2025-11-19,1,2025-11-21,Fulfilled
O01359,C0532,P004,W2,2026-04-28,21,2026-05-01,Fulfilled
O01360,C0140,P016,W2,2026-06-25,24,2026-06-26,Fulfilled
O01361,C0425,P009,W1,2025-12-16,24,,Cancelled
O01362,C0625,P018,W1,2026-07-12,4,2026-07-14,Fulfilled
O01363,C0172,P013,W4,2026-03-28,10,2026-03-30,Fulfilled
O01364,C0305,P023,W1,2025-11-01,6,2025-11-05,Fulfilled
O01365,C0782,P011,W4,2026-01-12,11,2026-01-16,Fulfilled
O01366,C0029,P008,W2,2025-09-03,24,2025-09-06,Fulfilled
O01367,C0604,P015,W4,2025-09-15,19,2025-09-22,Fulfilled
O01368,C0134,P017,W2,2026-01-01,19,2026-01-03,Fulfilled
O01369,C0724,P011,W4,2026-02-13,11,,Backordered
O01370,C0329,P014,W3,2026-06-19,23,2026-06-21,Fulfilled
O01371,C0006,P012,W4,2025-10-20,23,2025-10-21,Fulfilled
O01372,C0574,P008,W1,2026-07-04,20,,Backordered
O01373,C0118,P008,W4,2025-11-25,20,2025-11-27,Fulfilled
O01374,C0291,P023,W2,2025-10-21,16,2025-10-24,Fulfilled
O01375,C0402,P017,W2,2026-05-14,3,2026-05-16,Fulfilled
O01376,C0596,P003,W1,2026-06-10,7,2026-06-19,Fulfilled
O01377,C0335,P025,W4,2026-04-09,19,2026-04-12,Fulfilled
O01378,C0686,P018,W3,2025-10-13,8,2025-10-14,Fulfilled
O01379,C0385,P002,W4,2025-10-13,5,2025-10-14,Fulfilled
O01380,C0273,P019,W3,2026-01-21,23,2026-01-24,Fulfilled
O01381,C0270,P015,W1,2026-02-12,12,2026-02-15,Fulfilled
O01382,C0640,P023,W2,2026-08-31,21,2026-09-04,Fulfilled
O01383,C0532,P013,W2,2025-12-14,7,2025-12-17,Fulfilled
O01384,C0102,P013,W1,2025-11-10,9,2025-11-14,Fulfilled
O01385,C0600,P008,W4,2026-08-12,9,2026-08-15,Fulfilled
O01386,C0332,P009,W4,2025-10-27,9,2025-10-31,Fulfilled
O01387,C0279,P016,W3,2025-09-10,11,,Cancelled
O01388,C0078,P021,W3,2026-02-02,8,2026-02-05,Fulfilled
O01389,C0798,P023,W3,2026-01-25,20,,Backordered
O01390,C0042,P020,W3,2026-04-15,8,2026-04-19,Fulfilled
O01391,C0797,P016,W1,2026-07-18,11,2026-07-20,Fulfilled
O01392,C0052,P013,W3,2026-08-07,21,2026-08-11,Fulfilled
O01393,C0404,P009,W4,2025-12-15,11,2025-12-17,Fulfilled
O01394,C0084,P020,W4,2026-08-24,1,2026-08-25,Fulfilled
O01395,C0394,P008,W3,2026-04-19,1,,Backordered
O01396,C0668,P007,W4,2025-09-26,11,2025-10-02,Fulfilled
O01397,C0472,P022,W3,2026-08-09,16,2026-08-10,Fulfilled
O01398,C0435,P015,W2,2025-10-21,23,2025-10-22,Fulfilled
O01399,C0096,P009,W2,2026-04-03,4,2026-04-04,Fulfilled
O01400,C0757,P022,W3,2026-06-16,14,2026-06-20,Fulfilled
O01401,C0300,P025,W4,2025-12-01,7,2025-12-05,Fulfilled
O01402,C0430,P008,W1,2025-12-08,11,2025-12-12,Fulfilled
O01403,C0718,P014,W2,2026-02-21,11,2026-02-22,Fulfilled
O01404,C0503,P013,W3,2026-07-20,8,2026-07-24,Fulfilled
O01405,C0588,P018,W4,2025-11-21,1,2025-11-28,Fulfilled
O01406,C0148,P024,W2,2026-05-01,2,2026-05-03,Fulfilled
O01407,C0368,P014,W3,2026-02-13,13,2026-02-16,Fulfilled
O01408,C0432,P020,W1,2025-10-11,6,2025-10-15,Fulfilled
O01409,C0141,P015,W2,2026-05-18,8,2026-05-20,Fulfilled
O01410,C0308,P023,W4,2026-07-01,3,2026-07-02,Fulfilled
O01411,C0665,P011,W3,2026-03-30,2,2026-04-03,Fulfilled
O01412,C0745,P010,W4,2025-11-04,4,2025-11-05,Fulfilled
O01413,C0658,P011,W1,2025-10-27,10,2025-10-28,Fulfilled
O01414,C0747,P025,W2,2026-02-02,4,2026-02-05,Fulfilled
O01415,C0798,P016,W4,2026-03-04,6,,Backordered
O01416,C0159,P004,W4,2026-03-21,8,2026-03-25,Fulfilled
O01417,C0684,P002,W4,2025-11-28,7,2025-12-02,Fulfilled
O01418,C0496,P013,W2,2026-03-02,1,2026-03-06,Fulfilled
O01419,C0687,P021,W4,2025-12-17,3,2025-12-18,Fulfilled
O01420,C0510,P012,W2,2026-05-09,23,2026-05-11,Fulfilled
O01421,C0100,P015,W4,2026-06-18,17,2026-06-21,Fulfilled
O01422,C0450,P020,W4,2026-04-27,3,2026-04-29,Fulfilled
O01423,C0608,P013,W2,2025-09-01,7,2025-09-04,Fulfilled
O01424,C0100,P023,W2,2026-08-29,10,2026-08-31,Fulfilled
O01425,C0404,P016,W4,2025-09-09,22,,Backordered
O01426,C0523,P019,W2,2026-08-31,22,2026-09-01,Fulfilled
O01427,C0371,P020,W2,2025-09-12,19,2025-09-15,Fulfilled
O01428,C0639,P016,W3,2026-03-08,3,2026-03-12,Fulfilled
O01429,C0102,P002,W4,2025-10-09,12,2025-10-13,Fulfilled
O01430,C0276,P011,W1,2025-10-05,12,2025-10-07,Fulfilled
O01431,C0761,P004,W4,2026-05-08,16,2026-05-11,Fulfilled
O01432,C0412,P013,W2,2026-05-24,21,2026-05-25,Fulfilled
O01433,C0145,P004,W1,2025-10-14,8,,Cancelled
O01434,C0093,P013,W2,2026-08-23,14,2026-08-25,Fulfilled
O01435,C0474,P009,W2,2025-12-26,7,,Cancelled
O01436,C0744,P001,W3,2025-12-26,6,2025-12-29,Fulfilled
O01437,C0040,P004,W3,2025-12-18,8,2025-12-19,Fulfilled
O01438,C0088,P013,W1,2026-02-16,18,2026-02-20,Fulfilled
O01439,C0300,P002,W2,2025-11-04,11,2025-11-07,Fulfilled
O01440,C0167,P022,W1,2026-02-03,17,2026-02-04,Fulfilled
O01441,C0097,P019,W2,2025-11-16,17,2025-11-18,Fulfilled
O01442,C0239,P018,W3,2025-09-19,9,2025-09-20,Fulfilled
O01443,C0514,P005,W4,2026-01-13,23,2026-01-23,Fulfilled
O01444,C0660,P020,W1,2026-05-04,2,2026-05-08,Fulfilled
O01445,C0245,P016,W3,2026-06-06,22,2026-06-10,Fulfilled
O01446,C0560,P010,W2,2026-01-07,1,2026-01-10,Fulfilled
O01447,C0658,P001,W2,2025-12-28,10,2025-12-30,Fulfilled
O01448,C0006,P014,W3,2026-06-15,20,2026-06-17,Fulfilled
O01449,C0682,P020,W1,2026-05-07,17,2026-05-11,Fulfilled
O01450,C0147,P001,W4,2026-07-01,8,2026-07-02,Fulfilled
O01451,C0548,P002,W2,2026-07-28,22,2026-08-01,Fulfilled
O01452,C0600,P010,W1,2026-06-27,4,,Backordered
O01453,C0676,P013,W4,2026-08-08,17,2026-08-12,Fulfilled
O01454,C0323,P012,W4,2026-01-31,13,2026-02-03,Fulfilled
O01455,C0527,P011,W3,2026-01-23,5,2026-01-27,Fulfilled
O01456,C0021,P007,W3,2025-12-27,23,2025-12-28,Fulfilled
O01457,C0358,P002,W1,2025-11-25,19,,Cancelled
O01458,C0771,P001,W2,2026-06-01,1,2026-06-02,Fulfilled
O01459,C0127,P003,W2,2026-05-19,3,2026-05-20,Fulfilled
O01460,C0121,P018,W4,2026-06-20,2,2026-06-21,Fulfilled
O01461,C0560,P020,W2,2025-11-01,10,2025-11-04,Fulfilled
O01462,C0408,P011,W3,2026-02-27,11,2026-02-28,Fulfilled
O01463,C0364,P002,W2,2025-11-21,18,2025-12-03,Fulfilled
O01464,C0199,P011,W3,2026-07-23,17,2026-07-24,Fulfilled
O01465,C0137,P025,W1,2025-12-07,1,2025-12-19,Fulfilled
O01466,C0590,P007,W3,2025-10-23,12,2025-10-24,Fulfilled
O01467,C0286,P013,W1,2026-03-28,19,2026-03-31,Fulfilled
O01468,C0621,P014,W3,2026-07-18,22,2026-07-22,Fulfilled
O01469,C0355,P009,W1,2026-08-01,8,2026-08-05,Fulfilled
O01470,C0318,P011,W4,2025-10-06,2,2025-10-08,Fulfilled
O01471,C0184,P012,W4,2025-12-28,4,2025-12-31,Fulfilled
O01472,C0527,P012,W3,2025-10-27,9,2025-10-29,Fulfilled
O01473,C0228,P018,W4,2025-12-22,11,2025-12-25,Fulfilled
O01474,C0727,P015,W4,2026-03-14,9,2026-03-16,Fulfilled
O01475,C0327,P002,W1,2025-12-12,3,,Backordered
O01476,C0652,P001,W3,2025-09-25,9,2025-09-29,Fulfilled
O01477,C0376,P011,W2,2026-03-06,7,2026-03-09,Fulfilled
O01478,C0332,P023,W4,2025-09-20,12,2025-09-22,Fulfilled
O01479,C0363,P001,W4,2025-11-22,2,2025-11-23,Fulfilled
O01480,C0353,P002,W4,2025-09-01,19,,Cancelled
O01481,C0383,P017,W2,2025-10-02,11,2025-10-08,Fulfilled
O01482,C0709,P012,W1,2026-02-07,8,2026-02-11,Fulfilled
O01483,C0562,P006,W1,2026-07-08,22,2026-07-12,Fulfilled
O01484,C0028,P006,W1,2026-06-10,18,2026-06-14,Fulfilled
O01485,C0047,P017,W4,2025-10-07,4,2025-10-10,Fulfilled
O01486,C0019,P014,W3,2025-09-13,4,2025-09-14,Fulfilled
O01487,C0553,P016,W2,2026-01-02,1,2026-01-03,Fulfilled
O01488,C0165,P008,W2,2026-04-27,14,2026-04-28,Fulfilled
O01489,C0308,P014,W1,2026-05-31,9,2026-06-02,Fulfilled
O01490,C0662,P022,W3,2026-06-28,10,2026-07-01,Fulfilled
O01491,C0106,P008,W2,2026-01-03,13,2026-01-07,Fulfilled
O01492,C0123,P010,W4,2025-11-01,13,,Backordered
O01493,C0064,P005,W1,2025-09-10,1,,Backordered
O01494,C0228,P016,W4,2025-10-24,3,,Backordered
O01495,C0072,P001,W1,2025-09-24,19,2025-09-26,Fulfilled
O01496,C0503,P007,W2,2026-07-12,23,2026-07-13,Fulfilled
O01497,C0589,P018,W2,2025-12-07,21,2025-12-09,Fulfilled
O01498,C0148,P001,W3,2026-06-28,22,2026-07-01,Fulfilled
O01499,C0419,P025,W3,2026-03-21,12,,Backordered
O01500,C0243,P011,W1,2026-03-16,20,2026-03-20,Fulfilled
O01501,C0065,P010,W2,2026-02-13,22,2026-02-25,Fulfilled
O01502,C0374,P014,W3,2026-06-27,22,2026-06-29,Fulfilled
O01503,C0558,P016,W2,2025-09-16,4,,Backordered
O01504,C0183,P012,W1,2025-10-04,4,2025-10-08,Fulfilled
O01505,C0630,P023,W1,2026-02-02,10,2026-02-06,Fulfilled
O01506,C0793,P025,W3,2026-01-22,13,2026-01-26,Fulfilled
O01507,C0045,P006,W2,2026-03-19,23,2026-03-29,Fulfilled
O01508,C0131,P018,W3,2026-05-28,8,2026-05-29,Fulfilled
O01509,C0232,P008,W1,2026-04-03,20,2026-04-06,Fulfilled
O01510,C0680,P025,W3,2025-12-03,22,2025-12-05,Fulfilled
O01511,C0114,P007,W1,2025-12-29,24,2025-12-31,Fulfilled
O01512,C0376,P008,W3,2026-06-02,5,,Backordered
O01513,C0430,P018,W4,2025-11-13,6,,Backordered
O01514,C0104,P020,W2,2026-03-04,6,2026-03-08,Fulfilled
O01515,C0034,P004,W1,2026-03-16,18,2026-03-26,Fulfilled
O01516,C0095,P014,W1,2026-06-01,17,2026-06-04,Fulfilled
O01517,C0045,P009,W2,2026-05-19,10,2026-05-20,Fulfilled
O01518,C0400,P016,W1,2026-02-17,3,2026-02-20,Fulfilled
O01519,C0749,P014,W4,2025-12-22,13,,Backordered
O01520,C0283,P025,W4,2026-01-13,18,2026-01-19,Fulfilled
O01521,C0206,P024,W4,2026-01-29,12,2026-01-30,Fulfilled
O01522,C0188,P017,W4,2025-11-20,7,2025-11-22,Fulfilled
O01523,C0785,P017,W3,2026-04-17,15,2026-04-18,Fulfilled
O01524,C0767,P023,W2,2025-11-16,16,,Cancelled
O01525,C0519,P005,W2,2026-04-25,15,,Backordered
O01526,C0371,P019,W2,2026-06-02,21,2026-06-06,Fulfilled
O01527,C0128,P020,W4,2026-08-18,8,2026-08-24,Fulfilled
O01528,C0743,P004,W2,2025-10-14,15,2025-10-17,Fulfilled
O01529,C0002,P023,W2,2026-06-05,21,2026-06-07,Fulfilled
O01530,C0132,P018,W3,2025-10-02,6,2025-10-07,Fulfilled
O01531,C0543,P009,W2,2026-01-02,7,2026-01-06,Fulfilled
O01532,C0147,P013,W2,2025-11-04,2,2025-11-05,Fulfilled
O01533,C0087,P013,W1,2025-10-30,9,2025-11-03,Fulfilled
O01534,C0477,P023,W1,2025-11-04,2,2025-11-05,Fulfilled
O01535,C0021,P025,W1,2025-09-17,18,2025-09-19,Fulfilled
O01536,C0216,P021,W2,2026-06-28,3,2026-06-29,Fulfilled
O01537,C0514,P017,W4,2025-09-23,17,2025-09-26,Fulfilled
O01538,C0148,P003,W2,2026-01-24,14,,Cancelled
O01539,C0607,P023,W3,2026-05-14,24,2026-05-26,Fulfilled
O01540,C0076,P004,W2,2026-08-28,9,2026-09-01,Fulfilled
O01541,C0491,P005,W2,2026-07-09,9,,Cancelled
O01542,C0061,P002,W1,2025-10-21,6,2025-10-25,Fulfilled
O01543,C0585,P024,W3,2026-08-27,13,2026-08-29,Fulfilled
O01544,C0602,P013,W3,2026-04-27,6,2026-04-28,Fulfilled
O01545,C0636,P006,W2,2025-11-05,3,2025-11-06,Fulfilled
O01546,C0226,P003,W3,2026-02-11,23,2026-02-13,Fulfilled
O01547,C0189,P011,W2,2026-08-02,17,2026-08-05,Fulfilled
O01548,C0782,P019,W2,2026-01-22,3,2026-01-23,Fulfilled
O01549,C0583,P025,W3,2025-11-07,15,2025-11-11,Fulfilled
O01550,C0147,P014,W3,2026-07-17,8,2026-07-25,Fulfilled
O01551,C0024,P016,W1,2026-08-14,5,2026-08-15,Fulfilled
O01552,C0284,P021,W2,2026-08-23,12,2026-08-27,Fulfilled
O01553,C0532,P023,W2,2026-08-15,19,2026-08-18,Fulfilled
O01554,C0300,P007,W4,2026-07-16,1,2026-07-18,Fulfilled
O01555,C0646,P025,W2,2026-02-13,9,2026-02-16,Fulfilled
O01556,C0400,P013,W4,2025-11-10,23,2025-11-13,Fulfilled
O01557,C0793,P024,W3,2026-04-14,10,2026-04-16,Fulfilled
O01558,C0696,P003,W1,2025-11-20,3,2025-11-23,Fulfilled
O01559,C0377,P003,W2,2026-02-20,11,2026-02-21,Fulfilled
O01560,C0667,P023,W4,2026-04-28,17,,Cancelled
O01561,C0359,P017,W2,2026-08-12,24,2026-08-16,Fulfilled
O01562,C0008,P005,W3,2025-12-15,16,2025-12-16,Fulfilled
O01563,C0247,P023,W4,2025-12-01,2,2025-12-04,Fulfilled
O01564,C0327,P003,W3,2026-05-27,20,2026-05-29,Fulfilled
O01565,C0781,P018,W1,2025-09-03,19,2025-09-05,Fulfilled
O01566,C0662,P006,W2,2026-03-26,16,2026-03-27,Fulfilled
O01567,C0118,P002,W2,2026-05-31,22,2026-06-03,Fulfilled
O01568,C0001,P021,W2,2026-03-21,19,2026-03-24,Fulfilled
O01569,C0423,P022,W4,2026-01-19,6,2026-01-22,Fulfilled
O01570,C0427,P003,W1,2026-06-30,11,2026-07-02,Fulfilled
O01571,C0588,P003,W3,2026-01-14,13,,Cancelled
O01572,C0208,P016,W4,2026-05-18,12,2026-05-21,Fulfilled
O01573,C0649,P001,W4,2026-02-17,16,2026-02-20,Fulfilled
O01574,C0330,P019,W3,2025-09-10,17,2025-09-21,Fulfilled
O01575,C0268,P023,W4,2026-03-13,3,2026-03-15,Fulfilled
O01576,C0336,P019,W2,2025-09-19,14,2025-09-22,Fulfilled
O01577,C0755,P006,W3,2026-08-06,1,2026-08-09,Fulfilled
O01578,C0314,P005,W3,2026-04-08,13,2026-04-12,Fulfilled
O01579,C0448,P018,W1,2026-01-14,11,2026-01-16,Fulfilled
O01580,C0713,P002,W1,2026-02-25,5,2026-02-27,Fulfilled
O01581,C0015,P014,W4,2026-04-15,24,2026-04-18,Fulfilled
O01582,C0429,P012,W1,2025-12-04,7,2025-12-07,Fulfilled
O01583,C0566,P019,W2,2025-12-15,2,2025-12-17,Fulfilled
O01584,C0723,P006,W3,2026-01-31,9,2026-02-01,Fulfilled
O01585,C0050,P020,W3,2025-12-04,19,2025-12-10,Fulfilled
O01586,C0581,P018,W3,2026-06-04,1,2026-06-07,Fulfilled
O01587,C0642,P006,W4,2025-10-08,12,2025-10-12,Fulfilled
O01588,C0281,P009,W4,2026-06-29,11,2026-07-02,Fulfilled
O01589,C0597,P002,W4,2026-01-06,21,2026-01-09,Fulfilled
O01590,C0395,P012,W3,2026-03-24,1,2026-03-25,Fulfilled
O01591,C0526,P007,W4,2025-10-28,1,2025-10-30,Fulfilled
O01592,C0312,P003,W3,2026-01-19,14,2026-01-25,Fulfilled
O01593,C0142,P014,W3,2026-06-03,5,2026-06-06,Fulfilled
O01594,C0663,P015,W4,2025-12-08,17,2025-12-11,Fulfilled
O01595,C0173,P003,W4,2025-10-19,7,2025-10-23,Fulfilled
O01596,C0150,P005,W1,2026-03-10,14,2026-03-13,Fulfilled
O01597,C0708,P003,W4,2025-10-30,1,2025-11-06,Fulfilled
O01598,C0749,P017,W3,2025-12-24,17,2025-12-27,Fulfilled
O01599,C0487,P009,W4,2026-02-12,13,2026-02-16,Fulfilled
O01600,C0464,P002,W3,2026-03-25,1,2026-03-27,Fulfilled
O01601,C0289,P005,W4,2026-04-22,7,2026-04-25,Fulfilled
O01602,C0489,P025,W2,2026-05-05,2,2026-05-08,Fulfilled
O01603,C0487,P007,W1,2026-07-06,2,2026-07-09,Fulfilled
O01604,C0413,P018,W1,2025-09-25,17,2025-09-28,Fulfilled
O01605,C0524,P012,W2,2026-01-11,11,2026-01-15,Fulfilled
O01606,C0444,P005,W1,2025-09-01,20,2025-09-08,Fulfilled
O01607,C0703,P008,W2,2025-09-04,7,2025-09-06,Fulfilled
O01608,C0534,P001,W1,2025-11-17,18,2025-11-20,Fulfilled
O01609,C0308,P019,W1,2026-04-07,15,2026-04-10,Fulfilled
O01610,C0524,P009,W3,2026-07-24,16,2026-07-27,Fulfilled
O01611,C0184,P013,W4,2026-06-10,20,2026-06-11,Fulfilled
O01612,C0172,P004,W1,2026-04-24,17,2026-04-28,Fulfilled
O01613,C0661,P021,W3,2026-06-12,18,2026-06-15,Fulfilled
O01614,C0466,P006,W3,2025-11-02,18,2025-11-04,Fulfilled
O01615,C0043,P015,W3,2026-07-04,11,2026-07-08,Fulfilled
O01616,C0284,P022,W1,2026-07-22,18,2026-07-24,Fulfilled
O01617,C0787,P018,W3,2025-10-05,21,2025-10-06,Fulfilled
O01618,C0509,P016,W1,2026-02-19,18,2026-02-23,Fulfilled
O01619,C0695,P023,W1,2026-06-30,15,2026-07-02,Fulfilled
O01620,C0438,P005,W2,2026-02-21,2,2026-02-25,Fulfilled
O01621,C0035,P025,W4,2026-07-04,11,2026-07-07,Fulfilled
O01622,C0144,P014,W1,2026-08-08,2,2026-08-09,Fulfilled
O01623,C0074,P011,W4,2026-02-21,3,2026-02-23,Fulfilled
O01624,C0588,P007,W4,2025-09-22,9,2025-09-29,Fulfilled
O01625,C0605,P019,W4,2026-01-03,12,2026-01-07,Fulfilled
O01626,C0366,P025,W2,2025-11-18,13,2025-11-28,Fulfilled
O01627,C0579,P018,W1,2026-02-21,22,2026-02-25,Fulfilled
O01628,C0441,P001,W1,2026-04-02,19,2026-04-06,Fulfilled
O01629,C0592,P012,W4,2026-02-17,11,2026-02-20,Fulfilled
O01630,C0538,P019,W1,2025-11-11,9,2025-11-12,Fulfilled
O01631,C0365,P010,W3,2025-12-19,18,2025-12-22,Fulfilled
O01632,C0522,P020,W2,2026-05-07,7,2026-05-09,Fulfilled
O01633,C0255,P018,W4,2025-09-10,22,2025-09-11,Fulfilled
O01634,C0599,P002,W3,2025-11-18,19,2025-11-22,Fulfilled
O01635,C0731,P014,W3,2026-07-23,17,,Cancelled
O01636,C0166,P005,W4,2025-10-07,6,2025-10-16,Fulfilled
O01637,C0533,P013,W4,2026-01-30,15,2026-02-01,Fulfilled
O01638,C0089,P010,W2,2025-11-15,20,2025-11-27,Fulfilled
O01639,C0302,P021,W3,2025-10-09,2,2025-10-11,Fulfilled
O01640,C0535,P022,W3,2026-02-02,5,2026-02-04,Fulfilled
O01641,C0222,P012,W4,2026-03-10,13,,Backordered
O01642,C0189,P014,W2,2025-11-04,9,2025-11-05,Fulfilled
O01643,C0307,P016,W2,2025-09-29,18,2025-10-03,Fulfilled
O01644,C0092,P017,W4,2025-10-20,10,2025-11-02,Fulfilled
O01645,C0500,P016,W4,2026-04-26,24,,Backordered
O01646,C0105,P020,W3,2026-07-12,8,2026-07-24,Fulfilled
O01647,C0267,P025,W1,2025-11-05,9,2025-11-08,Fulfilled
O01648,C0250,P021,W2,2025-12-26,1,2025-12-30,Fulfilled
O01649,C0774,P004,W2,2026-01-04,6,2026-01-07,Fulfilled
O01650,C0793,P012,W3,2026-01-10,6,2026-01-14,Fulfilled
O01651,C0064,P012,W3,2025-11-29,19,2025-11-30,Fulfilled
O01652,C0126,P013,W4,2025-09-21,9,2025-09-27,Fulfilled
O01653,C0586,P014,W1,2026-03-11,5,2026-03-13,Fulfilled
O01654,C0239,P018,W2,2026-01-09,8,2026-01-11,Fulfilled
O01655,C0515,P011,W3,2026-01-03,14,2026-01-07,Fulfilled
O01656,C0736,P007,W4,2025-12-06,19,,Backordered
O01657,C0131,P012,W1,2026-08-06,24,2026-08-08,Fulfilled
O01658,C0770,P022,W4,2026-04-11,2,2026-04-14,Fulfilled
O01659,C0042,P008,W1,2026-01-31,21,,Backordered
O01660,C0183,P001,W1,2025-11-14,10,2025-11-15,Fulfilled
O01661,C0406,P025,W4,2026-06-20,20,2026-06-26,Fulfilled
O01662,C0704,P005,W4,2026-07-22,1,2026-07-27,Fulfilled
O01663,C0443,P016,W4,2025-09-12,16,2025-09-13,Fulfilled
O01664,C0111,P021,W3,2026-08-06,23,2026-08-10,Fulfilled
O01665,C0199,P007,W3,2026-05-14,1,,Cancelled
O01666,C0609,P009,W3,2025-10-07,19,2025-10-08,Fulfilled
O01667,C0449,P008,W3,2026-06-02,3,2026-06-06,Fulfilled
O01668,C0011,P004,W3,2025-10-10,24,2025-10-13,Fulfilled
O01669,C0401,P004,W2,2025-09-19,18,2025-09-22,Fulfilled
O01670,C0325,P005,W4,2025-10-13,22,,Backordered
O01671,C0001,P012,W2,2026-02-15,22,2026-02-17,Fulfilled
O01672,C0198,P014,W3,2026-04-15,8,2026-04-16,Fulfilled
O01673,C0748,P001,W3,2026-01-27,10,2026-01-28,Fulfilled
O01674,C0563,P022,W3,2025-10-15,17,2025-10-16,Fulfilled
O01675,C0057,P017,W3,2025-11-12,5,2025-11-15,Fulfilled
O01676,C0013,P002,W1,2026-07-09,8,2026-07-14,Fulfilled
O01677,C0277,P022,W2,2026-08-18,3,2026-08-21,Fulfilled
O01678,C0372,P001,W2,2026-06-03,22,2026-06-09,Fulfilled
O01679,C0363,P015,W2,2025-10-08,6,,Backordered
O01680,C0557,P012,W4,2026-06-27,10,2026-06-28,Fulfilled
O01681,C0139,P013,W4,2026-05-11,11,2026-05-18,Fulfilled
O01682,C0038,P024,W3,2026-03-12,10,2026-03-16,Fulfilled
O01683,C0538,P024,W2,2025-10-23,19,2025-10-28,Fulfilled
O01684,C0718,P007,W1,2026-08-30,22,2026-09-03,Fulfilled
O01685,C0135,P015,W4,2026-02-09,14,2026-02-11,Fulfilled
O01686,C0289,P024,W4,2025-09-17,21,2025-09-18,Fulfilled
O01687,C0501,P019,W2,2025-11-16,3,2025-11-19,Fulfilled
O01688,C0133,P023,W4,2026-01-25,24,2026-01-29,Fulfilled
O01689,C0688,P011,W4,2025-09-23,3,2025-09-27,Fulfilled
O01690,C0181,P008,W3,2025-12-28,2,2026-01-01,Fulfilled
O01691,C0426,P013,W1,2026-02-18,1,,Cancelled
O01692,C0271,P021,W1,2026-08-13,6,2026-08-23,Fulfilled
O01693,C0534,P024,W4,2025-10-02,21,2025-10-05,Fulfilled
O01694,C0159,P018,W3,2026-03-30,8,2026-04-03,Fulfilled
O01695,C0079,P018,W1,2026-08-01,19,2026-08-05,Fulfilled
O01696,C0408,P013,W1,2026-06-22,11,,Cancelled
O01697,C0692,P008,W4,2026-08-04,3,2026-08-06,Fulfilled
O01698,C0506,P011,W2,2025-11-02,12,2025-11-05,Fulfilled
O01699,C0604,P013,W2,2026-06-20,6,2026-06-24,Fulfilled
O01700,C0347,P021,W3,2026-08-24,7,2026-09-01,Fulfilled
O01701,C0112,P014,W2,2025-12-29,13,2026-01-02,Fulfilled
O01702,C0342,P020,W4,2026-03-02,19,2026-03-06,Fulfilled
O01703,C0790,P001,W3,2026-03-13,15,2026-03-14,Fulfilled
O01704,C0625,P019,W2,2026-02-28,6,2026-03-04,Fulfilled
O01705,C0563,P013,W2,2025-12-15,18,2025-12-18,Fulfilled
O01706,C0241,P025,W4,2026-08-21,17,2026-08-25,Fulfilled
O01707,C0480,P012,W3,2026-08-16,6,2026-08-17,Fulfilled
O01708,C0498,P012,W4,2026-01-17,21,2026-01-21,Fulfilled
O01709,C0523,P004,W2,2026-06-21,21,2026-06-22,Fulfilled
O01710,C0714,P021,W1,2026-01-24,15,2026-01-25,Fulfilled
O01711,C0545,P018,W4,2026-06-18,8,2026-06-26,Fulfilled
O01712,C0177,P022,W1,2026-04-02,9,2026-04-10,Fulfilled
O01713,C0178,P003,W4,2026-02-19,11,2026-02-20,Fulfilled
O01714,C0496,P006,W3,2025-10-17,5,2025-10-19,Fulfilled
O01715,C0693,P022,W1,2026-04-27,8,2026-04-29,Fulfilled
O01716,C0758,P002,W4,2025-12-27,4,2025-12-28,Fulfilled
O01717,C0488,P013,W1,2025-11-19,4,2025-11-20,Fulfilled
O01718,C0424,P011,W2,2025-11-10,18,2025-11-11,Fulfilled
O01719,C0652,P024,W2,2026-08-25,4,2026-09-07,Fulfilled
O01720,C0781,P022,W3,2025-10-08,12,2025-10-21,Fulfilled
O01721,C0023,P023,W3,2026-06-19,11,2026-06-22,Fulfilled
O01722,C0248,P008,W3,2026-07-14,2,2026-07-17,Fulfilled
O01723,C0267,P015,W2,2025-09-12,20,2025-09-13,Fulfilled
O01724,C0451,P018,W3,2026-04-04,24,2026-04-13,Fulfilled
O01725,C0236,P025,W1,2026-03-30,16,2026-04-01,Fulfilled
O01726,C0249,P001,W3,2026-01-09,17,2026-01-13,Fulfilled
O01727,C0020,P025,W1,2026-05-02,6,2026-05-09,Fulfilled
O01728,C0003,P009,W1,2026-01-28,21,2026-02-01,Fulfilled
O01729,C0360,P004,W3,2026-02-08,19,2026-02-10,Fulfilled
O01730,C0797,P016,W1,2026-02-05,11,,Backordered
O01731,C0237,P020,W4,2026-06-20,17,2026-06-30,Fulfilled
O01732,C0192,P004,W1,2026-04-20,23,2026-04-22,Fulfilled
O01733,C0212,P002,W1,2026-01-17,15,2026-01-20,Fulfilled
O01734,C0778,P023,W4,2026-08-05,5,2026-08-08,Fulfilled
O01735,C0531,P024,W1,2026-06-20,8,2026-06-23,Fulfilled
O01736,C0522,P004,W4,2026-08-07,5,2026-08-10,Fulfilled
O01737,C0152,P023,W2,2026-05-25,8,2026-05-29,Fulfilled
O01738,C0723,P023,W4,2026-01-21,22,2026-01-23,Fulfilled
O01739,C0158,P025,W4,2026-06-10,5,,Cancelled
O01740,C0773,P006,W1,2025-12-30,22,2026-01-02,Fulfilled
O01741,C0762,P015,W2,2025-12-08,7,2025-12-10,Fulfilled
O01742,C0454,P025,W3,2026-02-12,12,2026-02-13,Fulfilled
O01743,C0694,P023,W4,2026-08-20,13,2026-08-22,Fulfilled
O01744,C0799,P016,W1,2026-03-27,4,2026-04-07,Fulfilled
O01745,C0464,P005,W1,2026-01-19,5,2026-01-22,Fulfilled
O01746,C0614,P003,W2,2026-02-16,8,2026-02-18,Fulfilled
O01747,C0472,P007,W1,2025-12-16,2,,Backordered
O01748,C0419,P002,W2,2026-04-29,19,2026-05-01,Fulfilled
O01749,C0268,P005,W1,2026-01-06,14,2026-01-12,Fulfilled
O01750,C0524,P002,W4,2026-03-22,21,2026-03-24,Fulfilled
O01751,C0214,P020,W4,2026-01-13,21,2026-01-17,Fulfilled
O01752,C0156,P015,W1,2025-12-27,9,2025-12-30,Fulfilled
O01753,C0221,P013,W3,2026-08-21,20,2026-08-24,Fulfilled
O01754,C0009,P021,W3,2026-01-05,2,2026-01-07,Fulfilled
O01755,C0747,P011,W3,2025-09-26,11,2025-09-30,Fulfilled
O01756,C0206,P011,W4,2026-01-17,16,2026-01-19,Fulfilled
O01757,C0640,P006,W3,2026-03-14,12,2026-03-18,Fulfilled
O01758,C0348,P012,W3,2025-10-05,18,2025-10-06,Fulfilled
O01759,C0272,P005,W1,2025-12-21,21,2025-12-25,Fulfilled
O01760,C0183,P015,W1,2025-10-31,11,2025-11-04,Fulfilled
O01761,C0656,P025,W3,2026-03-02,7,2026-03-03,Fulfilled
O01762,C0411,P014,W4,2026-05-22,14,2026-05-23,Fulfilled
O01763,C0360,P008,W2,2026-08-20,21,,Backordered
O01764,C0526,P018,W3,2026-01-21,24,2026-01-23,Fulfilled
O01765,C0642,P021,W1,2026-07-13,20,,Backordered
O01766,C0524,P012,W2,2025-11-18,6,2025-11-19,Fulfilled
O01767,C0374,P007,W4,2026-06-12,5,2026-06-19,Fulfilled
O01768,C0715,P018,W3,2026-03-25,14,2026-03-28,Fulfilled
O01769,C0716,P005,W1,2026-06-04,10,2026-06-11,Fulfilled
O01770,C0773,P025,W4,2026-06-03,15,,Cancelled
O01771,C0073,P008,W4,2026-03-14,23,2026-03-15,Fulfilled
O01772,C0712,P009,W2,2025-12-03,14,2025-12-05,Fulfilled
O01773,C0155,P019,W2,2026-03-12,9,2026-03-15,Fulfilled
O01774,C0496,P001,W3,2026-06-29,21,,Backordered
O01775,C0526,P006,W4,2026-08-21,11,2026-08-25,Fulfilled
O01776,C0165,P004,W2,2026-08-05,15,2026-08-09,Fulfilled
O01777,C0007,P010,W1,2025-11-06,4,2025-11-07,Fulfilled
O01778,C0754,P014,W1,2026-04-07,13,2026-04-10,Fulfilled
O01779,C0713,P005,W4,2025-10-09,11,2025-10-12,Fulfilled
O01780,C0140,P009,W4,2026-05-03,3,2026-05-12,Fulfilled
O01781,C0481,P020,W4,2026-08-29,6,2026-09-02,Fulfilled
O01782,C0121,P024,W1,2025-09-20,17,2025-09-24,Fulfilled
O01783,C0453,P001,W1,2026-04-28,5,2026-04-29,Fulfilled
O01784,C0254,P016,W2,2026-08-12,4,2026-08-16,Fulfilled
O01785,C0601,P001,W1,2026-07-07,2,2026-07-11,Fulfilled
O01786,C0459,P014,W2,2026-01-22,1,2026-01-25,Fulfilled
O01787,C0398,P022,W3,2025-10-08,11,2025-10-10,Fulfilled
O01788,C0545,P020,W2,2026-08-04,12,2026-08-08,Fulfilled
O01789,C0381,P006,W1,2026-08-03,15,2026-08-06,Fulfilled
O01790,C0011,P007,W2,2026-03-31,14,2026-04-04,Fulfilled
O01791,C0477,P020,W3,2026-08-24,13,2026-08-27,Fulfilled
O01792,C0622,P021,W3,2025-09-02,24,2025-09-06,Fulfilled
O01793,C0392,P008,W2,2026-04-14,6,2026-04-16,Fulfilled
O01794,C0140,P001,W2,2025-09-15,18,2025-09-16,Fulfilled
O01795,C0007,P012,W3,2026-08-08,2,2026-08-18,Fulfilled
O01796,C0237,P016,W1,2026-05-07,21,2026-05-11,Fulfilled
O01797,C0614,P012,W4,2026-07-31,9,2026-08-03,Fulfilled
O01798,C0258,P024,W4,2026-03-25,9,2026-03-28,Fulfilled
O01799,C0764,P021,W1,2025-10-01,4,2025-10-04,Fulfilled
O01800,C0266,P020,W4,2025-09-10,13,2025-09-13,Fulfilled
O01801,C0342,P001,W1,2026-01-01,10,2026-01-02,Fulfilled
O01802,C0608,P022,W2,2026-05-30,24,2026-06-01,Fulfilled
O01803,C0491,P019,W3,2025-10-26,5,2025-11-01,Fulfilled
O01804,C0033,P010,W2,2026-07-09,11,2026-07-11,Fulfilled
O01805,C0061,P015,W1,2025-11-27,22,,Cancelled
O01806,C0158,P021,W1,2026-03-01,20,2026-03-05,Fulfilled
O01807,C0697,P023,W3,2025-11-14,19,2025-11-15,Fulfilled
O01808,C0018,P014,W1,2026-02-18,13,2026-02-21,Fulfilled
O01809,C0058,P002,W2,2026-02-13,21,2026-02-14,Fulfilled
O01810,C0622,P016,W2,2025-09-02,6,2025-09-03,Fulfilled
O01811,C0498,P018,W4,2026-03-27,20,2026-03-31,Fulfilled
O01812,C0786,P002,W4,2026-06-15,14,2026-06-18,Fulfilled
O01813,C0176,P021,W4,2026-08-08,9,2026-08-17,Fulfilled
O01814,C0527,P006,W3,2025-12-30,6,2025-12-31,Fulfilled
O01815,C0108,P023,W3,2026-07-19,13,2026-07-20,Fulfilled
O01816,C0472,P014,W2,2026-07-18,1,,Backordered
O01817,C0085,P009,W1,2026-08-27,18,2026-08-28,Fulfilled
O01818,C0726,P002,W4,2026-01-15,6,2026-01-18,Fulfilled
O01819,C0333,P001,W2,2026-07-08,10,2026-07-10,Fulfilled
O01820,C0204,P019,W2,2026-03-26,5,2026-03-29,Fulfilled
O01821,C0787,P010,W1,2025-09-22,12,2025-09-23,Fulfilled
O01822,C0054,P022,W2,2025-12-08,9,2025-12-09,Fulfilled
O01823,C0640,P006,W3,2026-05-04,5,2026-05-05,Fulfilled
O01824,C0408,P024,W2,2025-10-29,22,2025-10-30,Fulfilled
O01825,C0550,P024,W3,2026-02-06,19,,Cancelled
O01826,C0209,P003,W1,2026-06-10,10,2026-06-12,Fulfilled
O01827,C0705,P017,W1,2025-10-25,2,2025-10-29,Fulfilled
O01828,C0361,P024,W4,2026-03-01,21,2026-03-10,Fulfilled
O01829,C0335,P009,W2,2025-11-18,17,2025-11-20,Fulfilled
O01830,C0365,P002,W2,2026-03-15,14,2026-03-19,Fulfilled
O01831,C0237,P022,W2,2025-11-27,15,2025-12-06,Fulfilled
O01832,C0255,P012,W3,2026-08-19,1,,Backordered
O01833,C0112,P001,W3,2025-09-28,12,2025-10-02,Fulfilled
O01834,C0389,P022,W2,2026-08-18,5,2026-08-21,Fulfilled
O01835,C0380,P017,W4,2026-06-17,16,2026-06-21,Fulfilled
O01836,C0304,P002,W4,2026-07-10,23,2026-07-12,Fulfilled
O01837,C0788,P007,W1,2026-07-08,13,2026-07-15,Fulfilled
O01838,C0091,P001,W3,2025-11-08,15,2025-11-09,Fulfilled
O01839,C0728,P024,W4,2026-08-06,17,2026-08-08,Fulfilled
O01840,C0693,P001,W2,2026-04-05,23,2026-04-09,Fulfilled
O01841,C0018,P020,W1,2026-08-18,1,2026-08-19,Fulfilled
O01842,C0561,P013,W1,2026-07-18,8,,Backordered
O01843,C0168,P015,W3,2026-03-31,7,,Backordered
O01844,C0034,P021,W4,2026-01-15,18,2026-01-21,Fulfilled
O01845,C0688,P023,W1,2025-10-13,11,2025-10-14,Fulfilled
O01846,C0093,P004,W3,2025-10-07,19,2025-10-10,Fulfilled
O01847,C0239,P001,W2,2026-01-21,12,2026-01-24,Fulfilled
O01848,C0078,P004,W2,2026-06-24,24,2026-06-27,Fulfilled
O01849,C0114,P018,W3,2026-03-04,19,2026-03-14,Fulfilled
O01850,C0050,P015,W4,2026-02-23,1,2026-02-25,Fulfilled
O01851,C0674,P003,W1,2025-11-29,24,2025-12-08,Fulfilled
O01852,C0048,P006,W1,2026-03-26,23,2026-03-27,Fulfilled
O01853,C0607,P014,W2,2026-04-21,2,2026-04-23,Fulfilled
O01854,C0126,P019,W2,2026-08-25,10,2026-08-28,Fulfilled
O01855,C0732,P009,W3,2026-05-25,24,,Backordered
O01856,C0678,P024,W3,2026-04-10,21,2026-04-11,Fulfilled
O01857,C0503,P025,W1,2026-07-30,12,2026-07-31,Fulfilled
O01858,C0662,P020,W2,2026-02-03,14,2026-02-05,Fulfilled
O01859,C0239,P012,W3,2026-08-08,1,2026-08-10,Fulfilled
O01860,C0626,P022,W2,2026-01-14,14,2026-01-18,Fulfilled
O01861,C0178,P019,W3,2025-10-17,16,2025-10-29,Fulfilled
O01862,C0492,P013,W2,2026-01-31,9,2026-02-04,Fulfilled
O01863,C0735,P012,W2,2025-10-17,8,2025-10-26,Fulfilled
O01864,C0579,P021,W1,2025-10-14,20,2025-10-16,Fulfilled
O01865,C0216,P014,W1,2026-07-19,11,2026-07-20,Fulfilled
O01866,C0591,P005,W1,2026-06-18,7,2026-06-23,Fulfilled
O01867,C0706,P025,W3,2025-11-20,9,2025-11-24,Fulfilled
O01868,C0711,P002,W1,2026-07-03,12,2026-07-05,Fulfilled
O01869,C0591,P018,W3,2025-09-26,7,2025-09-29,Fulfilled
O01870,C0586,P017,W4,2025-12-13,14,2025-12-15,Fulfilled
O01871,C0628,P015,W3,2026-05-16,21,2026-05-17,Fulfilled
O01872,C0589,P002,W3,2025-12-20,18,2025-12-24,Fulfilled
O01873,C0107,P013,W1,2026-05-25,6,2026-05-28,Fulfilled
O01874,C0643,P023,W2,2026-07-17,12,,Backordered
O01875,C0144,P006,W4,2025-09-25,14,2025-09-28,Fulfilled
O01876,C0445,P018,W2,2025-09-09,17,2025-09-20,Fulfilled
O01877,C0272,P022,W4,2026-08-10,19,2026-08-20,Fulfilled
O01878,C0171,P024,W3,2026-03-09,12,,Backordered
O01879,C0226,P013,W2,2026-03-04,8,2026-03-05,Fulfilled
O01880,C0068,P008,W1,2026-02-17,16,2026-02-19,Fulfilled
O01881,C0352,P018,W1,2026-02-06,4,2026-02-08,Fulfilled
O01882,C0335,P013,W2,2026-05-10,17,2026-05-13,Fulfilled
O01883,C0323,P016,W2,2026-03-31,22,,Cancelled
O01884,C0074,P019,W3,2025-10-30,18,,Cancelled
O01885,C0485,P018,W3,2026-04-17,11,2026-04-20,Fulfilled
O01886,C0136,P007,W2,2026-05-02,20,2026-05-03,Fulfilled
O01887,C0684,P019,W3,2025-10-12,13,,Cancelled
O01888,C0020,P014,W4,2026-01-16,13,2026-01-18,Fulfilled
O01889,C0045,P024,W3,2026-06-16,21,2026-06-18,Fulfilled
O01890,C0240,P017,W4,2026-04-14,5,,Cancelled
O01891,C0326,P023,W2,2025-10-20,19,2025-10-22,Fulfilled
O01892,C0776,P025,W4,2025-09-15,17,2025-09-17,Fulfilled
O01893,C0420,P025,W2,2026-04-01,13,2026-04-13,Fulfilled
O01894,C0303,P019,W1,2026-02-16,2,,Cancelled
O01895,C0670,P015,W1,2026-08-17,19,2026-08-20,Fulfilled
O01896,C0193,P003,W1,2026-03-10,6,2026-03-11,Fulfilled
O01897,C0717,P010,W4,2026-08-06,22,2026-08-10,Fulfilled
O01898,C0323,P012,W1,2025-11-18,20,,Backordered
O01899,C0250,P020,W4,2026-02-11,9,2026-02-14,Fulfilled
O01900,C0241,P015,W4,2025-10-21,11,2025-10-24,Fulfilled
O01901,C0008,P011,W2,2026-03-29,1,2026-03-31,Fulfilled
O01902,C0539,P004,W4,2025-11-08,12,2025-11-10,Fulfilled
O01903,C0462,P018,W4,2026-02-27,2,2026-02-28,Fulfilled
O01904,C0507,P011,W4,2026-01-04,24,2026-01-06,Fulfilled
O01905,C0521,P001,W2,2025-11-07,16,2025-11-09,Fulfilled
O01906,C0022,P008,W2,2025-10-06,6,2025-10-08,Fulfilled
O01907,C0702,P022,W1,2026-03-06,20,2026-03-08,Fulfilled
O01908,C0409,P003,W4,2026-08-12,1,2026-08-15,Fulfilled
O01909,C0553,P011,W4,2025-11-12,14,2025-11-25,Fulfilled
O01910,C0029,P013,W3,2026-01-26,3,2026-01-30,Fulfilled
O01911,C0609,P003,W1,2025-11-21,2,2025-11-25,Fulfilled
O01912,C0542,P005,W4,2026-06-23,6,2026-06-26,Fulfilled
O01913,C0295,P024,W2,2026-01-30,8,2026-02-04,Fulfilled
O01914,C0748,P015,W3,2026-08-22,18,2026-08-25,Fulfilled
O01915,C0520,P006,W3,2025-11-29,22,2025-11-30,Fulfilled
O01916,C0726,P005,W1,2025-09-30,19,2025-10-04,Fulfilled
O01917,C0657,P011,W1,2026-04-01,18,2026-04-09,Fulfilled
O01918,C0165,P019,W1,2026-04-26,14,2026-04-27,Fulfilled
O01919,C0797,P019,W4,2026-08-28,9,2026-08-30,Fulfilled
O01920,C0594,P005,W4,2026-07-16,7,2026-07-18,Fulfilled
O01921,C0152,P019,W2,2026-07-20,23,,Cancelled
O01922,C0634,P023,W2,2026-04-20,13,2026-04-27,Fulfilled
O01923,C0343,P006,W2,2026-01-10,14,2026-01-11,Fulfilled
O01924,C0691,P001,W2,2026-02-04,1,2026-02-06,Fulfilled
O01925,C0139,P024,W3,2025-10-19,11,2025-10-21,Fulfilled
O01926,C0208,P014,W2,2026-02-05,17,2026-02-09,Fulfilled
O01927,C0278,P020,W3,2026-01-12,12,2026-01-14,Fulfilled
O01928,C0361,P009,W2,2025-09-14,15,2025-09-16,Fulfilled
O01929,C0505,P008,W3,2025-11-14,20,2025-11-18,Fulfilled
O01930,C0177,P006,W4,2026-03-15,1,2026-03-19,Fulfilled
O01931,C0564,P006,W1,2026-01-13,22,2026-01-14,Fulfilled
O01932,C0020,P012,W1,2026-08-29,20,2026-09-02,Fulfilled
O01933,C0265,P003,W3,2026-02-22,11,2026-02-23,Fulfilled
O01934,C0527,P022,W1,2026-08-16,19,2026-08-18,Fulfilled
O01935,C0212,P013,W1,2026-04-30,2,2026-05-03,Fulfilled
O01936,C0345,P023,W4,2025-09-15,8,2025-09-23,Fulfilled
O01937,C0485,P013,W2,2025-11-14,3,2025-11-19,Fulfilled
O01938,C0199,P008,W3,2026-05-16,16,2026-05-24,Fulfilled
O01939,C0771,P013,W4,2026-03-18,21,2026-03-21,Fulfilled
O01940,C0677,P004,W1,2025-12-20,15,2025-12-22,Fulfilled
O01941,C0776,P021,W2,2026-03-10,18,2026-03-11,Fulfilled
O01942,C0397,P019,W1,2026-07-27,4,2026-07-30,Fulfilled
O01943,C0275,P004,W2,2026-01-20,23,2026-01-27,Fulfilled
O01944,C0795,P015,W1,2025-09-17,5,2025-09-19,Fulfilled
O01945,C0583,P014,W4,2025-12-23,13,2025-12-27,Fulfilled
O01946,C0634,P006,W2,2026-08-08,17,2026-08-12,Fulfilled
O01947,C0146,P004,W1,2026-06-06,21,2026-06-07,Fulfilled
O01948,C0695,P020,W1,2026-07-03,23,,Backordered
O01949,C0422,P007,W1,2026-07-30,15,2026-07-31,Fulfilled
O01950,C0618,P013,W1,2025-10-13,14,2025-10-18,Fulfilled
O01951,C0660,P007,W1,2025-12-13,11,2025-12-17,Fulfilled
O01952,C0085,P017,W3,2025-09-22,14,2025-09-26,Fulfilled
O01953,C0080,P002,W4,2025-09-02,17,2025-09-03,Fulfilled
O01954,C0052,P009,W4,2026-07-02,16,2026-07-03,Fulfilled
O01955,C0514,P014,W4,2026-08-08,15,2026-08-09,Fulfilled
O01956,C0732,P011,W4,2025-10-27,11,2025-10-29,Fulfilled
O01957,C0025,P016,W2,2026-05-22,5,2026-05-24,Fulfilled
O01958,C0111,P005,W2,2026-03-15,2,2026-03-17,Fulfilled
O01959,C0389,P012,W3,2025-09-26,11,2025-09-28,Fulfilled
O01960,C0313,P019,W2,2026-08-01,10,2026-08-04,Fulfilled
O01961,C0083,P009,W3,2026-07-16,15,2026-07-20,Fulfilled
O01962,C0488,P004,W4,2026-03-27,22,2026-03-30,Fulfilled
O01963,C0724,P022,W1,2026-05-17,17,2026-05-19,Fulfilled
O01964,C0170,P020,W4,2026-01-23,20,2026-01-26,Fulfilled
O01965,C0003,P018,W4,2026-06-17,14,2026-06-20,Fulfilled
O01966,C0181,P020,W3,2026-02-10,23,2026-02-14,Fulfilled
O01967,C0148,P020,W2,2026-08-28,23,2026-09-01,Fulfilled
O01968,C0373,P019,W2,2025-09-24,4,2025-09-26,Fulfilled
O01969,C0086,P013,W1,2025-11-02,16,2025-11-06,Fulfilled
O01970,C0289,P001,W2,2026-08-20,13,2026-08-29,Fulfilled
O01971,C0096,P015,W3,2025-12-15,24,2025-12-16,Fulfilled
O01972,C0541,P007,W3,2025-12-23,15,2025-12-26,Fulfilled
O01973,C0375,P020,W1,2026-06-16,1,2026-06-17,Fulfilled
O01974,C0060,P012,W3,2025-11-09,6,2025-11-11,Fulfilled
O01975,C0035,P023,W4,2026-03-07,4,2026-03-08,Fulfilled
O01976,C0391,P015,W1,2025-12-14,5,2025-12-16,Fulfilled
O01977,C0473,P014,W1,2025-11-12,3,2025-11-15,Fulfilled
O01978,C0140,P023,W4,2026-08-18,19,2026-08-20,Fulfilled
O01979,C0259,P012,W3,2025-11-12,12,2025-11-19,Fulfilled
O01980,C0485,P010,W3,2025-10-05,17,2025-10-07,Fulfilled
O01981,C0377,P010,W4,2026-05-04,24,2026-05-07,Fulfilled
O01982,C0093,P022,W3,2026-07-14,16,2026-07-18,Fulfilled
O01983,C0313,P019,W3,2025-10-17,12,2025-10-18,Fulfilled
O01984,C0158,P005,W1,2026-05-17,7,,Backordered
O01985,C0741,P013,W4,2026-03-17,19,2026-03-25,Fulfilled
O01986,C0643,P010,W4,2026-06-30,13,2026-07-01,Fulfilled
O01987,C0250,P017,W2,2025-10-17,19,2025-10-18,Fulfilled
O01988,C0188,P002,W3,2026-08-23,1,2026-08-27,Fulfilled
O01989,C0108,P018,W3,2026-04-14,4,2026-04-18,Fulfilled
O01990,C0589,P019,W1,2026-07-05,4,2026-07-08,Fulfilled
O01991,C0734,P006,W1,2026-01-11,17,2026-01-13,Fulfilled
O01992,C0219,P004,W3,2026-08-11,13,2026-08-15,Fulfilled
O01993,C0512,P016,W3,2026-04-17,8,,Cancelled
O01994,C0188,P007,W3,2025-10-17,8,2025-10-28,Fulfilled
O01995,C0733,P024,W2,2026-08-03,15,2026-08-06,Fulfilled
O01996,C0240,P020,W4,2026-06-18,24,2026-06-21,Fulfilled
O01997,C0077,P024,W2,2025-12-19,24,2025-12-21,Fulfilled
O01998,C0704,P014,W1,2026-03-19,12,2026-03-21,Fulfilled
O01999,C0756,P024,W1,2026-01-20,17,2026-01-22,Fulfilled
O02000,C0318,P001,W4,2026-03-18,3,2026-03-21,Fulfilled
O02001,C0725,P008,W3,2026-08-19,23,2026-08-22,Fulfilled
O02002,C0195,P001,W2,2026-07-26,1,2026-07-28,Fulfilled
O02003,C0217,P017,W1,2025-11-18,9,2025-11-21,Fulfilled
O02004,C0429,P013,W1,2026-08-21,18,2026-08-22,Fulfilled
O02005,C0480,P008,W1,2026-02-07,24,2026-02-09,Fulfilled
O02006,C0309,P008,W1,2026-05-16,5,2026-05-20,Fulfilled
O02007,C0639,P017,W3,2026-06-06,16,2026-06-09,Fulfilled
O02008,C0632,P005,W1,2026-02-24,5,,Cancelled
O02009,C0097,P013,W1,2026-02-14,2,2026-02-18,Fulfilled
O02010,C0792,P016,W2,2026-02-14,11,2026-02-17,Fulfilled
O02011,C0128,P006,W3,2026-07-12,14,2026-07-15,Fulfilled
O02012,C0421,P006,W2,2026-01-20,7,2026-01-27,Fulfilled
O02013,C0339,P009,W1,2025-12-12,24,2025-12-16,Fulfilled
O02014,C0361,P015,W3,2026-01-10,15,2026-01-13,Fulfilled
O02015,C0103,P007,W2,2025-11-11,11,2025-11-14,Fulfilled
O02016,C0275,P010,W1,2026-01-21,12,2026-01-22,Fulfilled
O02017,C0025,P014,W3,2025-10-12,12,2025-10-16,Fulfilled
O02018,C0778,P005,W4,2025-10-03,3,2025-10-05,Fulfilled
O02019,C0115,P015,W3,2026-05-23,15,2026-05-25,Fulfilled
O02020,C0387,P004,W1,2025-09-29,19,2025-09-30,Fulfilled
O02021,C0173,P004,W2,2026-03-27,11,2026-03-28,Fulfilled
O02022,C0143,P006,W3,2026-06-12,11,2026-06-16,Fulfilled
O02023,C0312,P008,W4,2026-05-23,22,2026-05-24,Fulfilled
O02024,C0775,P001,W4,2026-02-10,15,2026-02-11,Fulfilled
O02025,C0383,P025,W4,2025-11-10,8,2025-11-12,Fulfilled
O02026,C0768,P008,W4,2026-08-06,1,2026-08-10,Fulfilled
O02027,C0661,P021,W3,2026-07-02,20,2026-07-06,Fulfilled
O02028,C0349,P023,W3,2026-04-12,16,2026-04-13,Fulfilled
O02029,C0721,P021,W3,2025-10-02,16,2025-10-04,Fulfilled
O02030,C0279,P021,W3,2025-09-13,7,2025-09-17,Fulfilled
O02031,C0401,P003,W3,2025-12-25,5,2025-12-28,Fulfilled
O02032,C0544,P010,W1,2025-10-28,12,2025-11-01,Fulfilled
O02033,C0471,P019,W4,2026-07-12,19,2026-07-14,Fulfilled
O02034,C0663,P015,W1,2025-11-15,8,2025-11-16,Fulfilled
O02035,C0131,P001,W2,2025-12-13,13,2025-12-17,Fulfilled
O02036,C0399,P015,W2,2026-08-23,24,,Cancelled
O02037,C0532,P021,W4,2026-06-26,6,2026-06-27,Fulfilled
O02038,C0265,P021,W1,2025-11-19,6,2025-11-21,Fulfilled
O02039,C0693,P010,W2,2026-01-18,6,2026-01-20,Fulfilled
O02040,C0241,P006,W2,2026-03-08,22,2026-03-12,Fulfilled
O02041,C0241,P008,W1,2026-05-01,13,2026-05-05,Fulfilled
O02042,C0261,P008,W1,2026-08-08,23,2026-08-10,Fulfilled
O02043,C0541,P009,W2,2026-07-15,23,2026-07-18,Fulfilled
O02044,C0095,P008,W4,2026-08-23,11,2026-08-25,Fulfilled
O02045,C0115,P012,W2,2025-09-15,2,2025-09-19,Fulfilled
O02046,C0623,P002,W4,2025-11-26,8,2025-11-28,Fulfilled
O02047,C0166,P007,W3,2026-03-25,14,2026-03-31,Fulfilled
O02048,C0084,P008,W4,2025-09-18,10,2025-09-22,Fulfilled
O02049,C0211,P004,W4,2026-01-08,1,2026-01-09,Fulfilled
O02050,C0319,P022,W3,2025-10-27,24,2025-10-28,Fulfilled
O02051,C0027,P017,W3,2026-08-07,8,2026-08-09,Fulfilled
O02052,C0668,P023,W1,2025-09-24,15,2025-10-03,Fulfilled
O02053,C0094,P015,W3,2025-10-25,23,2025-10-28,Fulfilled
O02054,C0323,P003,W1,2025-11-11,14,2025-11-12,Fulfilled
O02055,C0162,P023,W3,2025-10-25,17,2025-10-27,Fulfilled
O02056,C0236,P012,W3,2026-03-27,1,2026-03-30,Fulfilled
O02057,C0037,P018,W4,2026-01-11,17,2026-01-15,Fulfilled
O02058,C0758,P010,W3,2026-07-31,21,2026-08-02,Fulfilled
O02059,C0749,P013,W2,2025-12-05,23,2025-12-06,Fulfilled
O02060,C0102,P013,W2,2026-03-16,3,,Backordered
O02061,C0158,P008,W3,2026-04-29,6,2026-04-30,Fulfilled
O02062,C0707,P014,W2,2026-04-17,2,2026-04-18,Fulfilled
O02063,C0332,P019,W2,2026-06-18,23,2026-06-20,Fulfilled
O02064,C0050,P001,W2,2025-11-13,7,2025-11-15,Fulfilled
O02065,C0109,P004,W3,2026-03-05,13,2026-03-14,Fulfilled
O02066,C0331,P022,W1,2026-06-20,12,2026-06-24,Fulfilled
O02067,C0446,P015,W3,2026-07-13,17,2026-07-15,Fulfilled
O02068,C0505,P025,W2,2026-04-14,22,2026-04-17,Fulfilled
O02069,C0123,P016,W2,2026-04-26,8,2026-04-29,Fulfilled
O02070,C0296,P017,W2,2026-07-13,19,2026-07-14,Fulfilled
O02071,C0209,P023,W1,2026-04-17,7,2026-04-21,Fulfilled
O02072,C0428,P017,W3,2026-08-13,5,2026-08-15,Fulfilled
O02073,C0257,P009,W3,2025-10-17,3,2025-10-21,Fulfilled
O02074,C0163,P014,W4,2026-01-05,9,2026-01-06,Fulfilled
O02075,C0652,P006,W2,2025-10-11,14,2025-10-15,Fulfilled
O02076,C0455,P009,W3,2025-10-04,19,2025-10-07,Fulfilled
O02077,C0379,P018,W3,2026-02-20,21,2026-02-21,Fulfilled
O02078,C0108,P004,W3,2025-11-22,13,2025-11-26,Fulfilled
O02079,C0057,P017,W3,2026-01-27,10,2026-01-30,Fulfilled
O02080,C0637,P015,W4,2026-02-07,5,2026-02-11,Fulfilled
O02081,C0774,P008,W4,2026-04-15,22,2026-04-16,Fulfilled
O02082,C0467,P002,W1,2026-08-12,10,2026-08-16,Fulfilled
O02083,C0032,P018,W2,2026-07-08,19,2026-07-12,Fulfilled
O02084,C0386,P021,W3,2026-01-17,16,2026-01-28,Fulfilled
O02085,C0224,P019,W3,2025-12-28,23,2026-01-07,Fulfilled
O02086,C0044,P011,W2,2026-06-09,24,2026-06-11,Fulfilled
O02087,C0114,P017,W1,2025-10-16,17,2025-10-18,Fulfilled
O02088,C0400,P011,W3,2026-03-17,16,2026-03-21,Fulfilled
O02089,C0342,P009,W3,2026-02-02,4,2026-02-06,Fulfilled
O02090,C0451,P009,W1,2025-11-06,1,2025-11-07,Fulfilled
O02091,C0555,P006,W3,2026-04-14,14,2026-04-15,Fulfilled
O02092,C0213,P025,W4,2025-12-27,17,2025-12-28,Fulfilled
O02093,C0229,P017,W3,2025-11-07,18,2025-11-10,Fulfilled
O02094,C0542,P005,W4,2026-04-27,7,2026-05-02,Fulfilled
O02095,C0158,P022,W2,2025-11-03,13,2025-11-07,Fulfilled
O02096,C0062,P004,W1,2026-05-04,21,2026-05-08,Fulfilled
O02097,C0683,P015,W3,2025-10-30,3,,Backordered
O02098,C0167,P005,W1,2026-02-06,10,2026-02-09,Fulfilled
O02099,C0097,P010,W1,2026-06-22,23,2026-06-26,Fulfilled
O02100,C0590,P017,W1,2025-11-23,5,,Cancelled
O02101,C0425,P025,W4,2026-06-08,8,2026-06-11,Fulfilled
O02102,C0118,P025,W4,2026-05-22,12,2026-05-24,Fulfilled
O02103,C0680,P023,W2,2026-07-27,17,2026-07-31,Fulfilled
O02104,C0197,P006,W3,2025-11-01,7,2025-11-03,Fulfilled
O02105,C0541,P003,W2,2026-05-20,20,2026-05-24,Fulfilled
O02106,C0521,P023,W1,2026-08-08,6,2026-08-10,Fulfilled
O02107,C0663,P024,W4,2026-06-06,9,2026-06-10,Fulfilled
O02108,C0583,P007,W4,2025-11-08,14,2025-11-12,Fulfilled
O02109,C0562,P001,W2,2026-06-28,1,2026-07-01,Fulfilled
O02110,C0042,P017,W2,2025-10-10,19,2025-10-15,Fulfilled
O02111,C0750,P002,W4,2026-04-03,17,2026-04-04,Fulfilled
O02112,C0102,P002,W2,2026-03-01,21,2026-03-05,Fulfilled
O02113,C0203,P024,W2,2026-03-13,7,2026-03-17,Fulfilled
O02114,C0357,P013,W2,2026-03-09,10,2026-03-12,Fulfilled
O02115,C0231,P003,W2,2025-09-12,22,2025-09-16,Fulfilled
O02116,C0474,P017,W3,2026-03-05,2,2026-03-09,Fulfilled
O02117,C0043,P010,W1,2026-08-08,12,2026-08-10,Fulfilled
O02118,C0363,P014,W2,2026-02-07,12,2026-02-11,Fulfilled
O02119,C0280,P023,W2,2025-12-11,11,2025-12-15,Fulfilled
O02120,C0518,P006,W2,2026-08-30,11,,Backordered
O02121,C0416,P017,W2,2025-10-07,18,2025-10-08,Fulfilled
O02122,C0605,P021,W2,2026-02-25,5,2026-03-03,Fulfilled
O02123,C0132,P011,W2,2026-03-07,22,2026-03-14,Fulfilled
O02124,C0759,P025,W4,2026-02-22,22,2026-02-24,Fulfilled
O02125,C0314,P012,W3,2026-08-03,5,2026-08-06,Fulfilled
O02126,C0280,P012,W3,2026-02-01,24,2026-02-05,Fulfilled
O02127,C0439,P023,W2,2026-08-22,7,2026-08-27,Fulfilled
O02128,C0131,P016,W4,2025-09-25,2,2025-09-29,Fulfilled
O02129,C0651,P022,W1,2026-05-26,10,2026-05-28,Fulfilled
O02130,C0212,P020,W3,2026-04-05,20,2026-04-08,Fulfilled
O02131,C0742,P018,W1,2025-11-27,21,2025-12-01,Fulfilled
O02132,C0119,P007,W4,2025-11-23,16,2025-11-24,Fulfilled
O02133,C0691,P010,W2,2026-05-21,20,2026-05-28,Fulfilled
O02134,C0316,P022,W2,2026-04-21,7,,Cancelled
O02135,C0486,P016,W1,2026-04-12,22,2026-04-14,Fulfilled
O02136,C0698,P008,W4,2025-09-19,16,2025-09-23,Fulfilled
O02137,C0104,P009,W2,2026-04-07,4,2026-04-09,Fulfilled
O02138,C0278,P020,W2,2026-08-25,4,2026-08-28,Fulfilled
O02139,C0758,P005,W4,2025-09-07,7,2025-09-15,Fulfilled
O02140,C0119,P003,W1,2026-02-19,2,2026-02-23,Fulfilled
O02141,C0083,P020,W2,2026-02-28,7,2026-03-03,Fulfilled
O02142,C0418,P008,W1,2026-07-25,24,2026-07-28,Fulfilled
O02143,C0020,P020,W1,2025-12-13,6,2025-12-15,Fulfilled
O02144,C0793,P014,W1,2026-02-21,16,2026-02-23,Fulfilled
O02145,C0723,P025,W1,2026-05-20,24,2026-05-22,Fulfilled
O02146,C0151,P014,W4,2025-09-23,7,2025-09-25,Fulfilled
O02147,C0138,P022,W2,2026-06-20,17,2026-06-24,Fulfilled
O02148,C0622,P022,W4,2026-06-28,11,2026-06-29,Fulfilled
O02149,C0417,P006,W2,2026-05-21,7,2026-05-24,Fulfilled
O02150,C0658,P025,W4,2026-04-25,23,2026-04-28,Fulfilled
O02151,C0774,P019,W1,2026-05-31,16,2026-06-04,Fulfilled
O02152,C0321,P003,W1,2026-06-13,11,2026-06-16,Fulfilled
O02153,C0203,P001,W1,2026-07-27,20,2026-07-29,Fulfilled
O02154,C0496,P007,W4,2026-02-04,22,2026-02-08,Fulfilled
O02155,C0508,P001,W3,2026-02-14,19,2026-02-16,Fulfilled
O02156,C0346,P009,W3,2026-04-21,21,2026-04-23,Fulfilled
O02157,C0239,P025,W4,2025-11-10,8,2025-11-11,Fulfilled
O02158,C0210,P012,W2,2026-07-10,9,2026-07-16,Fulfilled
O02159,C0417,P001,W3,2026-06-09,6,2026-06-11,Fulfilled
O02160,C0341,P013,W3,2026-04-19,17,2026-04-23,Fulfilled
O02161,C0366,P006,W3,2025-12-20,20,,Cancelled
O02162,C0077,P022,W3,2026-01-05,16,2026-01-09,Fulfilled
O02163,C0704,P003,W2,2026-02-06,15,2026-02-08,Fulfilled
O02164,C0565,P020,W1,2026-04-30,19,2026-05-02,Fulfilled
O02165,C0735,P012,W1,2026-06-11,5,2026-06-13,Fulfilled
O02166,C0663,P001,W3,2026-05-04,9,2026-05-17,Fulfilled
O02167,C0495,P017,W3,2026-08-06,17,2026-08-09,Fulfilled
O02168,C0246,P012,W3,2026-08-17,2,2026-08-18,Fulfilled
O02169,C0523,P020,W3,2026-05-16,22,2026-05-20,Fulfilled
O02170,C0453,P016,W1,2026-01-14,5,2026-01-15,Fulfilled
O02171,C0739,P020,W2,2026-04-07,19,2026-04-17,Fulfilled
O02172,C0186,P012,W2,2026-02-03,15,2026-02-15,Fulfilled
O02173,C0021,P001,W4,2026-04-18,21,2026-04-21,Fulfilled
O02174,C0102,P004,W3,2026-06-24,19,2026-06-26,Fulfilled
O02175,C0140,P012,W3,2026-01-13,13,2026-01-17,Fulfilled
O02176,C0531,P010,W3,2026-03-04,19,2026-03-08,Fulfilled
O02177,C0118,P020,W2,2025-09-17,9,2025-09-21,Fulfilled
O02178,C0108,P011,W4,2026-05-27,15,2026-05-29,Fulfilled
O02179,C0318,P022,W3,2026-02-26,22,2026-03-02,Fulfilled
O02180,C0625,P005,W4,2026-02-15,3,2026-02-16,Fulfilled
O02181,C0340,P010,W3,2026-03-14,9,2026-03-18,Fulfilled
O02182,C0218,P019,W3,2025-11-18,1,2025-11-21,Fulfilled
O02183,C0228,P004,W1,2026-04-07,13,2026-04-10,Fulfilled
O02184,C0654,P009,W3,2026-05-30,19,2026-05-31,Fulfilled
O02185,C0347,P019,W1,2026-01-06,1,2026-01-19,Fulfilled
O02186,C0295,P015,W3,2025-10-18,14,2025-10-20,Fulfilled
O02187,C0619,P020,W3,2026-01-20,10,2026-01-23,Fulfilled
O02188,C0295,P013,W3,2025-11-12,19,2025-11-13,Fulfilled
O02189,C0286,P022,W2,2026-01-15,6,2026-01-19,Fulfilled
O02190,C0600,P022,W1,2026-04-17,4,,Cancelled
O02191,C0262,P025,W3,2025-10-12,3,2025-10-25,Fulfilled
O02192,C0408,P004,W3,2026-05-31,10,2026-06-04,Fulfilled
O02193,C0532,P015,W2,2025-11-21,12,2025-11-24,Fulfilled
O02194,C0161,P003,W3,2026-07-24,23,2026-07-25,Fulfilled
O02195,C0103,P006,W4,2026-05-26,12,2026-05-28,Fulfilled
O02196,C0680,P008,W3,2025-12-09,5,2025-12-12,Fulfilled
O02197,C0238,P017,W1,2026-03-25,17,2026-03-28,Fulfilled
O02198,C0272,P011,W4,2025-10-11,2,2025-10-14,Fulfilled
O02199,C0472,P022,W2,2025-10-07,9,2025-10-08,Fulfilled
O02200,C0083,P008,W3,2026-08-15,16,2026-08-18,Fulfilled
O02201,C0037,P016,W4,2026-06-20,7,2026-06-21,Fulfilled
O02202,C0333,P020,W2,2025-10-27,15,2025-10-29,Fulfilled
O02203,C0774,P025,W3,2025-12-13,11,2025-12-14,Fulfilled
O02204,C0459,P007,W1,2025-11-12,23,,Cancelled
O02205,C0463,P019,W4,2026-01-23,7,2026-01-26,Fulfilled
O02206,C0488,P003,W1,2025-12-16,22,2025-12-20,Fulfilled
O02207,C0688,P014,W3,2025-12-29,16,2025-12-31,Fulfilled
O02208,C0668,P011,W2,2026-03-13,18,,Cancelled
O02209,C0020,P024,W1,2025-11-09,5,2025-11-16,Fulfilled
O02210,C0433,P020,W2,2026-07-20,1,2026-07-24,Fulfilled
O02211,C0437,P024,W4,2026-05-24,18,2026-05-28,Fulfilled
O02212,C0179,P022,W1,2026-06-05,12,2026-06-06,Fulfilled
O02213,C0780,P011,W2,2025-11-01,8,2025-11-04,Fulfilled
O02214,C0210,P019,W1,2026-05-17,22,2026-05-19,Fulfilled
O02215,C0667,P001,W1,2026-07-03,8,2026-07-05,Fulfilled
O02216,C0081,P014,W1,2025-11-03,11,2025-11-06,Fulfilled
O02217,C0481,P002,W3,2026-06-02,18,2026-06-06,Fulfilled
O02218,C0589,P019,W4,2026-01-09,24,2026-01-10,Fulfilled
O02219,C0403,P025,W3,2026-06-15,22,2026-06-19,Fulfilled
O02220,C0085,P018,W4,2026-02-22,16,2026-03-02,Fulfilled
O02221,C0100,P021,W3,2026-06-20,3,2026-06-23,Fulfilled
O02222,C0485,P006,W2,2025-10-24,3,2025-10-25,Fulfilled
O02223,C0690,P025,W4,2026-01-21,17,2026-01-22,Fulfilled
O02224,C0477,P014,W1,2025-12-09,13,2025-12-10,Fulfilled
O02225,C0081,P017,W3,2025-11-30,4,2025-12-04,Fulfilled
O02226,C0628,P020,W1,2025-12-22,17,2025-12-25,Fulfilled
O02227,C0367,P016,W4,2026-01-18,23,2026-01-21,Fulfilled
O02228,C0060,P008,W1,2025-10-17,2,2025-10-21,Fulfilled
O02229,C0294,P016,W1,2026-05-17,20,2026-05-21,Fulfilled
O02230,C0163,P017,W2,2026-03-20,9,2026-03-24,Fulfilled
O02231,C0789,P022,W3,2026-06-30,10,2026-07-02,Fulfilled
O02232,C0727,P013,W1,2026-05-16,18,2026-05-28,Fulfilled
O02233,C0085,P013,W2,2025-10-25,6,2025-10-26,Fulfilled
O02234,C0458,P013,W2,2025-09-26,4,2025-09-28,Fulfilled
O02235,C0006,P003,W3,2026-02-02,24,2026-02-03,Fulfilled
O02236,C0366,P003,W4,2026-02-23,9,2026-02-24,Fulfilled
O02237,C0125,P001,W3,2025-11-27,5,2025-12-01,Fulfilled
O02238,C0598,P017,W3,2026-06-13,17,2026-06-15,Fulfilled
O02239,C0058,P011,W2,2026-04-01,6,2026-04-04,Fulfilled
O02240,C0722,P022,W4,2026-06-01,19,2026-06-05,Fulfilled
O02241,C0185,P018,W1,2025-10-10,2,2025-10-21,Fulfilled
O02242,C0211,P004,W1,2026-06-25,13,2026-06-27,Fulfilled
O02243,C0708,P003,W1,2025-11-15,10,,Cancelled
O02244,C0721,P010,W2,2026-02-11,23,2026-02-12,Fulfilled
O02245,C0077,P024,W2,2026-02-08,13,,Backordered
O02246,C0087,P002,W4,2026-06-27,23,2026-07-01,Fulfilled
O02247,C0682,P005,W3,2025-12-11,6,2025-12-14,Fulfilled
O02248,C0782,P001,W2,2025-11-27,12,2025-11-29,Fulfilled
O02249,C0391,P011,W1,2026-01-02,20,2026-01-06,Fulfilled
O02250,C0132,P025,W3,2026-01-10,4,2026-01-12,Fulfilled
O02251,C0122,P018,W2,2025-11-06,23,2025-11-08,Fulfilled
O02252,C0213,P013,W4,2025-11-04,19,2025-11-08,Fulfilled
O02253,C0548,P004,W2,2025-11-24,17,2025-11-26,Fulfilled
O02254,C0078,P009,W3,2026-02-18,6,2026-02-25,Fulfilled
O02255,C0513,P014,W4,2026-01-04,20,2026-01-05,Fulfilled
O02256,C0643,P007,W2,2026-01-22,21,2026-01-31,Fulfilled
O02257,C0115,P018,W2,2026-05-21,8,2026-05-23,Fulfilled
O02258,C0787,P025,W3,2025-11-27,15,2025-11-29,Fulfilled
O02259,C0789,P006,W2,2026-07-30,2,2026-08-03,Fulfilled
O02260,C0238,P007,W1,2026-06-02,10,2026-06-04,Fulfilled
O02261,C0090,P004,W2,2025-11-03,4,2025-11-07,Fulfilled
O02262,C0261,P019,W1,2025-12-24,14,2025-12-25,Fulfilled
O02263,C0207,P012,W3,2025-11-06,14,2025-11-08,Fulfilled
O02264,C0223,P008,W1,2025-12-09,13,2025-12-11,Fulfilled
O02265,C0740,P006,W2,2026-01-12,17,2026-01-15,Fulfilled
O02266,C0124,P002,W4,2025-10-18,23,2025-10-19,Fulfilled
O02267,C0254,P012,W3,2025-09-06,5,2025-09-11,Fulfilled
O02268,C0630,P018,W3,2026-02-08,6,2026-02-11,Fulfilled
O02269,C0046,P006,W3,2026-05-14,6,2026-05-16,Fulfilled
O02270,C0049,P001,W2,2025-12-20,23,2025-12-24,Fulfilled
O02271,C0242,P012,W3,2026-07-12,3,2026-07-14,Fulfilled
O02272,C0774,P017,W1,2026-01-13,1,2026-01-17,Fulfilled
O02273,C0671,P009,W3,2026-07-26,4,,Cancelled
O02274,C0741,P007,W3,2025-11-26,19,2025-11-30,Fulfilled
O02275,C0691,P004,W4,2026-03-16,14,,Cancelled
O02276,C0095,P019,W4,2026-06-06,23,,Cancelled
O02277,C0321,P022,W1,2025-09-22,5,,Backordered
O02278,C0424,P020,W2,2026-08-06,10,2026-08-07,Fulfilled
O02279,C0134,P013,W3,2026-01-12,14,2026-01-13,Fulfilled
O02280,C0794,P019,W2,2026-03-01,2,2026-03-04,Fulfilled
O02281,C0482,P010,W3,2026-04-18,23,2026-04-22,Fulfilled
O02282,C0682,P001,W4,2026-04-23,20,2026-04-25,Fulfilled
O02283,C0207,P010,W2,2025-09-09,4,2025-09-12,Fulfilled
O02284,C0572,P018,W4,2026-07-14,21,2026-07-15,Fulfilled
O02285,C0085,P017,W4,2026-04-16,11,2026-04-17,Fulfilled
O02286,C0018,P025,W4,2026-08-31,9,2026-09-04,Fulfilled
O02287,C0512,P025,W1,2026-02-20,23,2026-02-21,Fulfilled
O02288,C0055,P007,W2,2026-04-12,13,2026-04-14,Fulfilled
O02289,C0221,P001,W1,2026-02-08,6,2026-02-11,Fulfilled
O02290,C0635,P007,W1,2026-07-22,20,2026-07-28,Fulfilled
O02291,C0398,P022,W1,2026-07-01,18,2026-07-05,Fulfilled
O02292,C0301,P021,W2,2026-07-29,5,2026-08-01,Fulfilled
O02293,C0233,P003,W1,2026-03-04,17,2026-03-06,Fulfilled
O02294,C0535,P005,W2,2026-06-16,16,2026-06-20,Fulfilled
O02295,C0763,P015,W4,2026-01-09,7,2026-01-12,Fulfilled
O02296,C0591,P017,W4,2026-02-16,11,2026-02-19,Fulfilled
O02297,C0287,P025,W4,2026-06-05,21,2026-06-06,Fulfilled
O02298,C0338,P019,W1,2025-09-30,5,2025-10-04,Fulfilled
O02299,C0083,P006,W3,2026-05-18,18,2026-05-19,Fulfilled
O02300,C0115,P001,W3,2025-09-06,20,2025-09-09,Fulfilled
O02301,C0215,P016,W1,2026-03-31,23,2026-04-04,Fulfilled
O02302,C0309,P014,W4,2026-02-22,8,2026-03-02,Fulfilled
O02303,C0792,P024,W2,2026-02-19,7,2026-02-22,Fulfilled
O02304,C0696,P015,W4,2026-02-28,23,2026-03-01,Fulfilled
O02305,C0091,P013,W1,2026-02-27,12,,Backordered
O02306,C0265,P008,W3,2026-01-27,14,2026-02-07,Fulfilled
O02307,C0046,P003,W1,2026-02-12,13,2026-02-15,Fulfilled
O02308,C0051,P022,W4,2026-03-27,13,2026-03-30,Fulfilled
O02309,C0300,P021,W3,2026-06-06,15,2026-06-09,Fulfilled
O02310,C0767,P005,W1,2026-03-21,11,2026-03-24,Fulfilled
O02311,C0148,P018,W1,2026-04-23,10,2026-04-25,Fulfilled
O02312,C0544,P010,W2,2026-07-03,10,2026-07-04,Fulfilled
O02313,C0314,P011,W1,2026-08-28,16,2026-08-29,Fulfilled
O02314,C0433,P022,W1,2025-10-10,20,2025-10-14,Fulfilled
O02315,C0695,P022,W4,2026-05-19,14,2026-05-21,Fulfilled
O02316,C0663,P005,W4,2025-11-22,17,2025-11-24,Fulfilled
O02317,C0662,P008,W3,2025-11-11,10,,Cancelled
O02318,C0329,P021,W4,2026-06-17,19,2026-06-18,Fulfilled
O02319,C0039,P023,W3,2025-09-26,10,2025-09-30,Fulfilled
O02320,C0788,P002,W1,2026-07-07,11,2026-07-08,Fulfilled
O02321,C0795,P021,W3,2026-06-09,2,2026-06-10,Fulfilled
O02322,C0686,P013,W1,2026-08-30,7,2026-09-01,Fulfilled
O02323,C0382,P015,W4,2026-05-02,18,2026-05-04,Fulfilled
O02324,C0225,P002,W2,2026-07-16,3,2026-07-17,Fulfilled
O02325,C0140,P018,W1,2025-10-14,6,2025-10-16,Fulfilled
O02326,C0297,P017,W2,2026-07-22,19,2026-07-26,Fulfilled
O02327,C0268,P017,W3,2025-10-29,21,2025-10-31,Fulfilled
O02328,C0221,P020,W4,2025-12-24,10,2025-12-28,Fulfilled
O02329,C0760,P024,W3,2025-10-17,10,2025-10-19,Fulfilled
O02330,C0527,P022,W1,2026-01-25,13,2026-01-26,Fulfilled
O02331,C0179,P019,W4,2026-06-01,19,2026-06-02,Fulfilled
O02332,C0511,P025,W4,2025-12-07,12,2025-12-11,Fulfilled
O02333,C0564,P017,W2,2026-06-28,5,2026-06-30,Fulfilled
O02334,C0418,P017,W3,2026-04-10,11,,Backordered
O02335,C0757,P014,W4,2026-04-18,7,2026-04-29,Fulfilled
O02336,C0772,P020,W2,2026-08-09,17,2026-08-10,Fulfilled
O02337,C0346,P002,W1,2026-02-05,4,2026-02-07,Fulfilled
O02338,C0378,P013,W1,2026-01-04,15,2026-01-07,Fulfilled
O02339,C0174,P011,W3,2026-08-30,4,2026-08-31,Fulfilled
O02340,C0627,P023,W4,2026-03-23,24,2026-03-27,Fulfilled
O02341,C0744,P002,W3,2026-04-13,16,2026-04-14,Fulfilled
O02342,C0526,P017,W3,2025-12-18,4,2025-12-28,Fulfilled
O02343,C0161,P005,W2,2025-11-18,24,,Backordered
O02344,C0415,P023,W2,2025-11-01,14,2025-11-04,Fulfilled
O02345,C0635,P022,W1,2025-11-21,15,2025-11-25,Fulfilled
O02346,C0034,P006,W2,2025-11-11,2,2025-11-15,Fulfilled
O02347,C0472,P022,W3,2026-05-31,5,2026-06-03,Fulfilled
O02348,C0526,P013,W4,2025-09-22,20,2025-09-25,Fulfilled
O02349,C0429,P025,W4,2026-04-18,12,2026-04-20,Fulfilled
O02350,C0514,P019,W4,2026-08-13,15,2026-08-21,Fulfilled
O02351,C0716,P001,W1,2026-06-07,24,2026-06-20,Fulfilled
O02352,C0100,P006,W4,2026-01-26,11,2026-01-27,Fulfilled
O02353,C0456,P011,W1,2025-09-22,10,2025-10-03,Fulfilled
O02354,C0636,P006,W3,2026-07-02,20,2026-07-05,Fulfilled
O02355,C0657,P004,W4,2025-09-02,2,2025-09-04,Fulfilled
O02356,C0374,P025,W4,2026-05-07,11,2026-05-09,Fulfilled
O02357,C0797,P022,W3,2026-05-03,21,2026-05-06,Fulfilled
O02358,C0259,P011,W2,2025-11-10,6,2025-11-12,Fulfilled
O02359,C0353,P006,W3,2026-05-29,8,2026-06-02,Fulfilled
O02360,C0659,P005,W3,2025-11-04,12,2025-11-05,Fulfilled
O02361,C0351,P023,W3,2025-11-22,2,2025-11-24,Fulfilled
O02362,C0275,P009,W2,2026-06-24,2,,Cancelled
O02363,C0445,P001,W2,2026-08-24,7,2026-08-26,Fulfilled
O02364,C0497,P010,W3,2025-12-06,22,2025-12-09,Fulfilled
O02365,C0776,P012,W1,2026-08-03,6,2026-08-06,Fulfilled
O02366,C0494,P016,W4,2026-07-31,18,2026-08-02,Fulfilled
O02367,C0149,P009,W1,2026-06-08,11,2026-06-11,Fulfilled
O02368,C0043,P024,W4,2025-10-22,19,2025-10-23,Fulfilled
O02369,C0773,P017,W1,2025-12-19,8,2025-12-22,Fulfilled
O02370,C0338,P025,W3,2026-05-06,21,2026-05-07,Fulfilled
O02371,C0162,P010,W2,2026-08-31,9,2026-09-03,Fulfilled
O02372,C0179,P017,W3,2026-06-25,19,2026-06-26,Fulfilled
O02373,C0085,P010,W2,2026-02-01,20,2026-02-05,Fulfilled
O02374,C0160,P018,W4,2025-11-25,11,2025-11-28,Fulfilled
O02375,C0624,P019,W1,2026-08-17,17,2026-08-18,Fulfilled
O02376,C0524,P009,W4,2025-12-10,3,2025-12-11,Fulfilled
O02377,C0480,P024,W3,2026-01-03,12,2026-01-07,Fulfilled
O02378,C0010,P022,W4,2026-08-19,9,2026-08-23,Fulfilled
O02379,C0538,P023,W1,2026-03-25,23,2026-03-28,Fulfilled
O02380,C0775,P006,W1,2025-12-06,23,2025-12-08,Fulfilled
O02381,C0738,P018,W2,2025-09-02,19,2025-09-04,Fulfilled
O02382,C0316,P003,W2,2026-02-04,23,2026-02-05,Fulfilled
O02383,C0480,P003,W4,2026-08-26,24,2026-08-31,Fulfilled
O02384,C0239,P025,W4,2026-02-05,19,2026-02-09,Fulfilled
O02385,C0710,P004,W2,2026-05-14,15,2026-05-17,Fulfilled
O02386,C0736,P022,W4,2025-12-02,5,2025-12-04,Fulfilled
O02387,C0179,P011,W1,2026-06-11,20,2026-06-12,Fulfilled
O02388,C0389,P008,W3,2026-06-11,5,2026-06-13,Fulfilled
O02389,C0189,P002,W1,2026-04-11,5,2026-04-13,Fulfilled
O02390,C0491,P017,W3,2026-06-09,22,2026-06-10,Fulfilled
O02391,C0235,P019,W2,2026-03-31,3,2026-04-08,Fulfilled
O02392,C0556,P012,W2,2026-01-17,4,2026-01-20,Fulfilled
O02393,C0785,P021,W2,2026-05-28,13,2026-06-01,Fulfilled
O02394,C0697,P009,W2,2026-07-02,15,2026-07-04,Fulfilled
O02395,C0146,P014,W4,2026-07-04,2,2026-07-06,Fulfilled
O02396,C0104,P008,W4,2025-11-17,10,2025-11-21,Fulfilled
O02397,C0651,P015,W2,2026-05-05,6,2026-05-07,Fulfilled
O02398,C0066,P004,W2,2025-09-02,8,2025-09-05,Fulfilled
O02399,C0320,P012,W3,2026-03-28,5,2026-03-31,Fulfilled
O02400,C0794,P014,W3,2026-03-28,17,2026-04-01,Fulfilled
O02401,C0359,P014,W1,2026-01-11,12,2026-01-13,Fulfilled
O02402,C0008,P012,W3,2026-08-29,24,2026-09-01,Fulfilled
O02403,C0780,P017,W4,2026-07-20,1,2026-07-21,Fulfilled
O02404,C0566,P013,W4,2025-09-15,19,2025-09-19,Fulfilled
O02405,C0265,P008,W3,2025-11-16,22,2025-11-17,Fulfilled
O02406,C0489,P006,W2,2025-11-15,12,2025-11-18,Fulfilled
O02407,C0490,P017,W2,2026-07-25,17,2026-07-26,Fulfilled
O02408,C0442,P024,W3,2026-03-09,11,,Cancelled
O02409,C0768,P019,W2,2026-05-25,15,2026-05-26,Fulfilled
O02410,C0628,P016,W1,2026-06-23,22,2026-06-26,Fulfilled
O02411,C0207,P024,W3,2026-06-08,13,2026-06-10,Fulfilled
O02412,C0793,P023,W1,2025-10-03,14,2025-10-06,Fulfilled
O02413,C0770,P013,W4,2025-10-22,24,,Backordered
O02414,C0038,P003,W2,2026-01-23,12,2026-01-30,Fulfilled
O02415,C0238,P016,W2,2026-01-02,5,2026-01-05,Fulfilled
O02416,C0492,P016,W1,2026-05-31,17,2026-06-03,Fulfilled
O02417,C0702,P007,W1,2025-10-28,17,2025-11-03,Fulfilled
O02418,C0573,P022,W4,2026-01-14,6,2026-01-16,Fulfilled
O02419,C0459,P022,W3,2025-11-26,18,2025-11-29,Fulfilled
O02420,C0245,P009,W4,2025-11-08,2,2025-11-11,Fulfilled
O02421,C0078,P012,W4,2025-11-03,8,2025-11-04,Fulfilled
O02422,C0714,P005,W1,2025-11-11,21,2025-11-12,Fulfilled
O02423,C0426,P005,W2,2026-03-25,15,2026-03-27,Fulfilled
O02424,C0366,P007,W4,2026-01-28,15,2026-02-05,Fulfilled
O02425,C0784,P010,W2,2026-02-06,15,2026-02-09,Fulfilled
O02426,C0132,P007,W3,2026-02-22,4,2026-02-23,Fulfilled
O02427,C0203,P004,W3,2026-05-29,24,2026-05-30,Fulfilled
O02428,C0683,P012,W3,2026-07-12,8,2026-07-13,Fulfilled
O02429,C0228,P016,W4,2026-03-12,19,2026-03-14,Fulfilled
O02430,C0754,P009,W4,2026-04-23,24,2026-04-24,Fulfilled
O02431,C0686,P014,W3,2026-05-28,6,,Cancelled
O02432,C0080,P007,W3,2026-05-10,16,2026-05-11,Fulfilled
O02433,C0366,P018,W2,2025-10-20,2,2025-10-24,Fulfilled
O02434,C0601,P017,W1,2026-08-25,16,2026-08-28,Fulfilled
O02435,C0392,P025,W3,2025-10-31,11,2025-11-01,Fulfilled
O02436,C0172,P002,W1,2026-01-29,2,2026-01-31,Fulfilled
O02437,C0036,P022,W3,2026-04-27,17,2026-04-28,Fulfilled
O02438,C0006,P009,W2,2026-01-26,24,2026-01-30,Fulfilled
O02439,C0143,P002,W4,2025-11-28,2,2025-12-06,Fulfilled
O02440,C0209,P018,W4,2026-08-04,22,2026-08-08,Fulfilled
O02441,C0242,P005,W3,2025-09-27,21,2025-09-29,Fulfilled
O02442,C0684,P005,W3,2025-11-29,14,2025-12-03,Fulfilled
O02443,C0407,P025,W2,2026-08-29,22,,Cancelled
O02444,C0113,P006,W2,2026-05-25,8,2026-05-27,Fulfilled
O02445,C0067,P014,W1,2025-10-02,18,2025-10-13,Fulfilled
O02446,C0105,P006,W1,2026-06-03,17,2026-06-11,Fulfilled
O02447,C0251,P004,W3,2026-08-20,14,2026-08-24,Fulfilled
O02448,C0591,P001,W4,2025-10-06,21,2025-10-08,Fulfilled
O02449,C0040,P001,W1,2026-01-30,22,2026-01-31,Fulfilled
O02450,C0325,P012,W2,2026-02-18,19,,Backordered
O02451,C0358,P011,W3,2025-10-18,15,2025-10-19,Fulfilled
O02452,C0119,P001,W3,2025-11-13,24,2025-11-16,Fulfilled
O02453,C0047,P009,W3,2025-11-03,14,2025-11-04,Fulfilled
O02454,C0184,P007,W3,2025-11-07,16,2025-11-10,Fulfilled
O02455,C0122,P015,W1,2026-01-26,5,2026-01-28,Fulfilled
O02456,C0635,P025,W2,2026-02-17,8,2026-02-19,Fulfilled
O02457,C0733,P018,W2,2025-11-26,22,2025-11-29,Fulfilled
O02458,C0498,P023,W1,2025-12-15,12,2025-12-18,Fulfilled
O02459,C0607,P005,W2,2025-11-10,13,2025-11-14,Fulfilled
O02460,C0608,P006,W2,2026-06-18,20,2026-06-20,Fulfilled
O02461,C0702,P019,W4,2025-11-17,8,2025-11-21,Fulfilled
O02462,C0079,P008,W2,2026-07-29,7,,Backordered
O02463,C0797,P022,W4,2026-03-16,1,2026-03-20,Fulfilled
O02464,C0367,P012,W3,2026-06-20,6,,Cancelled
O02465,C0434,P006,W3,2026-04-21,13,2026-04-25,Fulfilled
O02466,C0637,P022,W4,2025-12-07,18,2025-12-17,Fulfilled
O02467,C0395,P014,W4,2026-04-08,8,2026-04-11,Fulfilled
O02468,C0213,P021,W1,2025-12-10,11,2025-12-14,Fulfilled
O02469,C0016,P012,W2,2025-10-14,6,,Backordered
O02470,C0136,P004,W3,2025-12-02,20,2025-12-06,Fulfilled
O02471,C0068,P018,W4,2025-12-10,13,2025-12-13,Fulfilled
O02472,C0306,P004,W1,2025-10-20,4,2025-10-22,Fulfilled
O02473,C0623,P017,W2,2025-09-09,15,2025-09-13,Fulfilled
O02474,C0267,P011,W1,2026-08-11,9,2026-08-12,Fulfilled
O02475,C0478,P020,W1,2026-03-07,21,2026-03-15,Fulfilled
O02476,C0149,P022,W4,2026-01-25,7,2026-01-29,Fulfilled
O02477,C0472,P011,W1,2026-08-06,21,2026-08-07,Fulfilled
O02478,C0763,P023,W4,2025-11-22,17,2025-11-24,Fulfilled
O02479,C0252,P003,W4,2026-01-26,4,2026-01-29,Fulfilled
O02480,C0386,P003,W4,2026-07-07,19,2026-07-08,Fulfilled
O02481,C0770,P025,W1,2026-04-19,18,2026-04-23,Fulfilled
O02482,C0486,P015,W1,2026-01-24,11,2026-02-01,Fulfilled
O02483,C0319,P012,W2,2025-12-03,4,2025-12-05,Fulfilled
O02484,C0097,P004,W3,2025-09-13,12,2025-09-15,Fulfilled
O02485,C0749,P008,W4,2025-10-02,15,2025-10-12,Fulfilled
O02486,C0488,P018,W2,2025-10-30,4,2025-10-31,Fulfilled
O02487,C0046,P021,W1,2026-06-15,9,2026-06-18,Fulfilled
O02488,C0444,P023,W4,2026-04-22,17,,Cancelled
O02489,C0774,P011,W4,2026-02-06,14,2026-02-08,Fulfilled
O02490,C0745,P012,W3,2026-06-13,24,2026-06-14,Fulfilled
O02491,C0157,P005,W3,2025-10-29,6,2025-11-01,Fulfilled
O02492,C0330,P003,W4,2025-11-16,19,2025-11-19,Fulfilled
O02493,C0789,P011,W2,2026-01-22,11,2026-01-27,Fulfilled
O02494,C0625,P015,W1,2026-08-01,6,2026-08-04,Fulfilled
O02495,C0448,P003,W3,2026-04-13,23,2026-04-14,Fulfilled
O02496,C0244,P011,W2,2026-07-08,15,2026-07-09,Fulfilled
O02497,C0610,P017,W4,2025-11-30,13,2025-12-02,Fulfilled
O02498,C0463,P021,W4,2026-07-07,8,2026-07-10,Fulfilled
O02499,C0419,P024,W2,2025-09-27,22,2025-09-30,Fulfilled
O02500,C0741,P009,W2,2025-11-23,1,2025-12-03,Fulfilled
O02501,C0302,P010,W2,2026-03-10,3,2026-03-11,Fulfilled
O02502,C0500,P022,W3,2025-09-19,5,2025-09-21,Fulfilled
O02503,C0035,P018,W3,2026-07-11,16,,Backordered
O02504,C0569,P007,W3,2026-07-14,3,2026-07-23,Fulfilled
O02505,C0438,P018,W3,2026-03-17,20,2026-03-18,Fulfilled
O02506,C0700,P004,W4,2025-12-21,5,2025-12-25,Fulfilled
O02507,C0267,P012,W2,2025-10-07,17,2025-10-08,Fulfilled
O02508,C0740,P008,W1,2026-04-14,20,2026-04-18,Fulfilled
O02509,C0460,P025,W4,2026-03-16,22,,Backordered
O02510,C0167,P001,W4,2026-06-05,8,2026-06-06,Fulfilled
O02511,C0129,P022,W3,2026-04-08,2,2026-04-10,Fulfilled
O02512,C0157,P008,W2,2025-10-17,19,2025-10-28,Fulfilled
O02513,C0242,P001,W2,2025-10-15,11,2025-10-19,Fulfilled
O02514,C0440,P017,W2,2026-06-13,23,,Cancelled
O02515,C0694,P017,W1,2025-10-29,5,2025-10-31,Fulfilled
O02516,C0796,P004,W3,2026-08-09,14,2026-08-13,Fulfilled
O02517,C0542,P001,W2,2025-10-09,3,2025-10-10,Fulfilled
O02518,C0392,P003,W2,2026-05-24,12,2026-05-28,Fulfilled
O02519,C0491,P011,W3,2026-08-22,1,2026-08-26,Fulfilled
O02520,C0265,P004,W4,2026-02-09,19,2026-02-11,Fulfilled
O02521,C0196,P018,W1,2025-09-21,15,2025-09-22,Fulfilled
O02522,C0430,P002,W4,2026-07-17,3,2026-07-21,Fulfilled
O02523,C0662,P020,W3,2025-11-08,12,,Cancelled
O02524,C0052,P022,W4,2026-03-12,11,2026-03-14,Fulfilled
O02525,C0089,P018,W2,2026-08-26,17,2026-08-27,Fulfilled
O02526,C0142,P024,W4,2026-05-30,12,2026-06-01,Fulfilled
O02527,C0168,P024,W3,2025-09-17,12,2025-09-18,Fulfilled
O02528,C0119,P002,W3,2026-06-27,20,2026-06-30,Fulfilled
O02529,C0105,P009,W3,2025-10-29,13,2025-11-01,Fulfilled
O02530,C0023,P020,W2,2026-06-01,20,,Cancelled
O02531,C0279,P009,W3,2026-04-15,22,,Cancelled
O02532,C0578,P019,W4,2025-12-15,21,2025-12-24,Fulfilled
O02533,C0126,P020,W4,2026-02-02,23,2026-02-03,Fulfilled
O02534,C0261,P025,W1,2025-10-14,17,,Backordered
O02535,C0778,P009,W3,2026-08-27,14,,Cancelled
O02536,C0135,P009,W4,2025-11-26,13,2025-12-05,Fulfilled
O02537,C0789,P001,W3,2025-12-22,5,2025-12-26,Fulfilled
O02538,C0410,P008,W2,2026-03-03,20,2026-03-07,Fulfilled
O02539,C0579,P008,W2,2026-05-04,17,2026-05-12,Fulfilled
O02540,C0259,P012,W3,2026-03-04,21,2026-03-06,Fulfilled
O02541,C0260,P011,W3,2026-03-04,17,,Cancelled
O02542,C0315,P022,W2,2026-04-01,12,2026-04-04,Fulfilled
O02543,C0103,P020,W2,2026-07-11,8,2026-07-15,Fulfilled
O02544,C0253,P019,W2,2026-01-23,24,2026-01-26,Fulfilled
O02545,C0715,P001,W1,2026-07-01,18,2026-07-04,Fulfilled
O02546,C0004,P012,W1,2026-06-15,21,,Backordered
O02547,C0458,P019,W1,2026-08-17,15,2026-08-20,Fulfilled
O02548,C0550,P007,W2,2026-07-31,13,2026-08-04,Fulfilled
O02549,C0113,P011,W3,2026-06-19,1,2026-06-23,Fulfilled
O02550,C0089,P019,W2,2025-11-30,2,2025-12-03,Fulfilled
O02551,C0442,P020,W4,2026-06-10,17,2026-06-11,Fulfilled
O02552,C0176,P022,W1,2026-05-27,6,2026-06-06,Fulfilled
O02553,C0782,P011,W2,2025-12-15,2,2025-12-18,Fulfilled
O02554,C0153,P010,W1,2026-05-06,19,2026-05-10,Fulfilled
O02555,C0105,P010,W2,2025-12-02,15,2025-12-06,Fulfilled
O02556,C0265,P017,W3,2026-03-10,3,2026-03-12,Fulfilled
O02557,C0266,P011,W2,2026-06-18,12,2026-06-21,Fulfilled
O02558,C0128,P011,W2,2025-11-08,12,2025-11-09,Fulfilled
O02559,C0532,P005,W3,2026-01-01,1,2026-01-09,Fulfilled
O02560,C0278,P012,W4,2026-06-18,15,2026-06-19,Fulfilled
O02561,C0422,P006,W1,2026-02-13,10,,Backordered
O02562,C0195,P014,W1,2026-08-17,22,,Cancelled
O02563,C0078,P023,W1,2025-09-03,3,2025-09-04,Fulfilled
O02564,C0049,P020,W3,2026-05-22,21,2026-05-26,Fulfilled
O02565,C0043,P012,W4,2026-06-25,1,2026-06-29,Fulfilled
O02566,C0696,P025,W1,2026-08-02,19,2026-08-04,Fulfilled
O02567,C0212,P025,W1,2025-10-28,19,2025-10-30,Fulfilled
O02568,C0245,P012,W3,2026-08-26,10,2026-08-27,Fulfilled
O02569,C0463,P020,W4,2026-01-22,7,2026-01-26,Fulfilled
O02570,C0077,P009,W3,2026-01-07,4,2026-01-08,Fulfilled
O02571,C0480,P022,W4,2026-01-08,9,2026-01-12,Fulfilled
O02572,C0417,P010,W3,2026-04-21,17,2026-04-28,Fulfilled
O02573,C0633,P007,W1,2026-04-29,18,2026-05-03,Fulfilled
O02574,C0099,P004,W2,2026-02-20,5,2026-02-22,Fulfilled
O02575,C0014,P022,W4,2025-09-26,1,2025-09-30,Fulfilled
O02576,C0618,P008,W3,2026-08-27,14,2026-08-29,Fulfilled
O02577,C0296,P021,W1,2025-11-21,14,2025-11-23,Fulfilled
O02578,C0050,P003,W1,2025-10-05,24,2025-10-07,Fulfilled
O02579,C0445,P013,W3,2026-04-07,19,2026-04-11,Fulfilled
O02580,C0372,P011,W2,2026-01-29,14,2026-01-31,Fulfilled
O02581,C0760,P011,W3,2026-04-13,15,2026-04-15,Fulfilled
O02582,C0755,P005,W2,2026-07-17,16,2026-07-20,Fulfilled
O02583,C0431,P002,W2,2025-10-06,11,2025-10-09,Fulfilled
O02584,C0128,P009,W3,2025-12-13,17,2025-12-16,Fulfilled
O02585,C0598,P012,W1,2026-03-08,5,2026-03-10,Fulfilled
O02586,C0161,P020,W2,2026-06-15,20,2026-06-16,Fulfilled
O02587,C0670,P012,W2,2026-04-08,21,2026-04-12,Fulfilled
O02588,C0480,P007,W4,2026-01-18,11,2026-01-20,Fulfilled
O02589,C0284,P007,W3,2026-04-11,11,2026-04-15,Fulfilled
O02590,C0783,P016,W2,2026-08-24,12,2026-08-26,Fulfilled
O02591,C0411,P011,W2,2026-02-23,20,2026-02-26,Fulfilled
O02592,C0309,P023,W1,2026-07-20,5,2026-07-23,Fulfilled
O02593,C0152,P011,W1,2026-06-12,9,2026-06-16,Fulfilled
O02594,C0519,P015,W2,2025-12-19,15,2025-12-20,Fulfilled
O02595,C0216,P002,W4,2025-12-01,17,2025-12-04,Fulfilled
O02596,C0122,P005,W1,2026-06-09,8,2026-06-10,Fulfilled
O02597,C0095,P022,W1,2025-11-15,3,2025-11-19,Fulfilled
O02598,C0513,P009,W3,2026-01-01,13,2026-01-04,Fulfilled
O02599,C0736,P011,W1,2025-11-25,16,2025-11-29,Fulfilled
O02600,C0202,P015,W4,2026-04-10,19,,Backordered
O02601,C0174,P002,W4,2025-12-17,1,2025-12-18,Fulfilled
O02602,C0491,P013,W4,2026-04-29,1,2026-05-02,Fulfilled
O02603,C0115,P009,W2,2026-08-08,10,2026-08-09,Fulfilled
O02604,C0071,P004,W2,2026-06-30,14,2026-07-02,Fulfilled
O02605,C0510,P011,W2,2026-08-13,1,2026-08-15,Fulfilled
O02606,C0420,P012,W1,2025-09-09,5,2025-09-10,Fulfilled
O02607,C0023,P005,W3,2026-02-14,11,2026-02-15,Fulfilled
O02608,C0190,P014,W4,2025-11-20,7,2025-11-23,Fulfilled
O02609,C0159,P019,W2,2026-08-02,18,2026-08-06,Fulfilled
O02610,C0545,P007,W1,2026-05-18,1,2026-05-20,Fulfilled
O02611,C0532,P025,W3,2025-12-26,22,2025-12-28,Fulfilled
O02612,C0598,P016,W2,2026-03-25,5,2026-03-26,Fulfilled
O02613,C0080,P020,W4,2026-04-09,11,2026-04-12,Fulfilled
O02614,C0678,P002,W4,2026-02-28,24,2026-03-04,Fulfilled
O02615,C0168,P020,W4,2026-02-21,16,2026-02-28,Fulfilled
O02616,C0793,P009,W2,2025-09-21,24,2025-09-23,Fulfilled
O02617,C0697,P018,W4,2026-02-13,1,,Backordered
O02618,C0368,P021,W1,2026-01-06,18,2026-01-14,Fulfilled
O02619,C0628,P007,W2,2026-06-26,2,,Cancelled
O02620,C0536,P007,W2,2026-07-13,15,2026-07-14,Fulfilled
O02621,C0619,P002,W4,2026-06-01,8,2026-06-03,Fulfilled
O02622,C0015,P016,W3,2025-09-12,19,2025-09-16,Fulfilled
O02623,C0067,P020,W2,2026-07-05,3,2026-07-08,Fulfilled
O02624,C0724,P011,W1,2026-01-23,22,2026-01-27,Fulfilled
O02625,C0625,P005,W4,2026-01-30,12,,Backordered
O02626,C0492,P008,W3,2026-08-11,13,2026-08-12,Fulfilled
O02627,C0250,P011,W4,2026-07-14,14,2026-07-17,Fulfilled
O02628,C0337,P023,W2,2025-09-19,1,2025-09-22,Fulfilled
O02629,C0315,P004,W1,2026-01-10,8,2026-01-12,Fulfilled
O02630,C0348,P009,W2,2026-06-01,18,2026-06-04,Fulfilled
O02631,C0502,P016,W3,2026-03-16,24,2026-03-17,Fulfilled
O02632,C0606,P006,W1,2025-12-04,24,2025-12-06,Fulfilled
O02633,C0307,P023,W1,2026-03-11,13,2026-03-13,Fulfilled
O02634,C0666,P023,W4,2026-07-14,7,2026-07-16,Fulfilled
O02635,C0073,P010,W3,2025-11-21,12,2025-11-24,Fulfilled
O02636,C0646,P019,W2,2026-05-31,12,2026-06-04,Fulfilled
O02637,C0541,P019,W3,2026-05-27,10,2026-06-04,Fulfilled
O02638,C0408,P018,W3,2026-07-21,9,2026-07-24,Fulfilled
O02639,C0300,P005,W1,2025-12-18,21,2025-12-20,Fulfilled
O02640,C0297,P002,W2,2025-11-18,10,2025-11-22,Fulfilled
O02641,C0288,P009,W2,2026-03-19,1,2026-03-23,Fulfilled
O02642,C0756,P004,W1,2026-03-13,18,2026-03-25,Fulfilled
O02643,C0022,P008,W1,2026-01-28,16,2026-02-01,Fulfilled
O02644,C0507,P016,W2,2026-06-12,10,2026-06-16,Fulfilled
O02645,C0791,P015,W3,2026-06-19,16,2026-06-23,Fulfilled
O02646,C0435,P006,W3,2025-11-29,23,2025-12-02,Fulfilled
O02647,C0511,P001,W4,2026-06-18,23,2026-06-21,Fulfilled
O02648,C0479,P006,W2,2025-11-24,19,,Cancelled
O02649,C0405,P012,W3,2026-01-27,15,2026-02-01,Fulfilled
O02650,C0504,P020,W4,2025-09-10,1,2025-09-14,Fulfilled
O02651,C0722,P010,W3,2026-01-03,13,2026-01-06,Fulfilled
O02652,C0570,P008,W4,2026-08-16,20,2026-08-19,Fulfilled
O02653,C0679,P014,W1,2026-02-09,21,,Cancelled
O02654,C0442,P002,W4,2026-05-18,19,,Cancelled
O02655,C0618,P006,W3,2025-10-10,24,2025-10-14,Fulfilled
O02656,C0700,P001,W3,2026-04-20,13,2026-04-23,Fulfilled
O02657,C0170,P014,W1,2026-01-14,3,2026-01-26,Fulfilled
O02658,C0687,P012,W3,2026-05-30,12,2026-05-31,Fulfilled
O02659,C0549,P015,W4,2026-08-05,8,2026-08-06,Fulfilled
O02660,C0354,P016,W3,2026-03-14,21,2026-03-27,Fulfilled
O02661,C0619,P010,W1,2025-10-08,19,2025-10-11,Fulfilled
O02662,C0135,P022,W2,2026-02-21,11,2026-02-24,Fulfilled
O02663,C0559,P023,W3,2025-10-15,10,2025-10-17,Fulfilled
O02664,C0461,P003,W4,2026-02-12,4,2026-02-15,Fulfilled
O02665,C0710,P024,W2,2025-09-23,2,2025-09-26,Fulfilled
O02666,C0496,P005,W4,2026-04-22,8,2026-04-23,Fulfilled
O02667,C0421,P007,W4,2025-12-23,6,2025-12-26,Fulfilled
O02668,C0419,P014,W2,2025-11-13,7,,Backordered
O02669,C0444,P001,W1,2025-09-07,24,2025-09-09,Fulfilled
O02670,C0712,P010,W4,2026-07-22,17,2026-07-24,Fulfilled
O02671,C0628,P005,W3,2026-07-03,14,2026-07-07,Fulfilled
O02672,C0075,P013,W4,2026-06-24,5,2026-06-27,Fulfilled
O02673,C0426,P021,W4,2025-09-22,21,2025-09-24,Fulfilled
O02674,C0230,P024,W2,2026-01-06,16,2026-01-09,Fulfilled
O02675,C0132,P006,W1,2026-08-21,13,2026-08-22,Fulfilled
O02676,C0692,P014,W4,2026-03-31,12,2026-04-02,Fulfilled
O02677,C0686,P012,W3,2025-10-17,14,2025-10-20,Fulfilled
O02678,C0751,P011,W1,2025-10-22,21,2025-10-27,Fulfilled
O02679,C0315,P016,W3,2025-12-06,18,2025-12-07,Fulfilled
O02680,C0341,P025,W1,2026-08-21,12,2026-08-24,Fulfilled
O02681,C0622,P011,W2,2025-11-01,17,2025-11-05,Fulfilled
O02682,C0154,P002,W2,2026-07-27,23,2026-07-29,Fulfilled
O02683,C0044,P023,W2,2026-05-06,8,2026-05-19,Fulfilled
O02684,C0336,P024,W3,2026-08-03,22,2026-08-07,Fulfilled
O02685,C0503,P009,W4,2026-06-29,15,2026-07-02,Fulfilled
O02686,C0365,P013,W2,2025-12-31,5,2026-01-04,Fulfilled
O02687,C0169,P022,W3,2026-06-30,24,2026-07-02,Fulfilled
O02688,C0416,P013,W4,2025-11-01,17,2025-11-08,Fulfilled
O02689,C0754,P013,W3,2025-12-16,10,2025-12-17,Fulfilled
O02690,C0220,P024,W2,2025-11-17,6,2025-11-19,Fulfilled
O02691,C0320,P021,W3,2025-10-19,22,2025-10-22,Fulfilled
O02692,C0250,P013,W2,2025-10-03,20,2025-10-04,Fulfilled
O02693,C0235,P005,W2,2025-11-08,2,2025-11-18,Fulfilled
O02694,C0524,P011,W3,2025-10-14,16,2025-10-18,Fulfilled
O02695,C0300,P017,W2,2026-01-17,3,2026-01-18,Fulfilled
O02696,C0497,P007,W1,2025-09-27,8,2025-10-01,Fulfilled
O02697,C0016,P014,W4,2025-09-23,14,2025-09-24,Fulfilled
O02698,C0530,P017,W3,2026-08-28,6,,Cancelled
O02699,C0085,P003,W1,2025-10-03,13,2025-10-07,Fulfilled
O02700,C0302,P015,W2,2025-09-28,11,2025-10-01,Fulfilled
O02701,C0698,P019,W2,2025-09-11,14,,Backordered
O02702,C0269,P006,W4,2025-10-19,20,2025-10-21,Fulfilled
O02703,C0558,P014,W4,2026-03-12,4,2026-03-21,Fulfilled
O02704,C0281,P018,W3,2026-06-29,20,2026-06-30,Fulfilled
O02705,C0721,P002,W2,2026-05-27,6,2026-05-30,Fulfilled
O02706,C0760,P017,W1,2026-03-31,1,2026-04-04,Fulfilled
O02707,C0727,P007,W1,2025-10-02,11,2025-10-05,Fulfilled
O02708,C0316,P010,W1,2026-06-10,8,2026-06-14,Fulfilled
O02709,C0254,P017,W4,2025-09-14,5,2025-09-16,Fulfilled
O02710,C0485,P001,W1,2026-04-19,11,2026-04-23,Fulfilled
O02711,C0653,P001,W3,2026-01-28,21,2026-01-31,Fulfilled
O02712,C0418,P012,W4,2026-07-19,15,2026-07-23,Fulfilled
O02713,C0590,P024,W2,2025-12-22,18,2025-12-24,Fulfilled
O02714,C0701,P001,W3,2026-04-22,4,2026-04-24,Fulfilled
O02715,C0601,P020,W4,2026-02-08,2,2026-02-09,Fulfilled
O02716,C0295,P002,W2,2026-03-10,9,2026-03-14,Fulfilled
O02717,C0200,P013,W2,2026-08-09,19,2026-08-10,Fulfilled
O02718,C0347,P011,W1,2026-05-19,22,2026-05-22,Fulfilled
O02719,C0460,P012,W2,2026-01-30,3,2026-02-03,Fulfilled
O02720,C0674,P003,W4,2026-02-11,12,2026-02-13,Fulfilled
O02721,C0241,P019,W3,2026-05-16,10,2026-05-25,Fulfilled
O02722,C0129,P007,W1,2026-01-05,18,2026-01-08,Fulfilled
O02723,C0253,P020,W3,2025-11-01,5,2025-11-05,Fulfilled
O02724,C0475,P017,W3,2026-02-18,12,2026-02-19,Fulfilled
O02725,C0186,P014,W1,2025-09-25,21,2025-09-27,Fulfilled
O02726,C0320,P008,W4,2025-11-01,12,2025-11-04,Fulfilled
O02727,C0206,P017,W1,2026-02-01,19,2026-02-02,Fulfilled
O02728,C0788,P025,W2,2026-06-18,15,2026-06-25,Fulfilled
O02729,C0410,P024,W2,2026-06-13,15,2026-06-24,Fulfilled
O02730,C0577,P023,W3,2025-12-05,7,2025-12-06,Fulfilled
O02731,C0416,P006,W4,2026-02-02,24,2026-02-03,Fulfilled
O02732,C0009,P015,W1,2025-10-27,6,2025-11-06,Fulfilled
O02733,C0211,P010,W2,2026-06-03,23,2026-06-06,Fulfilled
O02734,C0671,P025,W2,2025-11-29,24,2025-12-02,Fulfilled
O02735,C0409,P024,W4,2026-06-19,13,,Backordered
O02736,C0562,P022,W4,2026-07-05,21,2026-07-08,Fulfilled
O02737,C0609,P005,W2,2026-05-10,18,2026-05-12,Fulfilled
O02738,C0449,P008,W3,2025-12-30,18,2026-01-01,Fulfilled
O02739,C0462,P018,W4,2026-08-14,2,2026-08-15,Fulfilled
O02740,C0189,P019,W4,2026-05-09,4,,Backordered
O02741,C0200,P009,W3,2026-04-24,2,2026-04-27,Fulfilled
O02742,C0120,P004,W3,2026-07-10,1,2026-07-13,Fulfilled
O02743,C0238,P004,W4,2026-07-19,21,2026-07-20,Fulfilled
O02744,C0503,P018,W1,2025-09-29,5,2025-09-30,Fulfilled
O02745,C0742,P012,W2,2026-07-19,1,,Cancelled
O02746,C0352,P013,W3,2026-06-07,23,2026-06-18,Fulfilled
O02747,C0482,P021,W1,2025-11-15,7,2025-11-18,Fulfilled
O02748,C0689,P001,W3,2025-12-22,20,2025-12-25,Fulfilled
O02749,C0542,P019,W4,2026-06-02,24,,Cancelled
O02750,C0210,P007,W1,2025-11-19,13,,Backordered
O02751,C0225,P024,W4,2026-02-13,23,2026-02-17,Fulfilled
O02752,C0510,P024,W2,2026-05-10,24,2026-05-13,Fulfilled
O02753,C0230,P013,W4,2026-04-26,4,2026-04-30,Fulfilled
O02754,C0199,P008,W3,2026-07-30,4,2026-08-02,Fulfilled
O02755,C0473,P006,W1,2025-10-11,9,2025-10-15,Fulfilled
O02756,C0509,P005,W3,2025-12-17,14,2025-12-20,Fulfilled
O02757,C0203,P025,W1,2026-08-26,19,2026-09-04,Fulfilled
O02758,C0039,P005,W1,2026-03-27,5,2026-03-30,Fulfilled
O02759,C0614,P012,W4,2025-11-30,5,2025-12-02,Fulfilled
O02760,C0313,P012,W4,2025-12-15,8,2025-12-17,Fulfilled
O02761,C0506,P017,W1,2026-01-02,7,2026-01-08,Fulfilled
O02762,C0138,P022,W2,2026-03-22,23,2026-03-24,Fulfilled
O02763,C0252,P014,W1,2025-12-13,10,2025-12-14,Fulfilled
O02764,C0485,P019,W2,2026-04-15,21,2026-04-22,Fulfilled
O02765,C0100,P015,W4,2026-02-10,2,2026-02-14,Fulfilled
O02766,C0254,P011,W1,2026-04-11,3,2026-04-22,Fulfilled
O02767,C0575,P004,W3,2025-10-27,20,2025-10-30,Fulfilled
O02768,C0617,P006,W4,2026-04-16,6,2026-04-18,Fulfilled
O02769,C0283,P011,W4,2026-08-04,2,,Cancelled
O02770,C0092,P002,W2,2025-10-20,15,2025-10-21,Fulfilled
O02771,C0021,P008,W3,2025-12-29,4,2026-01-02,Fulfilled
O02772,C0445,P012,W2,2026-05-12,2,2026-05-15,Fulfilled
O02773,C0555,P012,W1,2026-04-14,10,2026-04-18,Fulfilled
O02774,C0475,P021,W1,2026-05-05,14,2026-05-06,Fulfilled
O02775,C0324,P025,W3,2026-03-24,13,2026-03-28,Fulfilled
O02776,C0018,P019,W3,2026-05-08,15,2026-05-12,Fulfilled
O02777,C0181,P002,W3,2026-04-11,1,2026-04-13,Fulfilled
O02778,C0029,P011,W4,2025-09-28,7,2025-10-01,Fulfilled
O02779,C0370,P019,W3,2026-06-02,9,2026-06-05,Fulfilled
O02780,C0247,P015,W2,2026-02-11,8,2026-02-12,Fulfilled
O02781,C0057,P012,W2,2025-09-19,14,2025-09-22,Fulfilled
O02782,C0487,P011,W4,2026-01-28,6,2026-01-31,Fulfilled
O02783,C0296,P011,W4,2026-02-06,16,2026-02-15,Fulfilled
O02784,C0770,P015,W1,2025-10-02,23,2025-10-10,Fulfilled
O02785,C0334,P005,W4,2026-08-30,16,2026-09-02,Fulfilled
O02786,C0073,P013,W1,2025-11-21,10,2025-11-25,Fulfilled
O02787,C0564,P006,W4,2025-12-30,11,2025-12-31,Fulfilled
O02788,C0562,P018,W3,2026-02-08,15,2026-02-12,Fulfilled
O02789,C0743,P022,W3,2026-07-01,18,2026-07-05,Fulfilled
O02790,C0554,P013,W3,2026-05-30,8,2026-06-03,Fulfilled
O02791,C0290,P010,W3,2026-06-09,1,2026-06-10,Fulfilled
O02792,C0535,P024,W2,2025-11-26,17,2025-12-07,Fulfilled
O02793,C0638,P017,W4,2026-07-06,16,2026-07-08,Fulfilled
O02794,C0413,P011,W3,2026-06-30,3,2026-07-04,Fulfilled
O02795,C0635,P001,W3,2026-02-17,16,2026-02-20,Fulfilled
O02796,C0773,P001,W2,2026-03-19,2,2026-03-26,Fulfilled
O02797,C0604,P006,W1,2025-09-14,16,2025-09-15,Fulfilled
O02798,C0401,P006,W3,2026-06-05,18,2026-06-09,Fulfilled
O02799,C0394,P019,W2,2026-08-17,1,2026-08-19,Fulfilled
O02800,C0670,P013,W3,2026-02-20,18,,Cancelled
O02801,C0698,P025,W2,2026-03-17,3,2026-03-21,Fulfilled
O02802,C0210,P014,W4,2026-03-02,7,2026-03-06,Fulfilled
O02803,C0008,P023,W3,2025-10-01,17,2025-10-07,Fulfilled
O02804,C0645,P014,W2,2026-04-15,9,2026-04-18,Fulfilled
O02805,C0189,P009,W3,2026-05-22,24,2026-05-25,Fulfilled
O02806,C0797,P018,W3,2026-08-05,23,2026-08-07,Fulfilled
O02807,C0029,P012,W3,2026-08-06,24,2026-08-09,Fulfilled
O02808,C0728,P007,W3,2026-02-27,3,2026-03-08,Fulfilled
O02809,C0542,P012,W4,2026-08-17,5,2026-08-21,Fulfilled
O02810,C0243,P017,W2,2026-03-12,5,2026-03-15,Fulfilled
O02811,C0028,P010,W2,2026-04-23,15,2026-04-28,Fulfilled
O02812,C0677,P018,W2,2026-04-08,11,2026-04-12,Fulfilled
O02813,C0096,P025,W3,2026-08-31,18,2026-09-04,Fulfilled
O02814,C0077,P011,W4,2026-05-28,7,2026-05-29,Fulfilled
O02815,C0632,P008,W3,2025-10-14,5,2025-10-16,Fulfilled
O02816,C0542,P011,W1,2025-09-27,16,2025-09-30,Fulfilled
O02817,C0102,P021,W4,2026-01-28,15,2026-01-31,Fulfilled
O02818,C0274,P005,W4,2026-03-08,17,2026-03-11,Fulfilled
O02819,C0533,P025,W2,2026-05-03,8,2026-05-06,Fulfilled
O02820,C0527,P011,W1,2026-02-23,13,2026-02-24,Fulfilled
O02821,C0290,P022,W2,2026-03-07,23,2026-03-08,Fulfilled
O02822,C0330,P020,W4,2026-08-03,15,2026-08-07,Fulfilled
O02823,C0064,P020,W3,2026-01-01,23,,Cancelled
O02824,C0008,P023,W1,2026-02-28,11,,Cancelled
O02825,C0774,P005,W1,2026-03-23,2,2026-03-25,Fulfilled
O02826,C0185,P015,W4,2026-02-18,19,2026-02-20,Fulfilled
O02827,C0741,P003,W2,2026-08-20,12,2026-08-22,Fulfilled
O02828,C0034,P008,W3,2026-08-18,2,2026-08-21,Fulfilled
O02829,C0791,P002,W2,2026-03-07,4,2026-03-10,Fulfilled
O02830,C0342,P018,W1,2026-02-12,8,2026-02-13,Fulfilled
O02831,C0645,P016,W2,2026-04-03,5,2026-04-05,Fulfilled
O02832,C0672,P019,W3,2025-11-06,17,2025-11-10,Fulfilled
O02833,C0282,P005,W2,2026-02-03,15,2026-02-06,Fulfilled
O02834,C0590,P009,W3,2025-11-19,8,2025-11-23,Fulfilled
O02835,C0267,P017,W2,2025-10-23,3,2025-10-26,Fulfilled
O02836,C0631,P021,W2,2025-10-05,2,2025-10-07,Fulfilled
O02837,C0767,P023,W2,2026-04-03,23,,Backordered
O02838,C0645,P002,W2,2025-09-01,9,2025-09-10,Fulfilled
O02839,C0582,P011,W2,2026-04-24,3,2026-05-04,Fulfilled
O02840,C0298,P001,W3,2026-02-05,18,2026-02-07,Fulfilled
O02841,C0087,P021,W2,2026-01-12,21,2026-01-15,Fulfilled
O02842,C0405,P004,W3,2026-06-08,3,2026-06-10,Fulfilled
O02843,C0104,P021,W2,2026-03-16,23,2026-03-18,Fulfilled
O02844,C0407,P004,W2,2026-05-26,18,2026-05-30,Fulfilled
O02845,C0695,P001,W4,2026-05-17,7,2026-05-27,Fulfilled
O02846,C0091,P022,W4,2025-09-12,19,2025-09-14,Fulfilled
O02847,C0720,P011,W2,2025-11-18,11,2025-11-19,Fulfilled
O02848,C0478,P011,W2,2026-03-28,16,2026-03-30,Fulfilled
O02849,C0038,P017,W3,2026-08-23,4,2026-08-27,Fulfilled
O02850,C0576,P007,W1,2025-10-27,6,2025-10-29,Fulfilled
O02851,C0001,P018,W2,2025-10-09,19,2025-10-11,Fulfilled
O02852,C0489,P011,W3,2026-08-10,20,2026-08-13,Fulfilled
O02853,C0406,P007,W3,2026-08-19,1,2026-08-23,Fulfilled
O02854,C0597,P010,W1,2025-11-01,6,2025-11-05,Fulfilled
O02855,C0301,P001,W1,2026-01-25,15,2026-01-27,Fulfilled
O02856,C0095,P008,W2,2026-04-17,22,2026-04-18,Fulfilled
O02857,C0310,P015,W1,2025-11-11,17,2025-11-14,Fulfilled
O02858,C0609,P004,W3,2025-12-29,17,2025-12-31,Fulfilled
O02859,C0762,P003,W4,2026-01-23,10,2026-01-29,Fulfilled
O02860,C0167,P017,W2,2026-04-23,2,2026-04-24,Fulfilled
O02861,C0281,P011,W2,2025-12-22,19,2025-12-26,Fulfilled
O02862,C0701,P004,W1,2026-01-29,20,2026-01-30,Fulfilled
O02863,C0251,P019,W1,2025-12-15,11,2025-12-17,Fulfilled
O02864,C0196,P020,W3,2026-06-05,13,2026-06-07,Fulfilled
O02865,C0665,P001,W2,2025-10-26,6,2025-10-27,Fulfilled
O02866,C0394,P006,W3,2025-11-24,11,,Backordered
O02867,C0467,P010,W3,2025-12-01,6,,Cancelled
O02868,C0390,P019,W4,2026-07-28,11,2026-07-31,Fulfilled
O02869,C0482,P002,W1,2026-08-11,4,2026-08-12,Fulfilled
O02870,C0215,P021,W3,2026-03-02,15,2026-03-03,Fulfilled
O02871,C0585,P008,W4,2025-10-28,6,2025-10-29,Fulfilled
O02872,C0290,P004,W2,2026-06-03,18,,Cancelled
O02873,C0419,P022,W1,2026-02-27,13,2026-03-02,Fulfilled
O02874,C0149,P003,W2,2026-07-08,22,2026-07-12,Fulfilled
O02875,C0009,P004,W4,2026-01-10,6,2026-01-17,Fulfilled
O02876,C0456,P024,W4,2026-08-31,7,2026-09-05,Fulfilled
O02877,C0111,P013,W2,2026-06-22,6,2026-06-23,Fulfilled
O02878,C0730,P012,W1,2025-11-21,16,2025-11-22,Fulfilled
O02879,C0767,P018,W2,2026-05-23,3,2026-05-27,Fulfilled
O02880,C0253,P016,W1,2025-12-14,17,2025-12-18,Fulfilled
O02881,C0231,P016,W3,2026-01-06,20,2026-01-09,Fulfilled
O02882,C0406,P001,W4,2025-12-01,17,2025-12-02,Fulfilled
O02883,C0164,P014,W1,2026-05-08,4,2026-05-17,Fulfilled
O02884,C0689,P007,W3,2025-12-05,12,2025-12-09,Fulfilled
O02885,C0082,P021,W4,2026-04-22,13,2026-04-23,Fulfilled
O02886,C0362,P013,W3,2026-04-01,10,2026-04-05,Fulfilled
O02887,C0151,P004,W4,2026-06-02,12,2026-06-05,Fulfilled
O02888,C0665,P023,W1,2026-08-29,19,,Cancelled
O02889,C0116,P008,W3,2025-09-04,21,2025-09-07,Fulfilled
O02890,C0357,P007,W1,2026-08-28,8,2026-08-29,Fulfilled
O02891,C0667,P024,W4,2025-10-10,8,2025-10-13,Fulfilled
O02892,C0352,P020,W2,2026-03-12,5,2026-03-13,Fulfilled
O02893,C0148,P022,W1,2026-01-03,10,2026-01-05,Fulfilled
O02894,C0126,P017,W3,2026-04-22,14,2026-04-26,Fulfilled
O02895,C0484,P023,W3,2026-05-22,18,2026-05-26,Fulfilled
O02896,C0100,P003,W2,2026-07-11,7,2026-07-22,Fulfilled
O02897,C0284,P015,W2,2026-01-25,6,,Cancelled
O02898,C0489,P008,W1,2026-08-07,1,2026-08-09,Fulfilled
O02899,C0304,P010,W4,2025-12-27,3,2025-12-28,Fulfilled
O02900,C0662,P006,W1,2025-11-14,2,2025-11-17,Fulfilled
O02901,C0550,P006,W4,2026-01-17,5,2026-01-19,Fulfilled
O02902,C0109,P012,W3,2026-03-12,17,2026-03-13,Fulfilled
O02903,C0653,P023,W3,2026-05-02,19,2026-05-05,Fulfilled
O02904,C0728,P016,W3,2026-07-01,24,2026-07-04,Fulfilled
O02905,C0162,P009,W4,2025-11-22,14,,Backordered
O02906,C0287,P011,W1,2025-12-20,11,,Backordered
O02907,C0316,P014,W4,2026-08-09,22,2026-08-12,Fulfilled
O02908,C0340,P007,W1,2026-02-08,4,2026-02-11,Fulfilled
O02909,C0371,P014,W4,2025-11-28,16,2025-11-29,Fulfilled
O02910,C0715,P018,W2,2026-08-26,20,2026-08-28,Fulfilled
O02911,C0521,P007,W4,2026-02-11,13,2026-02-13,Fulfilled
O02912,C0717,P015,W1,2026-08-26,7,2026-08-30,Fulfilled
O02913,C0281,P018,W2,2026-08-02,15,2026-08-04,Fulfilled
O02914,C0420,P013,W3,2026-07-28,24,2026-08-05,Fulfilled
O02915,C0085,P008,W4,2026-04-01,6,2026-04-04,Fulfilled
O02916,C0222,P014,W1,2026-06-19,14,2026-06-20,Fulfilled
O02917,C0467,P020,W1,2026-08-17,2,2026-08-21,Fulfilled
O02918,C0138,P006,W3,2025-12-08,6,2025-12-11,Fulfilled
O02919,C0768,P015,W1,2025-09-14,19,2025-09-15,Fulfilled
O02920,C0217,P018,W4,2025-12-27,12,2025-12-28,Fulfilled
O02921,C0130,P009,W1,2026-04-21,5,2026-04-25,Fulfilled
O02922,C0624,P010,W4,2026-03-19,9,2026-03-21,Fulfilled
O02923,C0072,P023,W3,2025-09-30,3,2025-10-01,Fulfilled
O02924,C0260,P010,W4,2026-03-24,19,2026-03-27,Fulfilled
O02925,C0159,P015,W1,2025-11-03,23,2025-11-04,Fulfilled
O02926,C0555,P004,W2,2026-03-04,3,2026-03-05,Fulfilled
O02927,C0674,P024,W2,2026-03-30,6,2026-04-03,Fulfilled
O02928,C0156,P015,W1,2026-04-21,21,2026-04-22,Fulfilled
O02929,C0333,P020,W1,2026-01-29,22,2026-02-02,Fulfilled
O02930,C0383,P016,W2,2026-01-28,19,2026-01-31,Fulfilled
O02931,C0553,P009,W3,2026-05-06,18,2026-05-08,Fulfilled
O02932,C0282,P009,W3,2026-06-01,21,2026-06-03,Fulfilled
O02933,C0418,P018,W1,2026-06-22,9,2026-06-28,Fulfilled
O02934,C0403,P022,W1,2025-12-31,22,2026-01-03,Fulfilled
O02935,C0010,P004,W3,2026-02-02,22,2026-02-06,Fulfilled
O02936,C0456,P022,W2,2025-12-30,6,2026-01-01,Fulfilled
O02937,C0454,P021,W4,2026-03-12,2,2026-03-19,Fulfilled
O02938,C0792,P003,W2,2025-10-17,13,2025-10-25,Fulfilled
O02939,C0408,P003,W2,2026-02-04,19,2026-02-05,Fulfilled
O02940,C0720,P018,W1,2025-11-08,21,,Cancelled
O02941,C0279,P022,W2,2026-03-14,4,2026-03-24,Fulfilled
O02942,C0556,P010,W3,2026-07-08,10,2026-07-12,Fulfilled
O02943,C0721,P017,W2,2026-08-26,19,2026-08-28,Fulfilled
O02944,C0123,P025,W3,2026-02-10,2,,Cancelled
O02945,C0454,P009,W1,2025-09-21,18,2025-09-25,Fulfilled
O02946,C0735,P006,W3,2025-11-23,7,2025-11-24,Fulfilled
O02947,C0445,P025,W2,2025-10-09,1,2025-10-13,Fulfilled
O02948,C0714,P008,W4,2026-06-05,6,2026-06-07,Fulfilled
O02949,C0336,P012,W2,2026-08-26,18,2026-08-28,Fulfilled
O02950,C0709,P012,W1,2026-03-22,21,2026-03-24,Fulfilled
O02951,C0503,P014,W3,2025-11-04,2,2025-11-07,Fulfilled
O02952,C0383,P007,W1,2025-09-08,12,2025-09-09,Fulfilled
O02953,C0172,P017,W4,2026-08-23,5,2026-08-26,Fulfilled
O02954,C0137,P018,W2,2025-12-25,17,2025-12-26,Fulfilled
O02955,C0231,P006,W4,2025-10-11,19,2025-10-12,Fulfilled
O02956,C0603,P013,W3,2025-11-04,24,2025-11-08,Fulfilled
O02957,C0374,P002,W2,2025-12-03,9,2025-12-05,Fulfilled
O02958,C0311,P006,W3,2026-04-28,8,2026-05-02,Fulfilled
O02959,C0373,P025,W1,2026-07-23,8,2026-07-26,Fulfilled
O02960,C0276,P013,W1,2025-12-10,19,2025-12-14,Fulfilled
O02961,C0645,P016,W4,2026-05-09,11,,Backordered
O02962,C0313,P023,W4,2025-09-24,1,2025-09-28,Fulfilled
O02963,C0378,P018,W4,2025-09-04,23,2025-09-08,Fulfilled
O02964,C0447,P020,W2,2025-09-21,3,2025-09-23,Fulfilled
O02965,C0517,P018,W2,2026-08-03,23,2026-08-04,Fulfilled
O02966,C0267,P013,W2,2026-04-01,4,2026-04-02,Fulfilled
O02967,C0059,P016,W3,2026-06-21,13,2026-06-24,Fulfilled
O02968,C0552,P008,W3,2025-09-08,8,2025-09-09,Fulfilled
O02969,C0448,P023,W4,2025-09-09,17,2025-09-10,Fulfilled
O02970,C0518,P005,W4,2026-07-07,10,2026-07-10,Fulfilled
O02971,C0435,P023,W2,2025-10-08,9,2025-10-11,Fulfilled
O02972,C0407,P022,W3,2025-10-27,12,2025-10-31,Fulfilled
O02973,C0758,P004,W3,2026-03-09,24,2026-03-13,Fulfilled
O02974,C0044,P018,W4,2026-04-10,6,2026-04-12,Fulfilled
O02975,C0074,P025,W2,2025-11-23,6,2025-11-25,Fulfilled
O02976,C0749,P015,W1,2026-02-10,2,2026-02-11,Fulfilled
O02977,C0709,P009,W2,2026-05-05,18,2026-05-06,Fulfilled
O02978,C0329,P022,W3,2026-02-09,17,2026-02-11,Fulfilled
O02979,C0432,P013,W4,2026-01-18,15,2026-01-31,Fulfilled
O02980,C0360,P004,W4,2025-09-27,1,,Backordered
O02981,C0797,P007,W1,2026-02-12,19,2026-02-16,Fulfilled
O02982,C0365,P018,W3,2026-06-21,20,2026-06-27,Fulfilled
O02983,C0608,P012,W1,2026-04-17,23,2026-04-20,Fulfilled
O02984,C0292,P006,W2,2026-07-23,23,2026-07-26,Fulfilled
O02985,C0305,P020,W4,2025-10-17,7,2025-10-18,Fulfilled
O02986,C0539,P004,W4,2025-09-05,18,2025-09-07,Fulfilled
O02987,C0319,P006,W1,2026-03-20,10,2026-03-27,Fulfilled
O02988,C0012,P012,W1,2025-11-05,15,2025-11-13,Fulfilled
O02989,C0139,P001,W3,2026-04-05,8,,Backordered
O02990,C0698,P010,W2,2026-07-27,16,2026-07-29,Fulfilled
O02991,C0294,P023,W2,2026-01-02,23,2026-01-03,Fulfilled
O02992,C0082,P024,W4,2026-03-20,16,2026-03-24,Fulfilled
O02993,C0751,P022,W4,2026-05-07,23,2026-05-11,Fulfilled
O02994,C0799,P009,W4,2025-10-25,23,2025-10-29,Fulfilled
O02995,C0400,P002,W4,2026-07-25,3,,Backordered
O02996,C0502,P021,W4,2025-11-14,24,2025-11-16,Fulfilled
O02997,C0604,P010,W3,2026-06-23,20,2026-06-24,Fulfilled
O02998,C0053,P019,W4,2026-04-29,11,2026-05-01,Fulfilled
O02999,C0238,P003,W3,2025-10-22,15,2025-10-26,Fulfilled
O03000,C0450,P017,W1,2026-05-23,15,2026-05-24,Fulfilled
O03001,C0440,P015,W4,2025-11-11,19,2025-11-14,Fulfilled
O03002,C0265,P024,W4,2026-04-07,20,2026-04-08,Fulfilled
O03003,C0002,P003,W2,2026-08-17,3,2026-08-19,Fulfilled
O03004,C0762,P011,W2,2026-08-14,1,2026-08-15,Fulfilled
O03005,C0491,P025,W3,2026-07-16,6,2026-07-17,Fulfilled
O03006,C0604,P010,W3,2026-02-28,13,2026-03-01,Fulfilled
O03007,C0350,P017,W3,2026-03-24,21,,Backordered
O03008,C0406,P005,W2,2025-12-19,16,2025-12-22,Fulfilled
O03009,C0356,P019,W4,2026-08-03,4,2026-08-14,Fulfilled
O03010,C0344,P007,W4,2026-02-22,18,2026-02-26,Fulfilled
O03011,C0536,P015,W4,2026-06-09,12,2026-06-11,Fulfilled
O03012,C0796,P022,W3,2026-01-10,9,2026-01-22,Fulfilled
O03013,C0622,P017,W1,2026-05-29,19,2026-06-01,Fulfilled
O03014,C0534,P012,W4,2025-11-21,8,2025-11-24,Fulfilled
O03015,C0010,P005,W1,2026-05-26,15,2026-06-02,Fulfilled
O03016,C0411,P009,W1,2025-09-17,5,2025-09-21,Fulfilled
O03017,C0764,P022,W2,2025-10-09,10,2025-10-12,Fulfilled
O03018,C0318,P006,W1,2026-01-07,14,2026-01-11,Fulfilled
O03019,C0440,P017,W3,2026-02-23,15,2026-02-26,Fulfilled
O03020,C0260,P013,W2,2026-05-18,23,2026-05-20,Fulfilled
O03021,C0153,P009,W1,2026-01-10,7,2026-01-14,Fulfilled
O03022,C0564,P018,W1,2025-09-07,22,2025-09-08,Fulfilled
O03023,C0251,P010,W1,2025-12-28,20,2026-01-08,Fulfilled
O03024,C0470,P008,W3,2026-02-08,9,2026-02-09,Fulfilled
O03025,C0475,P014,W4,2026-03-18,4,2026-03-28,Fulfilled
O03026,C0678,P019,W2,2026-04-24,7,2026-04-28,Fulfilled
O03027,C0750,P022,W1,2025-11-30,16,2025-12-04,Fulfilled
O03028,C0443,P016,W3,2026-04-11,19,2026-04-12,Fulfilled
O03029,C0041,P017,W4,2026-04-19,15,2026-04-21,Fulfilled
O03030,C0466,P020,W1,2026-06-11,18,2026-06-13,Fulfilled
O03031,C0707,P007,W4,2026-03-10,3,2026-03-11,Fulfilled
O03032,C0382,P007,W1,2026-06-23,13,2026-06-26,Fulfilled
O03033,C0452,P013,W2,2025-11-20,21,2025-11-21,Fulfilled
O03034,C0610,P016,W3,2026-05-18,10,2026-05-30,Fulfilled
O03035,C0351,P017,W1,2025-09-17,22,2025-09-20,Fulfilled
O03036,C0332,P004,W2,2025-10-08,3,2025-10-11,Fulfilled
O03037,C0386,P020,W1,2026-07-13,24,2026-07-17,Fulfilled
O03038,C0681,P010,W1,2026-02-21,19,2026-02-25,Fulfilled
O03039,C0390,P022,W4,2026-04-15,16,2026-04-17,Fulfilled
O03040,C0262,P019,W1,2026-04-09,15,2026-04-12,Fulfilled
O03041,C0477,P025,W1,2026-05-12,23,2026-05-16,Fulfilled
O03042,C0554,P016,W1,2025-11-29,10,2025-12-11,Fulfilled
O03043,C0730,P014,W1,2025-11-05,4,2025-11-12,Fulfilled
O03044,C0714,P005,W3,2025-09-16,23,2025-09-17,Fulfilled
O03045,C0626,P010,W4,2026-07-13,3,,Backordered
O03046,C0615,P022,W1,2025-11-21,16,2025-11-25,Fulfilled
O03047,C0360,P010,W3,2026-03-29,7,2026-04-06,Fulfilled
O03048,C0274,P002,W2,2026-02-14,23,2026-02-17,Fulfilled
O03049,C0450,P007,W1,2025-10-30,24,2025-11-02,Fulfilled
O03050,C0565,P015,W3,2026-01-30,12,2026-01-31,Fulfilled
O03051,C0415,P016,W1,2025-10-01,13,2025-10-03,Fulfilled
O03052,C0166,P025,W3,2025-11-04,11,2025-11-11,Fulfilled
O03053,C0012,P024,W3,2025-10-21,11,2025-10-24,Fulfilled
O03054,C0047,P014,W3,2026-06-28,23,2026-07-02,Fulfilled
O03055,C0341,P014,W1,2026-03-27,7,2026-03-29,Fulfilled
O03056,C0633,P021,W2,2026-08-04,24,2026-08-08,Fulfilled
O03057,C0632,P002,W3,2026-02-07,16,2026-02-10,Fulfilled
O03058,C0646,P015,W4,2025-11-13,24,2025-11-17,Fulfilled
O03059,C0567,P012,W1,2026-04-11,15,2026-04-13,Fulfilled
O03060,C0019,P020,W2,2026-08-06,20,,Cancelled
O03061,C0706,P021,W4,2026-03-14,12,2026-03-15,Fulfilled
O03062,C0758,P017,W2,2025-09-07,12,2025-09-12,Fulfilled
O03063,C0679,P017,W2,2025-12-20,7,2025-12-21,Fulfilled
O03064,C0357,P018,W4,2026-08-04,6,2026-08-05,Fulfilled
O03065,C0172,P015,W4,2026-03-09,1,2026-03-11,Fulfilled
O03066,C0724,P006,W3,2026-08-14,10,2026-08-18,Fulfilled
O03067,C0148,P008,W3,2026-03-05,24,2026-03-07,Fulfilled
O03068,C0630,P019,W3,2025-09-05,23,2025-09-09,Fulfilled
O03069,C0772,P016,W2,2026-07-16,17,2026-07-20,Fulfilled
O03070,C0720,P006,W4,2026-06-06,9,2026-06-10,Fulfilled
O03071,C0417,P022,W1,2026-05-20,13,2026-05-23,Fulfilled
O03072,C0666,P025,W1,2026-08-21,19,2026-08-25,Fulfilled
O03073,C0664,P016,W3,2025-11-11,1,2025-11-13,Fulfilled
O03074,C0779,P006,W4,2026-07-28,23,2026-07-31,Fulfilled
O03075,C0288,P024,W4,2025-11-24,21,2025-11-28,Fulfilled
O03076,C0503,P006,W3,2026-08-21,24,2026-08-22,Fulfilled
O03077,C0653,P011,W2,2025-11-09,3,2025-11-10,Fulfilled
O03078,C0182,P022,W2,2026-03-20,23,2026-03-21,Fulfilled
O03079,C0181,P014,W2,2026-06-16,15,2026-06-19,Fulfilled
O03080,C0312,P007,W2,2025-09-29,14,2025-10-01,Fulfilled
O03081,C0288,P003,W2,2025-09-25,5,2025-09-27,Fulfilled
O03082,C0601,P010,W1,2026-07-08,12,2026-07-12,Fulfilled
O03083,C0748,P017,W2,2025-09-23,9,2025-09-24,Fulfilled
O03084,C0126,P018,W4,2026-04-13,24,2026-04-14,Fulfilled
O03085,C0260,P006,W3,2026-08-09,9,2026-08-11,Fulfilled
O03086,C0743,P004,W1,2026-04-13,6,2026-04-17,Fulfilled
O03087,C0476,P018,W2,2026-02-23,23,2026-02-26,Fulfilled
O03088,C0165,P004,W2,2026-01-31,5,,Backordered
O03089,C0483,P002,W2,2026-04-21,22,2026-04-24,Fulfilled
O03090,C0700,P013,W3,2026-03-28,24,2026-03-30,Fulfilled
O03091,C0299,P015,W4,2026-03-03,8,2026-03-05,Fulfilled
O03092,C0387,P007,W3,2025-10-27,17,2025-10-31,Fulfilled
O03093,C0491,P006,W2,2026-04-30,20,2026-05-03,Fulfilled
O03094,C0672,P006,W1,2026-05-29,13,2026-06-01,Fulfilled
O03095,C0452,P009,W1,2026-05-17,17,2026-05-18,Fulfilled
O03096,C0766,P001,W4,2025-09-28,4,2025-10-01,Fulfilled
O03097,C0604,P001,W3,2026-05-15,13,2026-05-17,Fulfilled
O03098,C0338,P010,W3,2026-05-25,13,2026-05-27,Fulfilled
O03099,C0390,P001,W3,2025-11-06,14,2025-11-09,Fulfilled
O03100,C0557,P008,W4,2026-07-07,23,2026-07-09,Fulfilled
O03101,C0057,P015,W4,2026-03-11,20,2026-03-14,Fulfilled
O03102,C0182,P001,W1,2026-02-20,15,2026-02-21,Fulfilled
O03103,C0191,P016,W2,2026-05-22,10,2026-05-23,Fulfilled
O03104,C0640,P016,W1,2026-03-06,10,2026-03-09,Fulfilled
O03105,C0658,P015,W2,2026-03-18,1,2026-03-22,Fulfilled
O03106,C0656,P016,W3,2025-12-23,14,2025-12-27,Fulfilled
O03107,C0085,P021,W1,2026-08-05,7,2026-08-07,Fulfilled
O03108,C0236,P002,W1,2026-08-20,22,2026-08-24,Fulfilled
O03109,C0250,P005,W2,2025-10-18,19,2025-10-20,Fulfilled
O03110,C0020,P008,W3,2026-05-26,22,2026-05-30,Fulfilled
O03111,C0206,P018,W3,2025-09-09,24,2025-09-11,Fulfilled
O03112,C0345,P022,W1,2026-01-13,10,2026-01-14,Fulfilled
O03113,C0708,P023,W1,2026-08-21,11,2026-08-22,Fulfilled
O03114,C0136,P015,W4,2025-11-03,15,2025-11-07,Fulfilled
O03115,C0688,P011,W3,2026-01-16,11,2026-01-19,Fulfilled
O03116,C0655,P011,W4,2025-11-20,7,2025-11-21,Fulfilled
O03117,C0127,P002,W4,2026-05-24,17,2026-05-28,Fulfilled
O03118,C0209,P012,W4,2026-02-17,11,,Backordered
O03119,C0367,P013,W3,2026-04-05,23,2026-04-07,Fulfilled
O03120,C0755,P006,W4,2026-08-11,6,2026-08-14,Fulfilled
O03121,C0628,P020,W2,2026-03-10,11,2026-03-14,Fulfilled
O03122,C0777,P021,W4,2026-05-26,13,2026-06-08,Fulfilled
O03123,C0250,P008,W2,2025-10-06,22,2025-10-09,Fulfilled
O03124,C0727,P023,W2,2025-11-18,14,2025-11-22,Fulfilled
O03125,C0764,P003,W3,2026-08-12,2,2026-08-25,Fulfilled
O03126,C0480,P023,W2,2026-07-11,9,2026-07-23,Fulfilled
O03127,C0124,P020,W1,2026-04-28,22,2026-04-29,Fulfilled
O03128,C0214,P006,W4,2026-01-17,7,2026-01-25,Fulfilled
O03129,C0103,P017,W2,2025-11-12,9,2025-11-13,Fulfilled
O03130,C0645,P008,W4,2026-07-08,4,2026-07-09,Fulfilled
O03131,C0251,P020,W2,2026-06-14,18,2026-06-17,Fulfilled
O03132,C0561,P005,W4,2025-11-28,4,2025-11-29,Fulfilled
O03133,C0214,P007,W3,2026-04-04,9,2026-04-13,Fulfilled
O03134,C0781,P008,W4,2026-04-14,18,2026-04-17,Fulfilled
O03135,C0619,P005,W4,2026-02-22,22,2026-02-25,Fulfilled
O03136,C0302,P009,W1,2026-08-05,6,2026-08-07,Fulfilled
O03137,C0381,P016,W4,2025-10-16,8,2025-10-17,Fulfilled
O03138,C0047,P016,W4,2025-12-04,3,2025-12-05,Fulfilled
O03139,C0110,P014,W3,2025-10-05,11,,Cancelled
O03140,C0798,P005,W4,2026-05-11,24,2026-05-13,Fulfilled
O03141,C0652,P006,W4,2026-04-24,8,2026-04-27,Fulfilled
O03142,C0670,P023,W3,2026-08-27,7,2026-08-30,Fulfilled
O03143,C0515,P007,W2,2026-03-17,10,2026-03-19,Fulfilled
O03144,C0177,P003,W4,2025-10-25,22,2025-10-28,Fulfilled
O03145,C0085,P012,W1,2026-02-12,14,2026-02-23,Fulfilled
O03146,C0580,P001,W3,2025-10-03,15,2025-10-05,Fulfilled
O03147,C0266,P009,W4,2026-05-03,19,2026-05-07,Fulfilled
O03148,C0001,P022,W4,2026-05-05,18,2026-05-07,Fulfilled
O03149,C0019,P007,W2,2026-07-11,15,2026-07-14,Fulfilled
O03150,C0446,P018,W1,2026-01-03,14,2026-01-06,Fulfilled
O03151,C0672,P013,W2,2025-12-23,13,2025-12-24,Fulfilled
O03152,C0290,P009,W4,2025-09-27,5,2025-09-30,Fulfilled
O03153,C0799,P017,W3,2026-01-30,10,2026-02-03,Fulfilled
O03154,C0305,P015,W1,2026-02-21,21,2026-02-23,Fulfilled
O03155,C0586,P008,W1,2026-06-03,1,2026-06-07,Fulfilled
O03156,C0196,P006,W2,2026-06-03,20,2026-06-04,Fulfilled
O03157,C0486,P023,W2,2025-10-22,14,2025-10-23,Fulfilled
O03158,C0220,P005,W1,2025-12-14,9,2025-12-18,Fulfilled
O03159,C0622,P024,W2,2026-03-06,3,2026-03-10,Fulfilled
O03160,C0364,P012,W2,2026-01-01,19,2026-01-05,Fulfilled
O03161,C0034,P025,W1,2025-09-10,1,2025-09-13,Fulfilled
O03162,C0199,P009,W1,2026-07-06,14,2026-07-13,Fulfilled
O03163,C0282,P015,W3,2026-05-25,4,2026-05-27,Fulfilled
O03164,C0373,P016,W4,2026-03-09,22,2026-03-12,Fulfilled
O03165,C0216,P009,W4,2025-12-25,5,2025-12-26,Fulfilled
O03166,C0462,P006,W3,2026-07-05,20,2026-07-08,Fulfilled
O03167,C0770,P014,W1,2025-09-13,14,2025-09-21,Fulfilled
O03168,C0569,P017,W4,2026-02-10,1,2026-02-11,Fulfilled
O03169,C0249,P007,W4,2026-06-20,18,2026-06-21,Fulfilled
O03170,C0542,P020,W2,2026-08-14,22,2026-08-18,Fulfilled
O03171,C0773,P016,W2,2025-12-01,6,2025-12-02,Fulfilled
O03172,C0194,P005,W1,2026-04-26,24,2026-04-30,Fulfilled
O03173,C0186,P024,W4,2025-11-09,20,2025-11-13,Fulfilled
O03174,C0032,P002,W4,2025-10-13,18,2025-10-16,Fulfilled
O03175,C0673,P017,W1,2026-01-07,9,2026-01-15,Fulfilled
O03176,C0666,P011,W3,2026-07-21,3,2026-07-22,Fulfilled
O03177,C0331,P017,W2,2026-05-10,11,2026-05-14,Fulfilled
O03178,C0697,P020,W3,2026-02-26,20,,Cancelled
O03179,C0521,P018,W1,2025-12-13,15,2025-12-17,Fulfilled
O03180,C0783,P017,W4,2025-10-22,16,2025-10-24,Fulfilled
O03181,C0738,P022,W2,2025-12-08,19,2025-12-09,Fulfilled
O03182,C0767,P018,W4,2025-10-26,9,2025-10-29,Fulfilled
O03183,C0314,P021,W1,2025-11-08,1,2025-11-10,Fulfilled
O03184,C0507,P011,W3,2026-05-09,22,2026-05-11,Fulfilled
O03185,C0134,P006,W2,2025-10-19,15,2025-10-21,Fulfilled
O03186,C0715,P006,W4,2025-09-18,14,2025-09-19,Fulfilled
O03187,C0255,P016,W3,2026-03-17,14,2026-03-21,Fulfilled
O03188,C0358,P014,W3,2025-12-14,21,2025-12-15,Fulfilled
O03189,C0475,P002,W1,2026-02-13,19,2026-02-17,Fulfilled
O03190,C0630,P006,W3,2025-10-22,17,2025-10-26,Fulfilled
O03191,C0585,P025,W1,2025-11-16,19,2025-11-17,Fulfilled
O03192,C0764,P019,W2,2026-02-08,7,,Cancelled
O03193,C0570,P019,W1,2026-05-10,18,2026-05-18,Fulfilled
O03194,C0637,P005,W1,2026-01-30,24,2026-02-03,Fulfilled
O03195,C0458,P002,W3,2026-03-17,6,2026-03-20,Fulfilled
O03196,C0333,P008,W1,2026-03-10,14,2026-03-11,Fulfilled
O03197,C0730,P022,W3,2025-12-08,17,2025-12-12,Fulfilled
O03198,C0302,P013,W4,2025-12-12,13,2025-12-16,Fulfilled
O03199,C0496,P020,W1,2026-02-03,24,2026-02-12,Fulfilled
O03200,C0233,P013,W3,2025-09-12,10,2025-09-14,Fulfilled
O03201,C0386,P013,W2,2026-05-09,6,2026-05-13,Fulfilled
O03202,C0294,P016,W2,2026-04-13,4,2026-04-16,Fulfilled
O03203,C0207,P024,W3,2025-12-21,21,,Cancelled
O03204,C0656,P011,W3,2026-01-15,17,2026-01-17,Fulfilled
O03205,C0614,P015,W3,2025-12-29,14,2026-01-08,Fulfilled
O03206,C0561,P023,W1,2026-04-26,11,2026-04-29,Fulfilled
O03207,C0067,P010,W3,2026-06-05,10,2026-06-08,Fulfilled
O03208,C0200,P021,W2,2025-10-10,23,2025-10-11,Fulfilled
O03209,C0175,P014,W2,2026-01-29,17,2026-01-31,Fulfilled
O03210,C0569,P022,W4,2025-09-06,24,2025-09-07,Fulfilled
O03211,C0714,P012,W1,2026-02-13,20,2026-02-15,Fulfilled
O03212,C0304,P016,W2,2025-11-30,19,2025-12-10,Fulfilled
O03213,C0264,P009,W2,2026-01-01,14,2026-01-13,Fulfilled
O03214,C0446,P016,W1,2026-02-14,6,2026-02-15,Fulfilled
O03215,C0790,P009,W4,2025-12-28,16,2025-12-31,Fulfilled
O03216,C0296,P016,W2,2026-01-22,18,2026-01-23,Fulfilled
O03217,C0223,P020,W3,2026-06-07,13,2026-06-08,Fulfilled
O03218,C0417,P011,W2,2026-06-23,1,2026-06-27,Fulfilled
O03219,C0732,P011,W4,2025-09-03,24,2025-09-04,Fulfilled
O03220,C0584,P009,W3,2026-01-16,20,,Backordered
O03221,C0415,P019,W2,2026-07-07,9,2026-07-08,Fulfilled
O03222,C0585,P015,W4,2026-03-13,12,2026-03-16,Fulfilled
O03223,C0013,P013,W4,2025-11-14,3,2025-11-17,Fulfilled
O03224,C0602,P001,W3,2026-04-05,23,,Backordered
O03225,C0079,P003,W1,2025-10-23,6,2025-10-27,Fulfilled
O03226,C0313,P001,W3,2025-09-08,10,2025-09-11,Fulfilled
O03227,C0280,P022,W3,2026-04-19,11,,Cancelled
O03228,C0552,P022,W2,2026-03-08,7,2026-03-09,Fulfilled
O03229,C0192,P002,W1,2026-06-04,16,2026-06-08,Fulfilled
O03230,C0191,P002,W3,2026-01-04,24,2026-01-14,Fulfilled
O03231,C0707,P020,W4,2026-07-09,21,2026-07-10,Fulfilled
O03232,C0382,P014,W2,2026-02-01,13,2026-02-04,Fulfilled
O03233,C0593,P008,W2,2026-05-28,4,2026-05-30,Fulfilled
O03234,C0466,P016,W1,2025-10-07,21,2025-10-09,Fulfilled
O03235,C0496,P006,W3,2025-10-06,7,2025-10-08,Fulfilled
O03236,C0549,P005,W4,2026-06-13,22,2026-06-17,Fulfilled
O03237,C0534,P010,W4,2026-07-02,10,2026-07-03,Fulfilled
O03238,C0729,P023,W2,2026-08-10,13,2026-08-14,Fulfilled
O03239,C0628,P020,W1,2025-12-28,11,2025-12-29,Fulfilled
O03240,C0244,P005,W2,2025-09-09,11,2025-09-10,Fulfilled
O03241,C0136,P015,W4,2026-08-24,4,2026-08-27,Fulfilled
O03242,C0676,P023,W1,2026-04-08,14,,Backordered
O03243,C0298,P024,W1,2025-11-30,10,2025-12-04,Fulfilled
O03244,C0249,P020,W4,2026-06-06,21,2026-06-09,Fulfilled
O03245,C0089,P004,W3,2026-07-27,12,2026-07-29,Fulfilled
O03246,C0441,P007,W1,2025-12-13,24,2025-12-15,Fulfilled
O03247,C0410,P006,W1,2026-06-08,8,2026-06-12,Fulfilled
O03248,C0662,P004,W2,2026-06-15,8,2026-06-19,Fulfilled
O03249,C0599,P005,W3,2026-03-03,1,2026-03-06,Fulfilled
O03250,C0578,P008,W4,2026-04-19,18,2026-04-20,Fulfilled
O03251,C0431,P014,W4,2025-12-08,2,2025-12-11,Fulfilled
O03252,C0690,P010,W2,2026-08-06,7,2026-08-07,Fulfilled
O03253,C0786,P011,W2,2026-08-25,22,2026-08-27,Fulfilled
O03254,C0652,P007,W4,2026-08-25,15,2026-08-28,Fulfilled
O03255,C0279,P004,W4,2026-05-28,14,2026-05-30,Fulfilled
O03256,C0221,P025,W1,2025-09-16,20,,Backordered
O03257,C0002,P015,W3,2026-01-12,19,2026-01-16,Fulfilled
O03258,C0794,P006,W3,2026-02-10,22,2026-02-11,Fulfilled
O03259,C0586,P021,W1,2026-08-17,16,2026-08-21,Fulfilled
O03260,C0749,P021,W4,2026-03-19,11,2026-03-31,Fulfilled
O03261,C0630,P025,W2,2026-03-15,4,2026-03-25,Fulfilled
O03262,C0344,P004,W3,2025-10-24,9,2025-10-26,Fulfilled
O03263,C0116,P016,W2,2026-06-17,17,,Backordered
O03264,C0038,P025,W3,2026-01-01,7,2026-01-02,Fulfilled
O03265,C0633,P021,W4,2025-10-04,17,2025-10-05,Fulfilled
O03266,C0243,P006,W2,2026-08-27,4,2026-08-30,Fulfilled
O03267,C0304,P023,W2,2025-11-09,2,2025-11-21,Fulfilled
O03268,C0669,P011,W4,2025-09-06,9,2025-09-08,Fulfilled
O03269,C0385,P013,W4,2025-09-29,6,2025-10-03,Fulfilled
O03270,C0760,P014,W4,2026-02-13,21,2026-02-16,Fulfilled
O03271,C0437,P020,W4,2025-10-08,10,2025-10-09,Fulfilled
O03272,C0665,P004,W3,2026-07-05,11,2026-07-07,Fulfilled
O03273,C0101,P014,W4,2026-03-07,10,2026-03-10,Fulfilled
O03274,C0317,P021,W4,2025-12-28,8,2025-12-30,Fulfilled
O03275,C0147,P014,W1,2025-09-02,23,2025-09-03,Fulfilled
O03276,C0046,P007,W3,2026-02-23,18,2026-02-24,Fulfilled
O03277,C0793,P002,W1,2025-10-26,4,2025-10-29,Fulfilled
O03278,C0414,P014,W3,2026-08-23,6,2026-08-27,Fulfilled
O03279,C0283,P018,W2,2025-12-16,2,2025-12-18,Fulfilled
O03280,C0301,P014,W2,2026-02-21,7,2026-02-25,Fulfilled
O03281,C0193,P025,W4,2025-09-07,16,2025-09-10,Fulfilled
O03282,C0099,P016,W3,2025-10-18,23,2025-10-20,Fulfilled
O03283,C0730,P013,W3,2025-11-15,12,2025-11-18,Fulfilled
O03284,C0085,P002,W4,2025-09-19,2,2025-09-21,Fulfilled
O03285,C0308,P014,W1,2026-05-23,2,2026-05-27,Fulfilled
O03286,C0123,P005,W3,2026-08-12,10,2026-08-16,Fulfilled
O03287,C0743,P019,W1,2026-08-26,7,2026-08-30,Fulfilled
O03288,C0165,P005,W1,2025-12-07,14,2025-12-08,Fulfilled
O03289,C0315,P023,W1,2026-06-15,3,2026-06-16,Fulfilled
O03290,C0603,P008,W3,2026-03-03,6,2026-03-07,Fulfilled
O03291,C0456,P011,W3,2025-09-17,14,2025-09-21,Fulfilled
O03292,C0305,P004,W4,2025-10-04,7,2025-10-07,Fulfilled
O03293,C0451,P006,W2,2026-03-19,9,2026-03-20,Fulfilled
O03294,C0350,P024,W4,2026-02-02,6,2026-02-06,Fulfilled
O03295,C0232,P008,W2,2025-09-04,2,2025-09-06,Fulfilled
O03296,C0479,P013,W1,2026-08-06,9,2026-08-08,Fulfilled
O03297,C0292,P025,W1,2026-05-25,8,,Backordered
O03298,C0768,P016,W1,2026-03-03,22,,Backordered
O03299,C0371,P002,W2,2026-08-27,22,2026-08-29,Fulfilled
O03300,C0605,P009,W2,2026-08-21,11,2026-08-23,Fulfilled
O03301,C0188,P010,W4,2026-08-22,7,2026-08-25,Fulfilled
O03302,C0516,P007,W1,2025-12-04,11,2025-12-05,Fulfilled
O03303,C0448,P007,W2,2026-07-19,15,2026-07-21,Fulfilled
O03304,C0595,P013,W4,2026-03-04,10,,Backordered
O03305,C0369,P010,W1,2026-05-24,19,2026-05-27,Fulfilled
O03306,C0575,P008,W2,2026-07-11,24,2026-07-15,Fulfilled
O03307,C0047,P011,W1,2025-10-30,10,2025-11-03,Fulfilled
O03308,C0552,P009,W3,2026-02-11,3,2026-02-19,Fulfilled
O03309,C0603,P006,W4,2025-10-18,3,2025-10-21,Fulfilled
O03310,C0397,P012,W1,2025-12-12,21,2025-12-13,Fulfilled
O03311,C0028,P024,W2,2026-01-29,10,2026-01-31,Fulfilled
O03312,C0453,P013,W2,2026-07-10,8,2026-07-12,Fulfilled
O03313,C0625,P015,W4,2026-07-12,15,2026-07-15,Fulfilled
O03314,C0369,P025,W4,2026-01-21,23,2026-01-23,Fulfilled
O03315,C0076,P016,W1,2025-12-30,11,2026-01-02,Fulfilled
O03316,C0316,P006,W2,2026-03-13,8,2026-03-21,Fulfilled
O03317,C0795,P010,W4,2026-07-30,21,2026-08-03,Fulfilled
O03318,C0217,P013,W1,2026-08-23,2,2026-08-24,Fulfilled
O03319,C0424,P012,W4,2025-11-22,21,2025-11-29,Fulfilled
O03320,C0284,P004,W1,2025-11-08,13,2025-11-17,Fulfilled
O03321,C0570,P003,W3,2026-05-16,1,2026-05-26,Fulfilled
O03322,C0343,P009,W4,2025-12-20,6,2025-12-24,Fulfilled
O03323,C0308,P023,W3,2025-11-12,17,2025-11-13,Fulfilled
O03324,C0463,P018,W4,2025-09-12,19,2025-09-13,Fulfilled
O03325,C0457,P022,W3,2026-01-26,5,2026-01-31,Fulfilled
O03326,C0400,P005,W1,2026-01-22,16,2026-01-26,Fulfilled
O03327,C0207,P011,W3,2026-03-25,24,2026-03-27,Fulfilled
O03328,C0087,P015,W3,2025-11-13,17,2025-11-15,Fulfilled
O03329,C0552,P011,W2,2026-05-19,17,2026-05-22,Fulfilled
O03330,C0272,P011,W1,2026-05-07,5,2026-05-09,Fulfilled
O03331,C0490,P009,W3,2026-02-16,16,2026-02-19,Fulfilled
O03332,C0301,P002,W3,2025-11-06,18,2025-11-10,Fulfilled
O03333,C0683,P022,W4,2026-03-05,3,2026-03-07,Fulfilled
O03334,C0565,P024,W1,2026-05-05,8,2026-05-09,Fulfilled
O03335,C0323,P003,W3,2026-01-15,22,2026-01-18,Fulfilled
O03336,C0266,P011,W4,2025-12-06,24,2025-12-13,Fulfilled
O03337,C0599,P013,W4,2026-03-04,5,,Cancelled
O03338,C0007,P020,W4,2026-01-08,18,2026-01-10,Fulfilled
O03339,C0047,P025,W1,2026-01-25,13,2026-01-26,Fulfilled
O03340,C0068,P011,W1,2026-01-06,15,2026-01-08,Fulfilled
O03341,C0277,P019,W3,2025-12-20,13,2025-12-24,Fulfilled
O03342,C0398,P024,W2,2026-05-20,21,2026-05-23,Fulfilled
O03343,C0234,P021,W1,2026-02-15,11,2026-02-18,Fulfilled
O03344,C0151,P008,W1,2026-02-18,15,2026-02-21,Fulfilled
O03345,C0251,P021,W1,2026-04-27,17,2026-04-28,Fulfilled
O03346,C0396,P011,W2,2026-01-10,14,,Backordered
O03347,C0238,P001,W3,2025-10-07,22,2025-10-09,Fulfilled
O03348,C0459,P019,W1,2026-07-09,6,2026-07-13,Fulfilled
O03349,C0306,P021,W1,2025-09-21,23,2025-09-22,Fulfilled
O03350,C0746,P009,W2,2026-03-28,17,2026-03-31,Fulfilled
O03351,C0793,P012,W4,2025-12-07,24,2025-12-11,Fulfilled
O03352,C0524,P010,W4,2025-11-18,9,2025-11-19,Fulfilled
O03353,C0444,P003,W2,2025-09-16,12,2025-09-17,Fulfilled
O03354,C0025,P025,W1,2026-07-26,2,2026-07-30,Fulfilled
O03355,C0498,P001,W1,2026-02-04,23,,Backordered
O03356,C0305,P014,W4,2026-01-04,20,2026-01-07,Fulfilled
O03357,C0232,P001,W2,2026-05-29,8,2026-06-02,Fulfilled
O03358,C0634,P018,W1,2025-09-15,2,2025-09-25,Fulfilled
O03359,C0034,P023,W4,2026-03-26,17,2026-04-02,Fulfilled
O03360,C0209,P017,W3,2026-02-28,17,2026-03-03,Fulfilled
O03361,C0619,P016,W2,2026-03-22,13,2026-03-25,Fulfilled
O03362,C0740,P021,W2,2025-10-16,4,,Cancelled
O03363,C0412,P025,W1,2026-08-14,23,2026-08-17,Fulfilled
O03364,C0423,P022,W4,2025-11-27,11,2025-12-01,Fulfilled
O03365,C0773,P006,W4,2026-05-06,18,2026-05-07,Fulfilled
O03366,C0074,P015,W1,2026-05-31,21,2026-06-02,Fulfilled
O03367,C0385,P021,W3,2026-01-04,14,2026-01-05,Fulfilled
O03368,C0194,P008,W1,2025-10-18,3,2025-10-21,Fulfilled
O03369,C0381,P017,W2,2025-12-18,22,2025-12-19,Fulfilled
O03370,C0725,P001,W3,2026-06-22,17,2026-06-26,Fulfilled
O03371,C0477,P022,W1,2026-07-28,22,2026-08-01,Fulfilled
O03372,C0793,P016,W3,2026-08-08,15,2026-08-12,Fulfilled
O03373,C0404,P019,W1,2025-11-22,22,2025-11-26,Fulfilled
O03374,C0690,P021,W3,2026-04-10,21,2026-04-11,Fulfilled
O03375,C0136,P006,W2,2025-10-26,6,2025-10-29,Fulfilled
O03376,C0257,P012,W1,2026-05-18,5,,Cancelled
O03377,C0219,P022,W4,2026-01-30,4,2026-02-02,Fulfilled
O03378,C0615,P005,W2,2026-05-19,20,2026-05-23,Fulfilled
O03379,C0410,P021,W4,2026-05-09,6,2026-05-12,Fulfilled
O03380,C0178,P008,W4,2026-08-29,11,2026-08-30,Fulfilled
O03381,C0139,P015,W1,2026-02-26,19,2026-03-02,Fulfilled
O03382,C0308,P013,W3,2026-01-03,11,2026-01-05,Fulfilled
O03383,C0123,P018,W2,2026-03-12,2,2026-03-14,Fulfilled
O03384,C0558,P021,W3,2025-10-30,9,2025-11-02,Fulfilled
O03385,C0678,P009,W3,2025-10-11,3,2025-10-15,Fulfilled
O03386,C0775,P005,W2,2026-03-09,10,2026-03-12,Fulfilled
O03387,C0189,P011,W3,2026-06-29,18,2026-06-30,Fulfilled
O03388,C0351,P016,W2,2026-03-14,13,2026-03-17,Fulfilled
O03389,C0403,P019,W4,2026-06-13,17,2026-06-24,Fulfilled
O03390,C0397,P019,W4,2025-11-04,3,2025-11-05,Fulfilled
O03391,C0363,P009,W1,2026-02-12,19,2026-02-15,Fulfilled
O03392,C0176,P024,W3,2026-04-12,11,2026-04-16,Fulfilled
O03393,C0090,P003,W4,2026-01-05,7,2026-01-09,Fulfilled
O03394,C0323,P003,W1,2025-09-06,16,2025-09-11,Fulfilled
O03395,C0074,P001,W3,2025-09-27,4,2025-09-30,Fulfilled
O03396,C0051,P024,W4,2026-08-05,12,2026-08-09,Fulfilled
O03397,C0419,P005,W1,2026-04-09,11,2026-04-12,Fulfilled
O03398,C0687,P016,W3,2025-12-06,4,2025-12-08,Fulfilled
O03399,C0432,P021,W4,2025-12-04,23,2025-12-05,Fulfilled
O03400,C0019,P020,W2,2025-09-15,9,2025-09-16,Fulfilled
O03401,C0672,P024,W1,2026-08-11,1,2026-08-14,Fulfilled
O03402,C0547,P002,W2,2025-10-10,11,2025-10-14,Fulfilled
O03403,C0243,P011,W2,2026-06-05,24,2026-06-12,Fulfilled
O03404,C0219,P013,W3,2025-11-27,17,2025-12-01,Fulfilled
O03405,C0719,P018,W2,2026-01-01,16,2026-01-04,Fulfilled
O03406,C0381,P016,W2,2025-12-09,22,2025-12-11,Fulfilled
O03407,C0113,P014,W4,2026-06-28,3,2026-07-01,Fulfilled
O03408,C0225,P008,W3,2025-09-12,14,2025-09-14,Fulfilled
O03409,C0212,P003,W4,2026-01-07,8,2026-01-12,Fulfilled
O03410,C0320,P011,W3,2025-12-11,17,2025-12-23,Fulfilled
O03411,C0277,P007,W4,2025-12-09,21,,Cancelled
O03412,C0437,P014,W1,2025-11-10,2,2025-11-14,Fulfilled
O03413,C0259,P020,W4,2026-07-31,4,2026-08-10,Fulfilled
O03414,C0513,P014,W4,2026-01-17,23,2026-01-19,Fulfilled
O03415,C0394,P015,W1,2026-01-31,12,2026-02-01,Fulfilled
O03416,C0752,P002,W2,2026-01-19,8,2026-01-23,Fulfilled
O03417,C0662,P017,W2,2026-08-24,4,2026-08-28,Fulfilled
O03418,C0266,P011,W2,2026-01-02,9,2026-01-04,Fulfilled
O03419,C0034,P004,W4,2026-01-03,1,2026-01-07,Fulfilled
O03420,C0468,P006,W3,2025-12-29,6,2026-01-01,Fulfilled
O03421,C0271,P020,W1,2025-12-29,5,2025-12-31,Fulfilled
O03422,C0721,P023,W3,2025-10-03,3,2025-10-05,Fulfilled
O03423,C0325,P013,W4,2026-04-09,24,2026-04-12,Fulfilled
O03424,C0232,P025,W2,2025-09-10,19,,Backordered
O03425,C0272,P005,W4,2025-11-22,23,2025-11-23,Fulfilled
O03426,C0692,P008,W3,2025-11-13,6,2025-11-17,Fulfilled
O03427,C0090,P024,W4,2025-12-16,7,2025-12-17,Fulfilled
O03428,C0766,P005,W4,2026-06-04,7,,Backordered
O03429,C0187,P017,W1,2026-04-07,14,2026-04-18,Fulfilled
O03430,C0678,P006,W4,2026-08-28,5,2026-09-01,Fulfilled
O03431,C0435,P009,W1,2026-01-07,6,2026-01-11,Fulfilled
O03432,C0456,P012,W4,2026-08-05,24,2026-08-06,Fulfilled
O03433,C0164,P009,W4,2025-09-17,9,2025-09-21,Fulfilled
O03434,C0577,P022,W2,2026-03-04,19,2026-03-06,Fulfilled
O03435,C0519,P025,W1,2026-06-19,6,2026-06-20,Fulfilled
O03436,C0385,P013,W2,2026-03-14,23,2026-03-18,Fulfilled
O03437,C0366,P014,W2,2026-08-07,17,2026-08-09,Fulfilled
O03438,C0478,P002,W3,2025-12-24,21,2025-12-27,Fulfilled
O03439,C0377,P006,W1,2025-09-13,13,2025-09-14,Fulfilled
O03440,C0779,P001,W1,2026-06-10,22,2026-06-11,Fulfilled
O03441,C0034,P022,W2,2025-09-25,9,2025-09-29,Fulfilled
O03442,C0201,P006,W4,2026-06-07,12,2026-06-10,Fulfilled
O03443,C0680,P009,W2,2026-05-26,2,,Backordered
O03444,C0634,P022,W2,2026-07-06,5,2026-07-07,Fulfilled
O03445,C0279,P018,W1,2026-02-22,19,2026-02-26,Fulfilled
O03446,C0405,P016,W2,2026-07-24,8,2026-07-28,Fulfilled
O03447,C0022,P001,W2,2025-11-01,3,2025-11-05,Fulfilled
O03448,C0142,P015,W2,2026-02-06,8,2026-02-07,Fulfilled
O03449,C0755,P015,W2,2025-10-15,9,2025-10-16,Fulfilled
O03450,C0515,P008,W2,2026-06-07,18,2026-06-10,Fulfilled
O03451,C0031,P019,W3,2026-05-19,3,2026-05-20,Fulfilled
O03452,C0634,P024,W2,2026-06-22,1,2026-06-23,Fulfilled
O03453,C0323,P007,W4,2026-06-06,18,2026-06-10,Fulfilled
O03454,C0455,P009,W3,2025-12-22,4,2025-12-25,Fulfilled
O03455,C0685,P009,W3,2025-09-25,11,2025-09-29,Fulfilled
O03456,C0670,P021,W3,2026-08-06,17,2026-08-10,Fulfilled
O03457,C0110,P002,W4,2026-02-27,13,2026-02-28,Fulfilled
O03458,C0293,P023,W2,2025-10-05,3,2025-10-09,Fulfilled
O03459,C0218,P020,W4,2026-08-05,18,2026-08-06,Fulfilled
O03460,C0731,P013,W1,2026-08-29,2,2026-08-31,Fulfilled
O03461,C0624,P015,W1,2026-02-10,6,2026-02-12,Fulfilled
O03462,C0519,P023,W4,2026-06-09,3,2026-06-10,Fulfilled
O03463,C0047,P020,W4,2025-09-14,13,2025-09-17,Fulfilled
O03464,C0642,P007,W1,2025-10-05,17,2025-10-06,Fulfilled
O03465,C0449,P002,W3,2025-12-10,16,2025-12-14,Fulfilled
O03466,C0219,P017,W3,2026-04-28,4,2026-05-02,Fulfilled
O03467,C0354,P004,W1,2025-10-19,9,2025-10-22,Fulfilled
O03468,C0357,P003,W3,2025-09-13,4,2025-09-14,Fulfilled
O03469,C0237,P025,W3,2026-05-03,9,2026-05-06,Fulfilled
O03470,C0727,P012,W3,2026-06-09,6,,Cancelled
O03471,C0734,P017,W3,2026-05-28,18,2026-05-30,Fulfilled
O03472,C0041,P006,W4,2026-06-19,19,2026-06-21,Fulfilled
O03473,C0748,P003,W1,2026-06-21,20,2026-06-23,Fulfilled
O03474,C0323,P002,W3,2026-04-08,5,2026-04-12,Fulfilled
O03475,C0640,P009,W2,2026-03-09,1,2026-03-10,Fulfilled
O03476,C0624,P001,W4,2026-07-10,1,,Cancelled
O03477,C0479,P011,W2,2026-01-06,21,2026-01-08,Fulfilled
O03478,C0595,P009,W4,2025-10-06,22,2025-10-09,Fulfilled
O03479,C0545,P014,W3,2026-06-02,6,2026-06-03,Fulfilled
O03480,C0681,P015,W1,2025-12-10,22,2025-12-14,Fulfilled
O03481,C0339,P008,W4,2026-08-24,13,2026-08-26,Fulfilled
O03482,C0591,P012,W1,2026-01-30,5,2026-02-03,Fulfilled
O03483,C0783,P002,W2,2026-07-08,8,2026-07-09,Fulfilled
O03484,C0757,P008,W2,2025-09-16,7,2025-09-19,Fulfilled
O03485,C0119,P025,W3,2026-04-29,19,2026-05-02,Fulfilled
O03486,C0399,P025,W2,2026-02-11,5,2026-02-15,Fulfilled
O03487,C0408,P013,W3,2026-02-16,5,2026-02-17,Fulfilled
O03488,C0499,P024,W3,2025-12-06,18,,Cancelled
O03489,C0517,P013,W1,2026-08-21,8,2026-08-22,Fulfilled
O03490,C0678,P004,W1,2026-01-22,7,2026-01-24,Fulfilled
O03491,C0426,P022,W2,2026-07-08,20,2026-07-09,Fulfilled
O03492,C0561,P011,W1,2026-02-03,23,2026-02-13,Fulfilled
O03493,C0719,P016,W4,2025-09-18,14,2025-09-22,Fulfilled
O03494,C0082,P017,W2,2026-07-18,20,2026-07-21,Fulfilled
O03495,C0514,P008,W2,2025-11-07,21,2025-11-11,Fulfilled
O03496,C0294,P019,W3,2025-12-08,15,,Backordered
O03497,C0724,P013,W4,2026-07-12,20,2026-07-15,Fulfilled
O03498,C0442,P010,W3,2026-07-24,1,2026-08-03,Fulfilled
O03499,C0482,P008,W3,2026-08-01,1,2026-08-05,Fulfilled
O03500,C0604,P019,W4,2026-02-03,22,2026-02-04,Fulfilled
O03501,C0194,P007,W4,2026-06-04,4,2026-06-05,Fulfilled
O03502,C0435,P004,W1,2025-12-29,18,2026-01-01,Fulfilled
O03503,C0618,P023,W1,2026-05-29,11,2026-06-01,Fulfilled
O03504,C0622,P009,W2,2026-03-03,19,,Backordered
O03505,C0183,P017,W4,2025-09-19,16,2025-09-22,Fulfilled
O03506,C0670,P018,W4,2026-01-31,2,2026-02-03,Fulfilled
O03507,C0131,P021,W3,2026-02-18,9,2026-02-20,Fulfilled
O03508,C0212,P016,W3,2025-12-03,18,2025-12-13,Fulfilled
O03509,C0685,P018,W1,2026-01-15,23,2026-01-18,Fulfilled
O03510,C0493,P021,W3,2026-03-03,20,2026-03-05,Fulfilled
O03511,C0434,P024,W1,2025-09-19,22,2025-09-20,Fulfilled
O03512,C0446,P002,W3,2025-10-26,23,2025-10-28,Fulfilled
O03513,C0775,P019,W1,2026-06-07,22,2026-06-11,Fulfilled
O03514,C0182,P005,W1,2026-01-07,14,2026-01-09,Fulfilled
O03515,C0240,P023,W4,2026-04-11,9,2026-04-14,Fulfilled
O03516,C0392,P002,W4,2026-03-26,13,2026-03-28,Fulfilled
O03517,C0676,P007,W3,2026-03-21,20,2026-03-24,Fulfilled
O03518,C0439,P005,W3,2026-01-29,11,2026-02-01,Fulfilled
O03519,C0581,P016,W1,2026-02-24,20,2026-03-03,Fulfilled
O03520,C0654,P001,W3,2026-06-28,17,2026-07-01,Fulfilled
O03521,C0713,P001,W3,2026-08-19,6,2026-08-28,Fulfilled
O03522,C0369,P013,W3,2025-12-03,23,2025-12-07,Fulfilled
O03523,C0366,P025,W2,2026-05-03,21,2026-05-07,Fulfilled
O03524,C0065,P014,W2,2026-08-20,15,2026-08-21,Fulfilled
O03525,C0065,P012,W4,2025-09-03,5,2025-09-07,Fulfilled
O03526,C0390,P017,W2,2026-06-14,6,2026-06-17,Fulfilled
O03527,C0599,P014,W4,2026-03-01,21,2026-03-03,Fulfilled
O03528,C0670,P010,W4,2026-08-20,1,,Backordered
O03529,C0327,P015,W4,2026-03-31,12,2026-04-01,Fulfilled
O03530,C0457,P001,W3,2026-07-03,15,2026-07-07,Fulfilled
O03531,C0650,P007,W1,2025-10-31,6,2025-11-04,Fulfilled
O03532,C0255,P017,W1,2025-10-22,21,2025-10-23,Fulfilled
O03533,C0127,P009,W3,2026-08-05,13,2026-08-08,Fulfilled
O03534,C0736,P002,W2,2026-03-12,2,2026-03-15,Fulfilled
O03535,C0437,P004,W1,2026-03-23,8,2026-03-24,Fulfilled
O03536,C0125,P022,W4,2025-11-02,10,2025-11-05,Fulfilled
O03537,C0202,P009,W4,2025-11-22,6,2025-11-29,Fulfilled
O03538,C0262,P001,W2,2026-06-26,23,2026-06-28,Fulfilled
O03539,C0161,P019,W3,2025-12-20,9,2025-12-23,Fulfilled
O03540,C0350,P014,W2,2026-04-02,13,2026-04-06,Fulfilled
O03541,C0650,P012,W2,2025-12-25,13,2025-12-27,Fulfilled
O03542,C0590,P023,W3,2025-12-06,6,2025-12-07,Fulfilled
O03543,C0733,P008,W2,2025-10-31,14,2025-11-02,Fulfilled
O03544,C0668,P015,W4,2026-08-06,9,2026-08-07,Fulfilled
O03545,C0249,P019,W1,2026-08-10,1,2026-08-12,Fulfilled
O03546,C0047,P016,W3,2025-10-13,10,2025-10-22,Fulfilled
O03547,C0122,P006,W4,2026-01-07,15,2026-01-08,Fulfilled
O03548,C0633,P018,W4,2026-03-25,3,2026-03-28,Fulfilled
O03549,C0272,P019,W1,2026-01-18,19,2026-01-22,Fulfilled
O03550,C0576,P004,W1,2026-05-22,16,,Backordered
O03551,C0366,P005,W3,2025-12-04,8,2025-12-08,Fulfilled
O03552,C0715,P017,W4,2025-09-22,15,2025-09-24,Fulfilled
O03553,C0406,P003,W4,2026-01-01,8,2026-01-04,Fulfilled
O03554,C0720,P023,W4,2026-04-07,16,2026-04-08,Fulfilled
O03555,C0201,P003,W1,2025-11-05,4,2025-11-07,Fulfilled
O03556,C0622,P025,W3,2026-06-25,15,2026-06-29,Fulfilled
O03557,C0419,P017,W3,2025-09-05,2,2025-09-08,Fulfilled
O03558,C0152,P012,W3,2025-09-25,1,2025-09-28,Fulfilled
O03559,C0187,P007,W4,2026-03-05,7,2026-03-08,Fulfilled
O03560,C0251,P009,W1,2026-03-06,5,,Backordered
O03561,C0124,P019,W2,2025-12-17,12,2025-12-27,Fulfilled
O03562,C0749,P019,W2,2025-12-04,4,2025-12-06,Fulfilled
O03563,C0170,P006,W4,2025-09-26,6,,Backordered
O03564,C0478,P014,W1,2026-04-30,3,2026-05-04,Fulfilled
O03565,C0457,P025,W2,2026-01-17,22,2026-01-18,Fulfilled
O03566,C0431,P007,W1,2025-10-14,18,,Backordered
O03567,C0502,P018,W1,2026-01-24,6,2026-01-31,Fulfilled
O03568,C0732,P005,W4,2026-08-09,3,2026-08-10,Fulfilled
O03569,C0774,P021,W4,2025-12-05,21,2025-12-12,Fulfilled
O03570,C0699,P005,W2,2026-07-24,17,2026-07-27,Fulfilled
O03571,C0368,P008,W3,2025-12-04,22,2025-12-07,Fulfilled
O03572,C0582,P012,W3,2025-11-07,5,2025-11-11,Fulfilled
O03573,C0149,P010,W4,2025-12-05,9,2025-12-16,Fulfilled
O03574,C0705,P005,W2,2025-12-27,3,2026-01-05,Fulfilled
O03575,C0157,P017,W4,2025-10-15,11,2025-10-18,Fulfilled
O03576,C0091,P001,W2,2026-04-03,4,2026-04-11,Fulfilled
O03577,C0663,P025,W3,2025-12-31,1,2026-01-02,Fulfilled
O03578,C0606,P002,W2,2026-05-21,13,2026-05-25,Fulfilled
O03579,C0111,P009,W3,2026-02-27,24,2026-03-01,Fulfilled
O03580,C0772,P024,W2,2026-02-09,16,2026-02-10,Fulfilled
O03581,C0090,P004,W4,2026-02-19,19,2026-02-21,Fulfilled
O03582,C0040,P002,W3,2025-10-28,20,2025-11-01,Fulfilled
O03583,C0764,P019,W2,2026-05-19,24,2026-05-23,Fulfilled
O03584,C0179,P002,W4,2025-10-09,4,2025-10-12,Fulfilled
O03585,C0188,P023,W3,2026-05-22,7,2026-05-24,Fulfilled
O03586,C0635,P012,W2,2026-08-31,15,2026-09-11,Fulfilled
O03587,C0486,P022,W1,2026-06-06,20,2026-06-09,Fulfilled
O03588,C0416,P007,W4,2026-02-14,19,2026-02-18,Fulfilled
O03589,C0790,P004,W4,2025-12-24,18,2025-12-27,Fulfilled
O03590,C0070,P025,W3,2026-07-16,8,2026-07-19,Fulfilled
O03591,C0740,P020,W4,2025-12-03,9,2025-12-07,Fulfilled
O03592,C0215,P023,W3,2026-02-24,2,2026-02-28,Fulfilled
O03593,C0498,P008,W1,2026-06-09,8,2026-06-12,Fulfilled
O03594,C0259,P011,W1,2026-08-03,4,2026-08-04,Fulfilled
O03595,C0235,P015,W1,2026-08-03,23,,Backordered
O03596,C0257,P012,W1,2025-10-03,3,2025-10-06,Fulfilled
O03597,C0447,P007,W3,2026-07-25,9,2026-07-28,Fulfilled
O03598,C0702,P010,W4,2025-10-12,22,,Cancelled
O03599,C0090,P016,W1,2026-04-02,23,2026-04-07,Fulfilled
O03600,C0529,P001,W3,2026-08-06,10,2026-08-10,Fulfilled
O03601,C0688,P009,W1,2026-04-28,12,2026-05-02,Fulfilled
O03602,C0588,P008,W2,2026-08-12,13,2026-08-13,Fulfilled
O03603,C0784,P002,W4,2026-01-04,20,2026-01-09,Fulfilled
O03604,C0011,P004,W4,2025-12-24,19,2026-01-04,Fulfilled
O03605,C0290,P013,W4,2025-12-29,13,2026-01-02,Fulfilled
O03606,C0342,P003,W2,2026-01-08,9,2026-01-12,Fulfilled
O03607,C0428,P009,W4,2026-05-08,9,2026-05-10,Fulfilled
O03608,C0254,P015,W4,2026-02-13,16,2026-02-15,Fulfilled
O03609,C0203,P022,W2,2026-05-28,21,2026-05-30,Fulfilled
O03610,C0681,P003,W2,2026-01-30,2,2026-01-31,Fulfilled
O03611,C0186,P011,W1,2025-12-22,19,,Cancelled
O03612,C0763,P003,W4,2025-11-09,12,2025-11-11,Fulfilled
O03613,C0030,P011,W1,2026-03-21,4,2026-03-22,Fulfilled
O03614,C0339,P013,W2,2026-07-25,3,2026-07-28,Fulfilled
O03615,C0487,P020,W2,2026-07-11,9,2026-07-15,Fulfilled
O03616,C0778,P012,W1,2025-12-02,6,2025-12-04,Fulfilled
O03617,C0611,P024,W4,2026-02-22,3,2026-02-24,Fulfilled
O03618,C0012,P004,W3,2026-05-16,8,2026-05-18,Fulfilled
O03619,C0599,P002,W1,2026-04-12,21,,Backordered
O03620,C0261,P001,W1,2025-09-25,18,2025-09-28,Fulfilled
O03621,C0688,P009,W1,2026-04-04,6,2026-04-06,Fulfilled
O03622,C0620,P005,W4,2025-09-15,17,,Backordered
O03623,C0154,P003,W2,2025-10-13,11,2025-10-15,Fulfilled
O03624,C0288,P006,W3,2026-04-27,18,2026-05-01,Fulfilled
O03625,C0657,P025,W1,2025-10-08,6,,Cancelled
O03626,C0736,P021,W1,2026-01-02,2,2026-01-07,Fulfilled
O03627,C0483,P001,W3,2026-04-03,8,2026-04-05,Fulfilled
O03628,C0175,P023,W1,2026-04-28,24,2026-05-05,Fulfilled
O03629,C0312,P006,W3,2026-02-10,14,,Cancelled
O03630,C0636,P011,W4,2025-10-05,2,2025-10-09,Fulfilled
O03631,C0479,P009,W2,2026-06-19,24,2026-06-22,Fulfilled
O03632,C0162,P011,W3,2026-08-13,20,2026-08-16,Fulfilled
O03633,C0229,P020,W4,2026-07-22,14,,Backordered
O03634,C0158,P018,W4,2026-06-01,18,2026-06-04,Fulfilled
O03635,C0375,P015,W1,2026-01-25,5,2026-01-28,Fulfilled
O03636,C0357,P016,W1,2026-07-17,15,2026-07-18,Fulfilled
O03637,C0433,P019,W4,2026-02-26,22,2026-03-01,Fulfilled
O03638,C0756,P005,W4,2025-10-20,11,2025-10-27,Fulfilled
O03639,C0521,P010,W2,2026-07-08,1,2026-07-09,Fulfilled
O03640,C0468,P003,W3,2025-12-26,19,2025-12-29,Fulfilled
O03641,C0293,P018,W3,2026-08-09,18,2026-08-12,Fulfilled
O03642,C0508,P011,W3,2026-01-13,18,2026-01-15,Fulfilled
O03643,C0764,P016,W4,2026-07-15,16,2026-07-16,Fulfilled
O03644,C0008,P015,W2,2026-03-16,4,2026-03-17,Fulfilled
O03645,C0280,P007,W4,2026-02-18,3,2026-02-19,Fulfilled
O03646,C0046,P004,W1,2025-12-18,20,,Cancelled
O03647,C0163,P025,W1,2026-07-03,21,2026-07-04,Fulfilled
O03648,C0054,P008,W4,2025-09-23,2,2025-09-26,Fulfilled
O03649,C0474,P003,W1,2026-02-19,14,2026-02-21,Fulfilled
O03650,C0655,P008,W4,2026-01-13,13,2026-01-14,Fulfilled
O03651,C0752,P023,W2,2026-03-18,9,2026-03-19,Fulfilled
O03652,C0190,P007,W2,2025-12-02,16,2025-12-05,Fulfilled
O03653,C0559,P025,W1,2026-05-01,22,2026-05-05,Fulfilled
O03654,C0263,P012,W4,2026-01-19,20,2026-01-29,Fulfilled
O03655,C0253,P022,W2,2025-11-08,4,,Backordered
O03656,C0488,P017,W1,2025-11-11,12,2025-11-13,Fulfilled
O03657,C0543,P002,W2,2026-05-13,23,2026-05-16,Fulfilled
O03658,C0467,P013,W1,2025-12-05,6,2025-12-06,Fulfilled
O03659,C0080,P011,W4,2025-12-22,21,2025-12-23,Fulfilled
O03660,C0329,P006,W1,2026-04-17,12,2026-04-18,Fulfilled
O03661,C0229,P014,W2,2025-12-30,13,2025-12-31,Fulfilled
O03662,C0004,P003,W2,2026-01-20,7,2026-01-22,Fulfilled
O03663,C0033,P018,W1,2025-11-29,23,2025-11-30,Fulfilled
O03664,C0360,P021,W1,2026-01-05,13,2026-01-09,Fulfilled
O03665,C0081,P003,W3,2026-05-11,14,2026-05-14,Fulfilled
O03666,C0591,P012,W2,2026-03-14,12,2026-03-17,Fulfilled
O03667,C0045,P017,W1,2026-08-31,3,2026-09-01,Fulfilled
O03668,C0188,P002,W1,2026-06-09,19,2026-06-13,Fulfilled
O03669,C0788,P010,W4,2025-09-07,8,2025-09-08,Fulfilled
O03670,C0566,P007,W3,2026-01-17,6,2026-01-25,Fulfilled
O03671,C0446,P001,W3,2025-12-15,19,2025-12-18,Fulfilled
O03672,C0013,P021,W4,2026-04-03,5,2026-04-04,Fulfilled
O03673,C0035,P012,W1,2025-12-06,17,2025-12-07,Fulfilled
O03674,C0726,P019,W3,2026-08-19,12,2026-08-22,Fulfilled
O03675,C0639,P015,W4,2025-12-19,20,2025-12-23,Fulfilled
O03676,C0760,P022,W1,2026-03-10,2,2026-03-12,Fulfilled
O03677,C0646,P025,W3,2025-10-15,19,2025-10-16,Fulfilled
O03678,C0002,P016,W4,2026-07-30,6,2026-08-01,Fulfilled
O03679,C0644,P009,W3,2026-07-30,21,2026-08-01,Fulfilled
O03680,C0366,P011,W1,2026-06-17,9,2026-06-19,Fulfilled
O03681,C0554,P021,W3,2026-01-07,1,2026-01-11,Fulfilled
O03682,C0331,P011,W4,2025-09-22,12,2025-10-03,Fulfilled
O03683,C0577,P013,W1,2026-05-18,2,2026-05-19,Fulfilled
O03684,C0673,P005,W3,2026-02-04,7,2026-02-13,Fulfilled
O03685,C0779,P025,W3,2026-08-28,18,2026-08-31,Fulfilled
O03686,C0433,P017,W2,2026-05-13,14,2026-05-16,Fulfilled
O03687,C0223,P009,W1,2026-03-16,18,2026-03-19,Fulfilled
O03688,C0489,P015,W1,2026-08-27,22,2026-08-29,Fulfilled
O03689,C0400,P011,W4,2026-06-20,12,2026-06-22,Fulfilled
O03690,C0162,P004,W4,2026-02-15,14,,Backordered
O03691,C0579,P022,W2,2025-09-07,2,2025-09-08,Fulfilled
O03692,C0062,P023,W4,2025-10-04,7,,Backordered
O03693,C0323,P021,W4,2026-02-09,18,2026-02-11,Fulfilled
O03694,C0554,P010,W3,2026-03-25,2,2026-03-28,Fulfilled
O03695,C0736,P007,W3,2025-09-12,9,2025-09-24,Fulfilled
O03696,C0496,P002,W4,2025-10-17,4,2025-10-20,Fulfilled
O03697,C0783,P019,W3,2026-05-16,21,2026-05-17,Fulfilled
O03698,C0666,P009,W4,2026-06-02,14,2026-06-03,Fulfilled
O03699,C0189,P023,W4,2025-09-11,16,2025-09-12,Fulfilled
O03700,C0675,P022,W1,2026-03-05,17,,Cancelled
O03701,C0269,P004,W3,2025-09-30,6,2025-10-01,Fulfilled
O03702,C0505,P023,W3,2026-05-23,2,2026-05-27,Fulfilled
O03703,C0161,P004,W4,2026-07-02,10,2026-07-04,Fulfilled
O03704,C0431,P013,W2,2026-07-15,5,2026-07-18,Fulfilled
O03705,C0543,P012,W4,2026-04-07,8,,Cancelled
O03706,C0731,P024,W2,2026-04-18,8,2026-04-25,Fulfilled
O03707,C0754,P017,W2,2026-08-05,19,2026-08-06,Fulfilled
O03708,C0641,P022,W1,2026-04-12,8,2026-04-14,Fulfilled
O03709,C0447,P015,W2,2026-02-10,4,2026-02-21,Fulfilled
O03710,C0706,P021,W4,2026-06-03,24,2026-06-05,Fulfilled
O03711,C0085,P022,W3,2026-04-04,2,2026-04-08,Fulfilled
O03712,C0796,P022,W3,2026-07-05,5,2026-07-08,Fulfilled
O03713,C0163,P011,W4,2026-03-11,9,2026-03-14,Fulfilled
O03714,C0323,P010,W2,2026-07-15,2,,Backordered
O03715,C0726,P025,W3,2025-09-17,22,2025-09-19,Fulfilled
O03716,C0573,P019,W2,2025-09-14,9,2025-09-17,Fulfilled
O03717,C0679,P023,W4,2025-10-07,19,2025-10-10,Fulfilled
O03718,C0550,P015,W2,2026-03-23,4,2026-04-03,Fulfilled
O03719,C0481,P024,W4,2026-05-17,13,,Cancelled
O03720,C0140,P018,W3,2025-11-18,4,2025-11-20,Fulfilled
O03721,C0796,P019,W4,2025-10-27,6,2025-10-31,Fulfilled
O03722,C0509,P005,W4,2026-07-12,10,2026-07-14,Fulfilled
O03723,C0534,P015,W4,2026-06-01,21,,Cancelled
O03724,C0343,P019,W2,2026-04-25,8,2026-04-26,Fulfilled
O03725,C0761,P020,W3,2026-02-26,19,2026-02-27,Fulfilled
O03726,C0361,P024,W2,2026-02-01,3,2026-02-02,Fulfilled
O03727,C0153,P009,W1,2025-09-08,7,2025-09-10,Fulfilled
O03728,C0144,P008,W3,2025-11-08,15,2025-11-12,Fulfilled
O03729,C0559,P025,W2,2026-07-25,12,2026-07-26,Fulfilled
O03730,C0596,P025,W2,2026-01-02,13,2026-01-14,Fulfilled
O03731,C0165,P005,W1,2026-05-16,17,2026-05-20,Fulfilled
O03732,C0558,P010,W3,2026-05-15,2,2026-05-16,Fulfilled
O03733,C0798,P024,W3,2025-12-22,17,2025-12-23,Fulfilled
O03734,C0426,P005,W1,2025-11-14,21,2025-11-18,Fulfilled
O03735,C0776,P020,W3,2026-05-11,19,,Cancelled
O03736,C0126,P003,W1,2025-10-05,7,,Cancelled
O03737,C0322,P005,W1,2026-02-28,9,2026-03-04,Fulfilled
O03738,C0445,P020,W2,2026-07-22,24,,Backordered
O03739,C0287,P016,W2,2026-05-18,19,2026-05-30,Fulfilled
O03740,C0081,P014,W4,2026-06-06,23,2026-06-09,Fulfilled
O03741,C0367,P022,W1,2025-10-01,22,2025-10-06,Fulfilled
O03742,C0272,P008,W2,2025-11-12,11,2025-11-14,Fulfilled
O03743,C0163,P013,W3,2025-12-10,4,2025-12-11,Fulfilled
O03744,C0298,P016,W1,2025-12-16,6,2025-12-19,Fulfilled
O03745,C0335,P019,W4,2025-11-10,8,2025-11-14,Fulfilled
O03746,C0706,P009,W3,2026-08-21,21,,Backordered
O03747,C0393,P016,W4,2025-10-31,7,,Backordered
O03748,C0333,P012,W4,2026-05-17,9,2026-05-18,Fulfilled
O03749,C0311,P014,W1,2026-04-03,21,2026-04-06,Fulfilled
O03750,C0479,P022,W2,2026-04-11,4,2026-04-15,Fulfilled
O03751,C0221,P010,W3,2025-11-18,16,2025-11-19,Fulfilled
O03752,C0699,P017,W1,2025-12-22,14,2025-12-23,Fulfilled
O03753,C0335,P024,W2,2026-04-10,24,2026-04-13,Fulfilled
O03754,C0341,P020,W3,2025-12-19,12,,Cancelled
O03755,C0052,P025,W4,2026-05-12,13,2026-05-13,Fulfilled
O03756,C0707,P015,W2,2025-09-15,21,2025-09-27,Fulfilled
O03757,C0377,P008,W4,2025-09-27,24,2025-10-01,Fulfilled
O03758,C0110,P025,W3,2026-05-24,18,2026-06-04,Fulfilled
O03759,C0137,P017,W1,2026-04-14,17,2026-04-16,Fulfilled
O03760,C0292,P007,W2,2025-09-16,22,2025-09-18,Fulfilled
O03761,C0624,P008,W4,2026-07-26,24,2026-07-28,Fulfilled
O03762,C0076,P007,W1,2025-09-02,18,2025-09-04,Fulfilled
O03763,C0097,P021,W1,2026-08-15,8,2026-08-19,Fulfilled
O03764,C0449,P003,W2,2026-05-25,16,2026-05-26,Fulfilled
O03765,C0399,P019,W4,2026-08-27,6,2026-08-28,Fulfilled
O03766,C0765,P014,W3,2026-08-13,13,2026-08-15,Fulfilled
O03767,C0601,P002,W1,2025-12-24,11,2025-12-28,Fulfilled
O03768,C0525,P016,W2,2026-06-04,24,2026-06-09,Fulfilled
O03769,C0269,P019,W4,2025-11-16,14,,Backordered
O03770,C0501,P019,W1,2026-02-20,24,2026-02-23,Fulfilled
O03771,C0467,P014,W3,2025-11-27,20,2025-11-30,Fulfilled
O03772,C0223,P009,W2,2026-02-25,21,2026-02-27,Fulfilled
O03773,C0297,P005,W4,2026-07-16,5,2026-07-17,Fulfilled
O03774,C0744,P001,W4,2026-02-07,19,2026-02-11,Fulfilled
O03775,C0430,P009,W4,2025-10-04,7,2025-10-14,Fulfilled
O03776,C0377,P016,W1,2025-12-28,14,2026-01-07,Fulfilled
O03777,C0637,P001,W2,2026-06-15,12,2026-06-28,Fulfilled
O03778,C0214,P025,W3,2026-03-10,7,2026-03-12,Fulfilled
O03779,C0176,P015,W2,2026-03-24,24,2026-03-26,Fulfilled
O03780,C0790,P008,W3,2026-02-05,22,2026-02-09,Fulfilled
O03781,C0642,P025,W3,2025-12-16,14,2025-12-24,Fulfilled
O03782,C0339,P005,W2,2026-04-07,1,2026-04-11,Fulfilled
O03783,C0757,P024,W1,2026-04-20,5,2026-04-23,Fulfilled
O03784,C0297,P008,W4,2026-07-25,6,2026-07-29,Fulfilled
O03785,C0540,P010,W4,2026-04-14,24,2026-04-15,Fulfilled
O03786,C0028,P011,W4,2026-08-30,10,2026-09-02,Fulfilled
O03787,C0558,P025,W2,2026-06-29,2,2026-07-03,Fulfilled
O03788,C0143,P007,W2,2025-09-29,15,,Cancelled
O03789,C0193,P025,W2,2026-01-22,23,2026-01-25,Fulfilled
O03790,C0647,P009,W1,2026-01-19,14,2026-01-20,Fulfilled
O03791,C0165,P008,W1,2025-09-02,11,2025-09-09,Fulfilled
O03792,C0386,P016,W2,2025-11-05,5,2025-11-09,Fulfilled
O03793,C0736,P018,W4,2026-06-06,22,2026-06-07,Fulfilled
O03794,C0763,P009,W1,2026-01-07,3,2026-01-10,Fulfilled
O03795,C0355,P004,W3,2025-10-24,23,2025-10-26,Fulfilled
O03796,C0068,P010,W3,2025-12-14,6,2025-12-18,Fulfilled
O03797,C0230,P014,W2,2025-12-10,4,2025-12-12,Fulfilled
O03798,C0493,P002,W4,2025-11-03,9,2025-11-06,Fulfilled
O03799,C0270,P002,W1,2025-10-07,1,2025-10-08,Fulfilled
O03800,C0576,P023,W4,2026-06-06,1,2026-06-07,Fulfilled
O03801,C0794,P001,W3,2026-06-28,5,2026-07-02,Fulfilled
O03802,C0497,P011,W2,2026-03-01,17,2026-03-03,Fulfilled
O03803,C0500,P020,W4,2026-04-13,20,2026-04-17,Fulfilled
O03804,C0424,P009,W2,2026-08-02,6,2026-08-06,Fulfilled
O03805,C0150,P013,W4,2026-07-05,16,2026-07-18,Fulfilled
O03806,C0463,P003,W1,2025-09-12,9,2025-09-22,Fulfilled
O03807,C0745,P020,W1,2026-08-14,11,2026-08-15,Fulfilled
O03808,C0551,P016,W3,2025-09-25,9,2025-09-28,Fulfilled
O03809,C0602,P022,W4,2025-09-10,22,2025-09-14,Fulfilled
O03810,C0690,P022,W1,2026-01-26,13,,Cancelled
O03811,C0310,P009,W4,2026-05-31,13,2026-06-09,Fulfilled
O03812,C0269,P002,W4,2025-09-30,21,2025-10-01,Fulfilled
O03813,C0775,P009,W2,2025-12-16,16,2025-12-19,Fulfilled
O03814,C0368,P004,W4,2025-12-05,4,2025-12-07,Fulfilled
O03815,C0587,P014,W4,2026-01-24,5,2026-01-28,Fulfilled
O03816,C0509,P004,W1,2026-08-26,9,2026-08-29,Fulfilled
O03817,C0099,P024,W4,2025-12-30,3,2025-12-31,Fulfilled
O03818,C0252,P016,W3,2025-11-16,17,2025-11-20,Fulfilled
O03819,C0261,P007,W1,2025-10-15,12,2025-10-19,Fulfilled
O03820,C0143,P024,W3,2025-11-12,2,2025-11-15,Fulfilled
O03821,C0623,P020,W3,2025-10-19,10,2025-10-23,Fulfilled
O03822,C0772,P011,W4,2026-03-29,20,2026-04-06,Fulfilled
O03823,C0773,P004,W4,2026-02-01,22,2026-02-03,Fulfilled
O03824,C0156,P009,W2,2026-03-01,24,2026-03-02,Fulfilled
O03825,C0360,P015,W2,2026-07-01,23,,Backordered
O03826,C0186,P020,W1,2026-03-31,15,2026-04-02,Fulfilled
O03827,C0050,P007,W1,2025-10-27,23,2025-10-29,Fulfilled
O03828,C0495,P019,W3,2026-01-16,23,2026-01-18,Fulfilled
O03829,C0687,P008,W4,2025-12-24,16,2026-01-02,Fulfilled
O03830,C0062,P007,W1,2026-06-29,10,2026-06-30,Fulfilled
O03831,C0513,P012,W3,2025-12-22,24,2025-12-24,Fulfilled
O03832,C0028,P005,W3,2025-10-21,10,2025-10-25,Fulfilled
O03833,C0674,P011,W1,2026-05-27,4,2026-05-30,Fulfilled
O03834,C0052,P009,W1,2026-02-04,3,2026-02-05,Fulfilled
O03835,C0349,P008,W2,2025-10-05,14,2025-10-07,Fulfilled
O03836,C0099,P020,W3,2026-05-10,1,2026-05-14,Fulfilled
O03837,C0330,P009,W2,2025-11-16,3,2025-11-17,Fulfilled
O03838,C0343,P018,W4,2026-07-14,6,2026-07-18,Fulfilled
O03839,C0432,P019,W2,2026-07-01,13,2026-07-03,Fulfilled
O03840,C0663,P017,W1,2026-01-13,12,2026-01-16,Fulfilled
O03841,C0797,P007,W1,2026-03-22,13,2026-04-01,Fulfilled
O03842,C0274,P021,W2,2026-03-27,13,2026-04-05,Fulfilled
O03843,C0738,P006,W2,2026-04-27,24,2026-05-01,Fulfilled
O03844,C0342,P007,W3,2025-09-26,6,2025-09-27,Fulfilled
O03845,C0095,P022,W2,2025-12-28,12,2025-12-30,Fulfilled
O03846,C0480,P009,W1,2025-11-02,15,2025-11-05,Fulfilled
O03847,C0578,P018,W1,2026-05-13,7,2026-05-15,Fulfilled
O03848,C0242,P002,W3,2025-09-26,5,2025-09-28,Fulfilled
O03849,C0472,P016,W2,2026-03-08,2,2026-03-12,Fulfilled
O03850,C0346,P022,W3,2026-05-24,8,2026-05-25,Fulfilled
O03851,C0116,P018,W4,2026-08-13,7,2026-08-14,Fulfilled
O03852,C0309,P015,W2,2025-12-15,5,2025-12-18,Fulfilled
O03853,C0342,P022,W3,2025-09-03,7,2025-09-04,Fulfilled
O03854,C0274,P008,W4,2026-05-23,17,2026-05-24,Fulfilled
O03855,C0732,P010,W1,2025-09-01,20,2025-09-05,Fulfilled
O03856,C0311,P002,W3,2025-09-25,13,2025-09-27,Fulfilled
O03857,C0501,P018,W2,2026-08-28,2,2026-08-29,Fulfilled
O03858,C0009,P019,W3,2026-07-12,18,2026-07-15,Fulfilled
O03859,C0251,P019,W3,2026-05-17,4,2026-05-19,Fulfilled
O03860,C0709,P019,W1,2026-07-02,2,2026-07-04,Fulfilled
O03861,C0714,P004,W1,2025-09-28,14,2025-10-08,Fulfilled
O03862,C0781,P017,W1,2025-10-03,11,,Cancelled
O03863,C0046,P020,W1,2025-12-19,8,2025-12-23,Fulfilled
O03864,C0690,P006,W1,2025-09-09,24,2025-09-10,Fulfilled
O03865,C0214,P012,W3,2026-07-22,3,2026-07-24,Fulfilled
O03866,C0005,P023,W4,2025-09-21,2,2025-09-23,Fulfilled
O03867,C0074,P011,W2,2026-03-18,15,2026-03-21,Fulfilled
O03868,C0600,P019,W4,2026-07-09,11,2026-07-12,Fulfilled
O03869,C0473,P014,W3,2026-05-27,20,2026-05-29,Fulfilled
O03870,C0458,P017,W4,2025-11-25,1,2025-12-01,Fulfilled
O03871,C0705,P016,W3,2026-02-19,11,2026-02-27,Fulfilled
O03872,C0076,P017,W1,2026-03-20,4,2026-03-21,Fulfilled
O03873,C0067,P020,W3,2026-06-08,1,2026-06-20,Fulfilled
O03874,C0746,P023,W3,2026-02-03,12,2026-02-06,Fulfilled
O03875,C0485,P008,W3,2025-12-14,18,2025-12-17,Fulfilled
O03876,C0621,P024,W4,2026-06-18,4,2026-06-22,Fulfilled
O03877,C0420,P016,W1,2026-07-21,21,2026-07-25,Fulfilled
O03878,C0117,P015,W3,2026-02-26,13,,Backordered
O03879,C0418,P009,W4,2025-09-11,12,2025-09-15,Fulfilled
O03880,C0771,P011,W1,2026-03-02,23,2026-03-05,Fulfilled
O03881,C0095,P017,W2,2026-07-22,8,2026-07-23,Fulfilled
O03882,C0101,P010,W4,2026-08-28,5,2026-08-31,Fulfilled
O03883,C0277,P008,W1,2026-01-25,19,2026-01-29,Fulfilled
O03884,C0364,P021,W1,2025-10-25,3,2025-11-06,Fulfilled
O03885,C0503,P011,W4,2026-03-28,21,2026-04-08,Fulfilled
O03886,C0128,P017,W1,2026-07-01,20,2026-07-05,Fulfilled
O03887,C0747,P001,W3,2026-08-11,24,2026-08-12,Fulfilled
O03888,C0121,P002,W4,2025-09-19,12,2025-09-20,Fulfilled
O03889,C0160,P022,W2,2025-12-16,15,2025-12-25,Fulfilled
O03890,C0774,P004,W2,2026-02-22,22,2026-02-23,Fulfilled
O03891,C0301,P020,W2,2025-10-06,4,2025-10-10,Fulfilled
O03892,C0458,P023,W2,2026-07-21,8,2026-07-22,Fulfilled
O03893,C0348,P013,W2,2025-10-11,12,2025-10-14,Fulfilled
O03894,C0208,P023,W3,2026-05-01,16,2026-05-05,Fulfilled
O03895,C0405,P011,W4,2026-08-02,17,2026-08-03,Fulfilled
O03896,C0621,P024,W4,2026-05-09,23,2026-05-10,Fulfilled
O03897,C0010,P006,W4,2026-06-06,12,2026-06-09,Fulfilled
O03898,C0700,P011,W1,2025-12-06,5,2025-12-10,Fulfilled
O03899,C0148,P010,W2,2026-06-30,5,2026-07-01,Fulfilled
O03900,C0734,P020,W4,2026-01-31,20,2026-02-01,Fulfilled
O03901,C0769,P002,W3,2025-09-23,12,2025-09-27,Fulfilled
O03902,C0746,P021,W2,2026-01-12,16,2026-01-15,Fulfilled
O03903,C0521,P001,W2,2026-01-06,14,2026-01-09,Fulfilled
O03904,C0724,P008,W1,2026-03-10,20,2026-03-12,Fulfilled
O03905,C0687,P015,W2,2025-12-06,6,2025-12-08,Fulfilled
O03906,C0511,P004,W2,2026-02-16,5,2026-02-24,Fulfilled
O03907,C0713,P013,W2,2026-02-04,18,2026-02-05,Fulfilled
O03908,C0274,P025,W3,2025-12-29,11,2025-12-31,Fulfilled
O03909,C0667,P021,W2,2026-05-13,20,2026-05-17,Fulfilled
O03910,C0740,P001,W1,2025-12-21,4,2025-12-24,Fulfilled
O03911,C0508,P015,W4,2026-06-07,7,2026-06-11,Fulfilled
O03912,C0098,P015,W2,2025-12-01,24,2025-12-03,Fulfilled
O03913,C0172,P002,W2,2026-07-13,21,2026-07-17,Fulfilled
O03914,C0135,P017,W3,2026-01-12,2,2026-01-14,Fulfilled
O03915,C0426,P014,W3,2025-09-15,20,2025-09-18,Fulfilled
O03916,C0347,P018,W3,2025-10-25,2,2025-10-28,Fulfilled
O03917,C0662,P008,W1,2026-06-22,3,2026-06-26,Fulfilled
O03918,C0227,P007,W3,2026-07-16,22,2026-07-20,Fulfilled
O03919,C0133,P019,W1,2025-11-17,4,2025-11-18,Fulfilled
O03920,C0492,P019,W4,2026-04-08,8,,Backordered
O03921,C0112,P005,W2,2026-03-29,4,2026-04-01,Fulfilled
O03922,C0724,P006,W2,2025-10-19,15,2025-10-22,Fulfilled
O03923,C0065,P015,W2,2026-02-12,2,2026-02-19,Fulfilled
O03924,C0393,P021,W2,2026-05-12,7,2026-05-14,Fulfilled
O03925,C0759,P006,W3,2026-08-20,8,2026-08-27,Fulfilled
O03926,C0443,P006,W2,2026-07-07,16,2026-07-11,Fulfilled
O03927,C0646,P021,W1,2025-10-06,12,,Backordered
O03928,C0339,P018,W3,2025-11-26,5,2025-11-28,Fulfilled
O03929,C0604,P023,W2,2026-02-07,12,2026-02-11,Fulfilled
O03930,C0566,P020,W1,2025-10-25,12,2025-10-29,Fulfilled
O03931,C0411,P024,W4,2026-03-28,9,2026-03-30,Fulfilled
O03932,C0081,P005,W2,2025-09-04,13,2025-09-08,Fulfilled
O03933,C0776,P007,W3,2025-10-12,8,2025-10-16,Fulfilled
O03934,C0039,P006,W1,2025-09-18,9,2025-09-19,Fulfilled
O03935,C0286,P002,W2,2025-12-17,19,2025-12-18,Fulfilled
O03936,C0513,P020,W2,2026-06-06,7,2026-06-07,Fulfilled
O03937,C0615,P017,W1,2025-11-04,8,2025-11-05,Fulfilled
O03938,C0428,P003,W4,2026-08-27,4,2026-08-30,Fulfilled
O03939,C0321,P005,W2,2025-12-08,17,2025-12-10,Fulfilled
O03940,C0326,P005,W3,2025-09-17,17,2025-09-20,Fulfilled
O03941,C0780,P011,W3,2026-01-01,17,2026-01-02,Fulfilled
O03942,C0267,P012,W2,2026-06-01,5,2026-06-04,Fulfilled
O03943,C0683,P008,W3,2025-10-09,11,,Backordered
O03944,C0042,P024,W3,2025-09-27,8,2025-10-01,Fulfilled
O03945,C0527,P006,W1,2026-07-08,19,2026-07-10,Fulfilled
O03946,C0544,P015,W3,2026-04-05,9,2026-04-08,Fulfilled
O03947,C0540,P011,W1,2026-01-04,10,2026-01-06,Fulfilled
O03948,C0337,P010,W2,2026-06-03,11,2026-06-05,Fulfilled
O03949,C0552,P021,W2,2026-07-06,19,2026-07-09,Fulfilled
O03950,C0356,P025,W2,2026-01-10,17,2026-01-22,Fulfilled
O03951,C0475,P001,W1,2026-03-24,20,2026-03-28,Fulfilled
O03952,C0714,P012,W3,2025-09-04,11,2025-09-05,Fulfilled
O03953,C0538,P003,W2,2025-12-21,20,2025-12-30,Fulfilled
O03954,C0590,P011,W1,2026-04-06,21,2026-04-09,Fulfilled
O03955,C0775,P016,W1,2025-11-11,13,2025-11-14,Fulfilled
O03956,C0176,P011,W3,2026-08-28,17,2026-09-01,Fulfilled
O03957,C0470,P008,W3,2026-08-21,22,2026-08-24,Fulfilled
O03958,C0526,P008,W3,2025-12-04,21,2025-12-05,Fulfilled
O03959,C0556,P008,W3,2026-01-23,7,2026-01-25,Fulfilled
O03960,C0106,P009,W4,2025-11-09,18,2025-11-13,Fulfilled
O03961,C0608,P010,W4,2026-03-03,11,2026-03-07,Fulfilled
O03962,C0156,P018,W4,2025-10-16,4,2025-10-20,Fulfilled
O03963,C0327,P003,W4,2026-01-21,9,2026-01-23,Fulfilled
O03964,C0571,P002,W4,2026-03-22,24,2026-03-23,Fulfilled
O03965,C0211,P013,W2,2026-04-12,23,2026-04-13,Fulfilled
O03966,C0101,P018,W3,2026-04-06,19,2026-04-10,Fulfilled
O03967,C0540,P007,W3,2025-11-20,24,2025-11-22,Fulfilled
O03968,C0224,P006,W1,2026-06-17,14,2026-06-30,Fulfilled
O03969,C0661,P016,W3,2026-05-11,19,2026-05-12,Fulfilled
O03970,C0718,P010,W3,2026-06-02,4,2026-06-04,Fulfilled
O03971,C0280,P019,W3,2026-02-18,8,2026-02-25,Fulfilled
O03972,C0590,P004,W4,2026-07-23,5,2026-07-24,Fulfilled
O03973,C0180,P004,W3,2026-01-21,23,2026-01-22,Fulfilled
O03974,C0743,P014,W4,2026-06-22,15,2026-06-24,Fulfilled
O03975,C0197,P010,W4,2025-11-14,23,2025-11-15,Fulfilled
O03976,C0705,P019,W4,2025-11-30,10,2025-12-03,Fulfilled
O03977,C0629,P013,W2,2026-03-12,10,2026-03-13,Fulfilled
O03978,C0250,P009,W1,2026-03-22,17,2026-03-23,Fulfilled
O03979,C0659,P004,W2,2026-05-31,14,2026-06-03,Fulfilled
O03980,C0506,P005,W3,2025-12-18,9,2025-12-20,Fulfilled
O03981,C0535,P019,W4,2026-07-16,8,2026-07-19,Fulfilled
O03982,C0303,P006,W4,2025-12-30,13,2026-01-03,Fulfilled
O03983,C0188,P013,W3,2026-03-14,2,2026-03-18,Fulfilled
O03984,C0557,P021,W3,2026-08-07,5,2026-08-10,Fulfilled
O03985,C0042,P023,W4,2026-03-16,2,2026-03-20,Fulfilled
O03986,C0279,P007,W3,2026-05-07,4,2026-05-10,Fulfilled
O03987,C0114,P003,W1,2026-07-29,5,2026-07-30,Fulfilled
O03988,C0002,P020,W3,2026-08-22,2,2026-08-26,Fulfilled
O03989,C0006,P018,W2,2026-03-02,2,2026-03-05,Fulfilled
O03990,C0076,P009,W3,2026-01-31,20,2026-02-01,Fulfilled
O03991,C0751,P015,W3,2025-11-11,5,2025-11-14,Fulfilled
O03992,C0617,P005,W2,2026-03-16,14,2026-03-17,Fulfilled
O03993,C0791,P018,W2,2026-08-02,3,2026-08-05,Fulfilled
O03994,C0068,P019,W1,2026-02-25,23,2026-02-28,Fulfilled
O03995,C0797,P008,W2,2026-01-06,6,2026-01-07,Fulfilled
O03996,C0479,P012,W4,2025-10-10,18,2025-10-12,Fulfilled
O03997,C0635,P009,W3,2026-01-21,16,2026-01-22,Fulfilled
O03998,C0686,P001,W4,2025-11-26,19,,Cancelled
O03999,C0210,P004,W4,2026-08-23,16,2026-08-24,Fulfilled
O04000,C0593,P024,W4,2026-03-12,13,2026-03-16,Fulfilled
O04001,C0518,P012,W1,2025-10-21,19,2025-10-31,Fulfilled
O04002,C0331,P004,W2,2025-09-25,20,2025-10-04,Fulfilled
O04003,C0393,P002,W1,2026-07-08,10,2026-07-11,Fulfilled
O04004,C0167,P009,W1,2026-08-06,23,2026-08-09,Fulfilled
O04005,C0148,P025,W1,2026-06-06,24,2026-06-07,Fulfilled
O04006,C0738,P010,W2,2025-10-16,18,2025-10-19,Fulfilled
O04007,C0585,P025,W1,2025-10-06,23,2025-10-07,Fulfilled
O04008,C0453,P013,W4,2025-11-12,3,2025-11-15,Fulfilled
O04009,C0555,P020,W3,2026-06-02,13,2026-06-06,Fulfilled
O04010,C0324,P020,W3,2026-06-07,16,2026-06-09,Fulfilled
O04011,C0200,P001,W3,2026-07-03,23,2026-07-06,Fulfilled
O04012,C0753,P001,W4,2025-10-06,3,2025-10-07,Fulfilled
O04013,C0791,P024,W1,2025-10-26,20,2025-10-28,Fulfilled
O04014,C0172,P024,W2,2026-07-26,2,2026-07-30,Fulfilled
O04015,C0641,P004,W2,2026-08-05,9,2026-08-06,Fulfilled
O04016,C0354,P017,W3,2026-05-23,17,,Backordered
O04017,C0566,P024,W3,2025-10-09,7,2025-10-10,Fulfilled
O04018,C0087,P024,W4,2025-09-26,21,2025-09-28,Fulfilled
O04019,C0384,P008,W3,2025-09-21,23,2025-09-22,Fulfilled
O04020,C0100,P021,W1,2026-05-11,4,2026-05-12,Fulfilled
O04021,C0651,P017,W3,2026-07-06,7,2026-07-17,Fulfilled
O04022,C0319,P024,W4,2026-04-19,2,2026-04-22,Fulfilled
O04023,C0211,P004,W3,2025-12-05,18,2025-12-17,Fulfilled
O04024,C0560,P016,W3,2026-06-04,22,2026-06-06,Fulfilled
O04025,C0763,P001,W1,2025-09-22,15,2025-09-24,Fulfilled
O04026,C0271,P009,W1,2026-06-30,4,2026-07-01,Fulfilled
O04027,C0574,P001,W1,2026-07-23,5,2026-07-26,Fulfilled
O04028,C0551,P012,W1,2026-05-21,1,2026-05-22,Fulfilled
O04029,C0392,P021,W2,2026-07-18,12,2026-07-22,Fulfilled
O04030,C0644,P017,W4,2026-04-02,18,2026-04-03,Fulfilled
O04031,C0103,P008,W2,2026-02-18,4,2026-02-21,Fulfilled
O04032,C0702,P011,W3,2025-12-27,21,2025-12-29,Fulfilled
O04033,C0323,P010,W4,2026-08-03,7,2026-08-07,Fulfilled
O04034,C0036,P019,W4,2026-05-13,13,2026-05-15,Fulfilled
O04035,C0791,P007,W3,2025-11-09,17,2025-11-19,Fulfilled
O04036,C0619,P003,W4,2026-08-16,13,2026-08-20,Fulfilled
O04037,C0653,P013,W2,2025-09-22,12,2025-09-24,Fulfilled
O04038,C0118,P021,W2,2026-04-03,9,2026-04-05,Fulfilled
O04039,C0600,P012,W2,2025-11-09,11,2025-11-17,Fulfilled
O04040,C0558,P006,W4,2026-05-01,6,2026-05-03,Fulfilled
O04041,C0722,P002,W2,2026-01-29,8,2026-02-03,Fulfilled
O04042,C0297,P024,W4,2026-02-07,19,2026-02-08,Fulfilled
O04043,C0742,P020,W1,2026-05-04,22,2026-05-06,Fulfilled
O04044,C0566,P004,W1,2026-06-03,21,2026-06-07,Fulfilled
O04045,C0203,P002,W3,2026-01-17,8,2026-01-21,Fulfilled
O04046,C0171,P004,W4,2026-08-31,8,2026-09-01,Fulfilled
O04047,C0722,P010,W3,2026-03-01,2,2026-03-04,Fulfilled
O04048,C0516,P021,W2,2025-10-29,7,2025-10-30,Fulfilled
O04049,C0095,P004,W1,2025-09-03,15,2025-09-06,Fulfilled
O04050,C0101,P021,W2,2025-11-13,7,2025-11-24,Fulfilled
O04051,C0662,P001,W2,2026-05-11,18,2026-05-15,Fulfilled
O04052,C0136,P019,W2,2026-03-16,2,2026-03-19,Fulfilled
O04053,C0175,P008,W4,2026-01-02,10,2026-01-11,Fulfilled
O04054,C0491,P025,W4,2026-02-23,7,2026-02-27,Fulfilled
O04055,C0690,P012,W4,2026-07-03,12,,Backordered
O04056,C0270,P007,W1,2026-03-28,1,2026-03-30,Fulfilled
O04057,C0532,P007,W1,2025-09-22,11,,Cancelled
O04058,C0563,P021,W2,2025-09-18,19,2025-09-20,Fulfilled
O04059,C0480,P011,W3,2026-02-23,21,2026-02-25,Fulfilled
O04060,C0548,P009,W3,2026-01-26,7,2026-01-28,Fulfilled
O04061,C0182,P019,W2,2026-07-08,11,2026-07-10,Fulfilled
O04062,C0497,P014,W1,2026-04-01,17,2026-04-04,Fulfilled
O04063,C0003,P017,W2,2026-06-04,12,2026-06-06,Fulfilled
O04064,C0584,P012,W4,2026-04-02,14,2026-04-04,Fulfilled
O04065,C0634,P002,W4,2026-01-05,9,2026-01-08,Fulfilled
O04066,C0635,P001,W4,2026-04-28,21,2026-04-30,Fulfilled
O04067,C0024,P001,W3,2026-04-15,16,2026-04-16,Fulfilled
O04068,C0729,P015,W1,2026-05-21,24,2026-05-22,Fulfilled
O04069,C0348,P013,W4,2025-11-09,19,2025-11-13,Fulfilled
O04070,C0065,P019,W1,2026-04-23,9,2026-04-27,Fulfilled
O04071,C0428,P023,W2,2025-12-14,8,2025-12-17,Fulfilled
O04072,C0457,P005,W4,2026-06-16,3,2026-06-17,Fulfilled
O04073,C0322,P024,W3,2026-06-19,15,2026-06-22,Fulfilled
O04074,C0599,P024,W1,2026-04-17,18,2026-04-25,Fulfilled
O04075,C0435,P016,W3,2026-08-12,9,2026-08-14,Fulfilled
O04076,C0174,P014,W1,2026-03-16,1,2026-03-20,Fulfilled
O04077,C0496,P005,W2,2025-09-10,20,2025-09-14,Fulfilled
O04078,C0211,P005,W4,2026-04-10,6,2026-04-13,Fulfilled
O04079,C0095,P001,W2,2026-06-11,14,2026-06-14,Fulfilled
O04080,C0214,P017,W4,2025-10-07,2,2025-10-10,Fulfilled
O04081,C0724,P011,W3,2025-10-09,2,2025-10-13,Fulfilled
O04082,C0458,P005,W3,2025-12-09,22,2025-12-12,Fulfilled
O04083,C0254,P004,W3,2026-07-06,17,2026-07-09,Fulfilled
O04084,C0293,P002,W3,2026-03-12,1,2026-03-13,Fulfilled
O04085,C0688,P017,W1,2026-08-23,3,2026-09-05,Fulfilled
O04086,C0533,P018,W4,2026-07-16,12,2026-07-20,Fulfilled
O04087,C0619,P016,W2,2026-03-22,17,2026-03-24,Fulfilled
O04088,C0488,P003,W3,2026-05-06,11,2026-05-08,Fulfilled
O04089,C0793,P002,W3,2025-12-30,21,2026-01-03,Fulfilled
O04090,C0526,P003,W3,2025-10-03,16,2025-10-07,Fulfilled
O04091,C0320,P019,W2,2026-01-24,15,2026-01-26,Fulfilled
O04092,C0202,P019,W4,2026-04-05,7,2026-04-06,Fulfilled
O04093,C0037,P008,W1,2025-11-06,17,2025-11-10,Fulfilled
O04094,C0614,P002,W3,2025-11-20,21,2025-11-23,Fulfilled
O04095,C0746,P008,W3,2025-09-06,2,2025-09-10,Fulfilled
O04096,C0531,P021,W3,2026-05-26,18,2026-05-29,Fulfilled
O04097,C0390,P004,W1,2026-07-26,22,2026-07-29,Fulfilled
O04098,C0105,P020,W2,2026-06-30,11,2026-07-01,Fulfilled
O04099,C0515,P012,W1,2026-01-17,19,2026-01-20,Fulfilled
O04100,C0160,P004,W3,2026-04-05,9,2026-04-07,Fulfilled
O04101,C0498,P024,W3,2026-08-17,5,2026-08-18,Fulfilled
O04102,C0241,P013,W3,2026-04-04,20,2026-04-08,Fulfilled
O04103,C0692,P017,W4,2025-12-17,8,2025-12-19,Fulfilled
O04104,C0748,P003,W2,2026-01-02,19,2026-01-03,Fulfilled
O04105,C0188,P010,W2,2026-05-24,8,2026-05-28,Fulfilled
O04106,C0261,P016,W2,2026-02-10,10,2026-02-14,Fulfilled
O04107,C0737,P017,W1,2026-07-03,17,2026-07-05,Fulfilled
O04108,C0016,P002,W4,2026-07-13,9,2026-07-15,Fulfilled
O04109,C0413,P016,W4,2025-09-14,20,2025-09-15,Fulfilled
O04110,C0114,P024,W2,2026-05-23,1,2026-05-26,Fulfilled
O04111,C0346,P020,W4,2026-01-14,1,2026-01-21,Fulfilled
O04112,C0026,P006,W1,2026-03-09,2,2026-03-12,Fulfilled
O04113,C0113,P023,W1,2025-12-06,7,2025-12-10,Fulfilled
O04114,C0322,P018,W2,2026-01-13,2,2026-01-15,Fulfilled
O04115,C0048,P002,W2,2025-12-30,10,2026-01-02,Fulfilled
O04116,C0637,P004,W1,2025-09-19,1,2025-09-28,Fulfilled
O04117,C0462,P024,W3,2026-06-13,19,,Backordered
O04118,C0360,P006,W4,2025-10-23,4,2025-10-26,Fulfilled
O04119,C0378,P003,W2,2026-01-16,24,2026-01-17,Fulfilled
O04120,C0671,P012,W2,2025-11-10,21,2025-11-13,Fulfilled
O04121,C0676,P014,W1,2025-10-29,17,2025-11-02,Fulfilled
O04122,C0038,P015,W2,2026-01-15,20,2026-01-18,Fulfilled
O04123,C0548,P017,W4,2026-08-02,19,2026-08-05,Fulfilled
O04124,C0376,P025,W4,2026-08-11,21,2026-08-14,Fulfilled
O04125,C0626,P019,W1,2026-01-18,14,2026-01-21,Fulfilled
O04126,C0629,P001,W1,2026-03-04,15,2026-03-06,Fulfilled
O04127,C0566,P003,W4,2026-08-26,12,,Backordered
O04128,C0540,P001,W1,2025-11-25,15,2025-11-26,Fulfilled
O04129,C0170,P010,W3,2026-08-11,10,2026-08-15,Fulfilled
O04130,C0682,P009,W4,2025-10-09,3,2025-10-19,Fulfilled
O04131,C0560,P024,W4,2025-11-22,23,2025-11-23,Fulfilled
O04132,C0219,P010,W3,2026-01-02,17,2026-01-05,Fulfilled
O04133,C0186,P001,W2,2025-09-14,17,2025-09-17,Fulfilled
O04134,C0401,P023,W4,2026-06-25,7,2026-06-29,Fulfilled
O04135,C0274,P007,W3,2026-07-10,19,2026-07-12,Fulfilled
O04136,C0541,P023,W4,2026-01-18,13,2026-01-19,Fulfilled
O04137,C0325,P020,W3,2026-07-03,2,2026-07-13,Fulfilled
O04138,C0135,P023,W4,2026-06-09,23,2026-06-12,Fulfilled
O04139,C0316,P021,W4,2026-06-20,24,2026-06-22,Fulfilled
O04140,C0652,P004,W1,2026-06-20,21,2026-06-22,Fulfilled
O04141,C0664,P016,W2,2026-03-29,12,2026-04-02,Fulfilled
O04142,C0249,P011,W4,2025-10-11,6,2025-10-14,Fulfilled
O04143,C0636,P016,W1,2026-08-04,1,2026-08-07,Fulfilled
O04144,C0075,P019,W3,2026-04-11,18,2026-04-14,Fulfilled
O04145,C0787,P013,W2,2026-07-26,22,2026-07-28,Fulfilled
O04146,C0612,P008,W1,2026-08-17,3,2026-08-20,Fulfilled
O04147,C0033,P023,W3,2025-11-08,17,2025-11-12,Fulfilled
O04148,C0564,P017,W4,2026-01-25,1,2026-02-03,Fulfilled
O04149,C0395,P023,W4,2025-11-10,19,,Backordered
O04150,C0707,P006,W2,2025-09-19,1,2025-09-23,Fulfilled
O04151,C0192,P021,W1,2026-08-19,24,2026-08-20,Fulfilled
O04152,C0713,P009,W4,2026-08-04,5,2026-08-05,Fulfilled
O04153,C0696,P012,W4,2026-08-07,10,2026-08-09,Fulfilled
O04154,C0223,P022,W3,2026-07-20,17,2026-07-23,Fulfilled
O04155,C0346,P009,W3,2026-04-25,21,2026-04-27,Fulfilled
O04156,C0513,P007,W3,2026-03-10,9,2026-03-12,Fulfilled
O04157,C0192,P023,W1,2026-08-28,24,,Backordered
O04158,C0799,P025,W1,2026-03-21,1,2026-03-25,Fulfilled
O04159,C0153,P008,W1,2026-04-23,12,2026-04-25,Fulfilled
O04160,C0195,P008,W4,2025-11-17,24,,Cancelled
O04161,C0401,P006,W1,2026-05-31,7,2026-06-09,Fulfilled
O04162,C0378,P001,W3,2026-06-27,13,2026-06-28,Fulfilled
O04163,C0041,P014,W2,2026-05-06,11,,Cancelled
O04164,C0728,P007,W1,2026-03-01,10,2026-03-02,Fulfilled
O04165,C0192,P022,W4,2025-11-12,19,2025-11-16,Fulfilled
O04166,C0083,P005,W1,2025-09-13,13,2025-09-15,Fulfilled
O04167,C0415,P016,W4,2026-04-17,18,2026-04-25,Fulfilled
O04168,C0742,P013,W4,2026-05-08,13,2026-05-12,Fulfilled
O04169,C0002,P016,W4,2026-06-10,24,2026-06-11,Fulfilled
O04170,C0391,P003,W1,2026-08-13,12,2026-08-14,Fulfilled
O04171,C0728,P012,W4,2026-03-01,20,2026-03-05,Fulfilled
O04172,C0714,P016,W3,2026-06-30,15,2026-07-03,Fulfilled
O04173,C0137,P009,W2,2026-05-20,20,2026-06-01,Fulfilled
O04174,C0497,P022,W3,2025-12-11,22,2025-12-13,Fulfilled
O04175,C0668,P014,W2,2026-07-06,6,2026-07-14,Fulfilled
O04176,C0537,P010,W2,2025-09-20,8,2025-09-23,Fulfilled
O04177,C0526,P001,W2,2026-04-07,8,2026-04-09,Fulfilled
O04178,C0618,P005,W3,2026-08-10,12,2026-08-13,Fulfilled
O04179,C0363,P012,W3,2026-04-29,12,2026-05-09,Fulfilled
O04180,C0054,P011,W1,2026-08-09,1,2026-08-10,Fulfilled
O04181,C0511,P022,W1,2025-09-21,22,,Backordered
O04182,C0502,P020,W4,2026-03-14,21,2026-03-18,Fulfilled
O04183,C0681,P004,W3,2026-06-12,15,2026-06-15,Fulfilled
O04184,C0739,P015,W4,2026-04-23,8,,Backordered
O04185,C0270,P012,W2,2026-07-19,20,2026-07-23,Fulfilled
O04186,C0764,P003,W2,2026-02-16,7,2026-02-20,Fulfilled
O04187,C0008,P017,W2,2026-05-08,8,2026-05-10,Fulfilled
O04188,C0774,P014,W3,2026-02-01,24,2026-02-02,Fulfilled
O04189,C0110,P003,W4,2026-07-16,23,,Backordered
O04190,C0517,P012,W3,2025-10-14,15,2025-10-17,Fulfilled
O04191,C0546,P019,W2,2025-12-02,5,2025-12-05,Fulfilled
O04192,C0506,P009,W4,2025-10-06,3,2025-10-08,Fulfilled
O04193,C0792,P009,W3,2026-05-15,24,2026-05-16,Fulfilled
O04194,C0442,P003,W2,2025-11-24,7,2025-12-06,Fulfilled
O04195,C0106,P006,W1,2025-12-25,17,2025-12-28,Fulfilled
O04196,C0486,P025,W3,2026-07-03,9,2026-07-05,Fulfilled
O04197,C0233,P016,W3,2026-01-10,12,2026-01-13,Fulfilled
O04198,C0490,P005,W4,2025-10-24,24,2025-10-27,Fulfilled
O04199,C0305,P013,W1,2025-09-08,15,,Backordered
O04200,C0034,P005,W1,2025-11-22,11,2025-11-23,Fulfilled
O04201,C0510,P012,W4,2026-07-31,10,2026-08-08,Fulfilled
O04202,C0072,P004,W3,2026-03-20,6,2026-03-22,Fulfilled
O04203,C0262,P016,W1,2026-08-30,14,,Backordered
O04204,C0495,P015,W1,2025-11-18,14,,Backordered
O04205,C0705,P016,W2,2026-01-07,3,2026-01-11,Fulfilled
O04206,C0252,P012,W3,2025-10-30,10,2025-11-09,Fulfilled
O04207,C0239,P008,W1,2026-01-24,16,2026-01-26,Fulfilled
O04208,C0241,P007,W2,2026-03-25,2,2026-04-04,Fulfilled
O04209,C0460,P006,W3,2026-06-22,24,2026-06-26,Fulfilled
O04210,C0155,P011,W4,2026-01-13,21,2026-01-16,Fulfilled
O04211,C0422,P012,W2,2026-06-09,16,,Backordered
O04212,C0641,P017,W2,2026-04-17,1,2026-04-19,Fulfilled
O04213,C0065,P002,W2,2025-12-16,13,2025-12-19,Fulfilled
O04214,C0771,P008,W1,2026-07-30,22,,Backordered
O04215,C0425,P022,W1,2026-02-06,1,2026-02-09,Fulfilled
O04216,C0502,P023,W4,2025-10-26,20,2025-10-28,Fulfilled
O04217,C0494,P024,W1,2026-08-18,21,2026-08-22,Fulfilled
O04218,C0756,P008,W4,2026-07-31,2,2026-08-04,Fulfilled
O04219,C0532,P004,W1,2025-09-19,6,2025-09-23,Fulfilled
O04220,C0707,P005,W3,2026-07-27,18,2026-07-31,Fulfilled
O04221,C0229,P004,W4,2026-08-12,22,2026-08-14,Fulfilled
O04222,C0175,P024,W3,2026-06-30,19,2026-07-02,Fulfilled
O04223,C0515,P023,W3,2025-12-03,13,2025-12-04,Fulfilled
O04224,C0123,P021,W2,2026-04-19,15,2026-04-21,Fulfilled
O04225,C0089,P019,W3,2026-03-16,13,2026-03-19,Fulfilled
O04226,C0170,P009,W3,2026-04-15,14,,Cancelled
O04227,C0217,P012,W2,2026-04-14,19,2026-04-15,Fulfilled
O04228,C0077,P022,W1,2026-04-22,2,2026-04-26,Fulfilled
O04229,C0583,P021,W4,2026-03-07,6,2026-03-08,Fulfilled
O04230,C0466,P013,W1,2026-05-11,2,2026-05-12,Fulfilled
O04231,C0161,P021,W4,2026-03-12,20,2026-03-15,Fulfilled
O04232,C0226,P009,W4,2025-09-07,18,2025-09-08,Fulfilled
O04233,C0743,P011,W1,2025-09-13,2,2025-09-17,Fulfilled
O04234,C0730,P021,W3,2026-08-16,3,2026-08-17,Fulfilled
O04235,C0099,P010,W3,2026-07-29,7,2026-07-30,Fulfilled
O04236,C0491,P019,W1,2026-04-02,6,,Backordered
O04237,C0259,P012,W4,2025-11-03,13,2025-11-05,Fulfilled
O04238,C0288,P008,W1,2026-06-13,12,,Backordered
O04239,C0480,P006,W1,2025-10-23,9,,Cancelled
O04240,C0787,P016,W4,2026-01-16,4,2026-01-17,Fulfilled
O04241,C0466,P012,W3,2025-12-30,16,,Cancelled
O04242,C0762,P010,W1,2025-09-05,19,2025-09-08,Fulfilled
O04243,C0656,P019,W1,2026-06-22,16,,Cancelled
O04244,C0623,P001,W2,2026-03-06,20,2026-03-10,Fulfilled
O04245,C0632,P003,W1,2025-12-25,22,,Backordered
O04246,C0633,P025,W1,2026-03-05,21,2026-03-09,Fulfilled
O04247,C0204,P017,W3,2025-09-01,16,2025-09-11,Fulfilled
O04248,C0781,P014,W1,2026-02-07,2,2026-02-08,Fulfilled
O04249,C0734,P001,W2,2026-03-09,9,2026-03-13,Fulfilled
O04250,C0480,P015,W2,2026-01-02,11,2026-01-04,Fulfilled
O04251,C0569,P011,W4,2026-07-01,18,2026-07-04,Fulfilled
O04252,C0704,P015,W4,2025-12-01,21,2025-12-03,Fulfilled
O04253,C0122,P002,W4,2025-10-21,16,2025-10-22,Fulfilled
O04254,C0052,P014,W2,2026-03-12,9,2026-03-15,Fulfilled
O04255,C0796,P015,W3,2026-07-21,19,2026-07-22,Fulfilled
O04256,C0443,P008,W3,2026-01-15,17,2026-01-16,Fulfilled
O04257,C0577,P002,W4,2025-09-18,20,2025-09-21,Fulfilled
O04258,C0402,P025,W3,2026-08-21,15,2026-08-22,Fulfilled
O04259,C0414,P018,W4,2026-02-10,16,,Backordered
O04260,C0031,P016,W3,2025-11-03,9,2025-11-07,Fulfilled
O04261,C0232,P020,W4,2026-04-13,10,2026-04-16,Fulfilled
O04262,C0070,P017,W3,2025-12-26,7,2025-12-29,Fulfilled
O04263,C0346,P004,W3,2026-08-09,7,2026-08-10,Fulfilled
O04264,C0018,P012,W3,2025-12-17,16,2025-12-18,Fulfilled
O04265,C0642,P023,W2,2026-03-20,10,2026-03-22,Fulfilled
O04266,C0235,P008,W3,2026-03-18,4,2026-03-20,Fulfilled
O04267,C0593,P025,W2,2025-11-28,1,2025-11-30,Fulfilled
O04268,C0043,P002,W3,2026-03-02,21,2026-03-03,Fulfilled
O04269,C0027,P009,W2,2025-10-10,11,2025-10-14,Fulfilled
O04270,C0339,P009,W4,2026-04-23,14,2026-04-25,Fulfilled
O04271,C0630,P016,W3,2026-06-04,22,2026-06-08,Fulfilled
O04272,C0650,P005,W3,2026-08-13,3,2026-08-15,Fulfilled
O04273,C0436,P006,W1,2025-12-28,23,2025-12-30,Fulfilled
O04274,C0491,P017,W4,2025-12-14,17,2025-12-15,Fulfilled
O04275,C0551,P008,W4,2026-03-20,16,2026-03-23,Fulfilled
O04276,C0539,P022,W1,2026-05-11,11,2026-05-18,Fulfilled
O04277,C0593,P022,W2,2026-08-29,17,2026-09-01,Fulfilled
O04278,C0026,P008,W3,2025-09-10,5,2025-09-14,Fulfilled
O04279,C0343,P014,W4,2025-11-26,8,2025-11-28,Fulfilled
O04280,C0671,P009,W3,2025-12-05,24,2025-12-17,Fulfilled
O04281,C0352,P009,W2,2025-12-03,7,2025-12-06,Fulfilled
O04282,C0117,P017,W2,2026-02-17,18,2026-02-18,Fulfilled
O04283,C0532,P008,W4,2026-07-16,23,2026-07-17,Fulfilled
O04284,C0242,P004,W4,2025-09-12,15,2025-09-15,Fulfilled
O04285,C0409,P007,W4,2026-06-25,8,2026-06-28,Fulfilled
O04286,C0413,P024,W2,2026-04-14,21,,Backordered
O04287,C0557,P007,W2,2026-04-13,20,2026-04-16,Fulfilled
O04288,C0744,P010,W1,2026-05-06,14,2026-05-10,Fulfilled
O04289,C0555,P016,W4,2025-10-13,3,2025-10-14,Fulfilled
O04290,C0798,P003,W4,2026-05-31,11,2026-06-04,Fulfilled
O04291,C0016,P007,W1,2025-11-30,11,,Backordered
O04292,C0626,P005,W1,2026-03-08,5,2026-03-11,Fulfilled
O04293,C0334,P024,W3,2026-05-06,10,2026-05-07,Fulfilled
O04294,C0583,P024,W2,2026-04-09,4,2026-04-12,Fulfilled
O04295,C0069,P019,W2,2025-12-27,17,2026-01-06,Fulfilled
O04296,C0422,P007,W2,2026-01-23,11,2026-01-25,Fulfilled
O04297,C0024,P016,W3,2026-02-21,18,2026-02-25,Fulfilled
O04298,C0532,P017,W4,2025-09-16,11,,Cancelled
O04299,C0174,P022,W4,2026-05-24,18,2026-05-25,Fulfilled
O04300,C0116,P004,W2,2025-10-07,18,2025-10-09,Fulfilled
O04301,C0064,P019,W4,2026-02-15,4,2026-02-18,Fulfilled
O04302,C0216,P005,W3,2026-04-28,11,2026-04-29,Fulfilled
O04303,C0767,P015,W1,2025-09-30,18,,Backordered
O04304,C0787,P022,W4,2026-08-30,15,2026-09-02,Fulfilled
O04305,C0065,P002,W2,2026-01-16,6,2026-01-20,Fulfilled
O04306,C0783,P004,W3,2025-09-06,20,2025-09-08,Fulfilled
O04307,C0470,P021,W3,2026-04-29,5,2026-04-30,Fulfilled
O04308,C0259,P001,W4,2026-03-23,24,2026-03-24,Fulfilled
O04309,C0753,P018,W4,2026-04-22,17,2026-04-25,Fulfilled
O04310,C0193,P013,W4,2026-06-02,8,2026-06-05,Fulfilled
O04311,C0146,P009,W3,2026-02-21,5,,Cancelled
O04312,C0184,P022,W2,2026-06-29,22,2026-07-03,Fulfilled
O04313,C0117,P022,W2,2026-01-14,13,2026-01-25,Fulfilled
O04314,C0388,P009,W4,2026-03-18,20,2026-03-21,Fulfilled
O04315,C0113,P001,W1,2025-10-28,20,,Cancelled
O04316,C0179,P004,W3,2026-04-15,2,2026-04-18,Fulfilled
O04317,C0297,P003,W3,2025-12-05,17,,Cancelled
O04318,C0519,P025,W1,2026-05-13,9,2026-05-17,Fulfilled
O04319,C0686,P015,W3,2026-06-20,22,2026-06-24,Fulfilled
O04320,C0060,P017,W2,2026-07-11,6,2026-07-20,Fulfilled
O04321,C0504,P006,W2,2026-08-06,1,2026-08-14,Fulfilled
O04322,C0083,P022,W3,2025-10-15,16,2025-10-18,Fulfilled
O04323,C0792,P019,W1,2025-10-21,14,2025-10-22,Fulfilled
O04324,C0222,P019,W1,2026-08-05,14,2026-08-07,Fulfilled
O04325,C0685,P012,W2,2026-01-18,7,2026-01-19,Fulfilled
O04326,C0622,P018,W3,2025-09-10,12,2025-09-11,Fulfilled
O04327,C0260,P014,W1,2025-12-14,24,2025-12-15,Fulfilled
O04328,C0259,P010,W2,2026-07-03,19,2026-07-07,Fulfilled
O04329,C0254,P015,W2,2026-01-08,24,2026-01-12,Fulfilled
O04330,C0377,P009,W3,2025-09-29,8,2025-10-01,Fulfilled
O04331,C0354,P024,W2,2026-05-22,21,2026-05-23,Fulfilled
O04332,C0525,P018,W1,2025-11-11,10,2025-11-13,Fulfilled
O04333,C0371,P019,W3,2026-01-07,23,2026-01-09,Fulfilled
O04334,C0631,P018,W4,2025-09-02,21,2025-09-03,Fulfilled
O04335,C0373,P012,W3,2026-04-08,4,2026-04-11,Fulfilled
O04336,C0246,P024,W2,2026-02-10,24,2026-02-14,Fulfilled
O04337,C0262,P006,W2,2026-07-14,15,2026-07-18,Fulfilled
O04338,C0585,P015,W1,2026-01-01,19,2026-01-05,Fulfilled
O04339,C0113,P002,W1,2025-11-14,14,2025-11-18,Fulfilled
O04340,C0229,P008,W2,2025-10-31,6,2025-11-01,Fulfilled
O04341,C0250,P015,W3,2025-11-13,24,2025-11-16,Fulfilled
O04342,C0515,P013,W2,2026-02-12,3,2026-02-15,Fulfilled
O04343,C0104,P024,W4,2025-10-02,20,2025-10-03,Fulfilled
O04344,C0361,P016,W3,2026-01-25,6,2026-01-26,Fulfilled
O04345,C0540,P011,W1,2026-07-09,19,2026-07-12,Fulfilled
O04346,C0741,P011,W3,2026-06-08,11,2026-06-11,Fulfilled
O04347,C0350,P016,W3,2026-04-21,6,2026-04-22,Fulfilled
O04348,C0785,P020,W1,2026-07-23,6,2026-07-25,Fulfilled
O04349,C0486,P007,W2,2026-06-12,8,2026-06-13,Fulfilled
O04350,C0619,P015,W4,2026-04-27,22,2026-04-28,Fulfilled
O04351,C0195,P015,W2,2026-07-13,19,2026-07-16,Fulfilled
O04352,C0732,P001,W2,2025-10-16,17,2025-10-19,Fulfilled
O04353,C0208,P023,W1,2026-06-26,16,,Backordered
O04354,C0110,P015,W1,2025-12-17,11,,Cancelled
O04355,C0064,P007,W2,2026-05-26,22,2026-05-27,Fulfilled
O04356,C0523,P016,W4,2026-07-31,7,2026-08-08,Fulfilled
O04357,C0503,P017,W4,2026-03-01,23,2026-03-05,Fulfilled
O04358,C0159,P023,W3,2025-10-03,10,2025-10-04,Fulfilled
O04359,C0703,P001,W4,2026-01-14,9,2026-01-18,Fulfilled
O04360,C0222,P011,W3,2026-01-27,12,2026-01-31,Fulfilled
O04361,C0488,P005,W3,2026-08-08,18,2026-08-09,Fulfilled
O04362,C0418,P015,W2,2026-08-11,18,2026-08-12,Fulfilled
O04363,C0474,P013,W1,2026-03-27,19,2026-03-30,Fulfilled
O04364,C0593,P012,W2,2026-08-13,3,2026-08-23,Fulfilled
O04365,C0741,P025,W4,2026-02-07,4,2026-02-11,Fulfilled
O04366,C0577,P014,W3,2026-01-29,21,2026-02-08,Fulfilled
O04367,C0725,P011,W4,2026-07-03,24,2026-07-06,Fulfilled
O04368,C0695,P002,W1,2026-05-02,4,2026-05-03,Fulfilled
O04369,C0287,P008,W1,2026-03-10,22,2026-03-12,Fulfilled
O04370,C0447,P023,W2,2026-02-14,7,2026-02-15,Fulfilled
O04371,C0159,P012,W2,2026-05-16,24,2026-05-17,Fulfilled
O04372,C0741,P023,W4,2026-06-03,24,2026-06-04,Fulfilled
O04373,C0773,P014,W2,2026-02-27,16,2026-03-03,Fulfilled
O04374,C0710,P014,W3,2025-09-12,5,2025-09-13,Fulfilled
O04375,C0594,P011,W3,2025-10-08,19,2025-10-17,Fulfilled
O04376,C0679,P014,W2,2025-10-23,3,2025-10-26,Fulfilled
O04377,C0635,P002,W4,2026-02-16,9,2026-02-17,Fulfilled
O04378,C0184,P002,W1,2026-04-13,16,2026-04-21,Fulfilled
O04379,C0211,P012,W1,2026-06-21,2,,Cancelled
O04380,C0425,P015,W3,2025-11-24,10,2025-11-25,Fulfilled
O04381,C0336,P014,W3,2026-06-15,20,2026-06-16,Fulfilled
O04382,C0589,P011,W2,2026-05-02,3,2026-05-05,Fulfilled
O04383,C0589,P008,W4,2025-09-19,9,2025-09-22,Fulfilled
O04384,C0780,P018,W1,2026-01-07,1,2026-01-09,Fulfilled
O04385,C0630,P016,W2,2025-12-20,16,2025-12-22,Fulfilled
O04386,C0010,P002,W1,2026-07-21,2,2026-07-22,Fulfilled
O04387,C0273,P012,W1,2026-08-03,7,2026-08-04,Fulfilled
O04388,C0262,P018,W3,2026-06-27,13,,Cancelled
O04389,C0507,P020,W3,2026-03-12,6,2026-03-14,Fulfilled
O04390,C0274,P008,W3,2026-02-27,6,2026-03-01,Fulfilled
O04391,C0782,P024,W4,2025-12-23,21,2025-12-25,Fulfilled
O04392,C0231,P017,W1,2026-06-10,19,2026-06-13,Fulfilled
O04393,C0350,P011,W3,2025-10-02,2,2025-10-04,Fulfilled
O04394,C0654,P016,W1,2025-12-08,21,2025-12-10,Fulfilled
O04395,C0294,P022,W4,2025-10-20,12,2025-10-22,Fulfilled
O04396,C0037,P006,W3,2026-02-28,4,2026-03-03,Fulfilled
O04397,C0266,P004,W4,2025-12-19,22,2025-12-20,Fulfilled
O04398,C0288,P012,W3,2025-11-12,9,2025-11-16,Fulfilled
O04399,C0490,P003,W2,2026-01-16,8,2026-01-19,Fulfilled
O04400,C0569,P021,W3,2026-07-12,4,2026-07-13,Fulfilled
O04401,C0439,P025,W4,2026-03-23,22,2026-03-27,Fulfilled
O04402,C0325,P016,W1,2026-06-28,7,2026-07-02,Fulfilled
O04403,C0402,P025,W4,2026-07-31,15,2026-08-01,Fulfilled
O04404,C0116,P002,W3,2026-07-27,6,,Cancelled
O04405,C0145,P016,W1,2026-01-07,22,2026-01-08,Fulfilled
O04406,C0489,P012,W4,2026-07-18,19,2026-07-19,Fulfilled
O04407,C0692,P007,W1,2026-07-29,13,2026-08-01,Fulfilled
O04408,C0418,P008,W3,2026-08-17,9,2026-08-18,Fulfilled
O04409,C0049,P014,W1,2026-01-07,16,,Backordered
O04410,C0785,P017,W1,2025-11-23,12,,Backordered
O04411,C0259,P005,W3,2026-04-02,23,2026-04-05,Fulfilled
O04412,C0599,P016,W3,2026-08-07,17,2026-08-18,Fulfilled
O04413,C0718,P024,W3,2026-07-26,1,2026-07-27,Fulfilled
O04414,C0788,P001,W2,2026-03-28,20,2026-04-01,Fulfilled
O04415,C0094,P022,W4,2025-10-25,5,2025-11-02,Fulfilled
O04416,C0149,P016,W1,2026-02-02,8,2026-02-05,Fulfilled
O04417,C0516,P009,W4,2026-05-19,11,2026-05-22,Fulfilled
O04418,C0609,P019,W2,2026-03-24,6,2026-03-26,Fulfilled
O04419,C0668,P016,W3,2026-01-05,23,2026-01-09,Fulfilled
O04420,C0441,P020,W4,2026-01-04,24,2026-01-08,Fulfilled
O04421,C0127,P003,W2,2025-09-22,4,2025-09-29,Fulfilled
O04422,C0570,P002,W2,2025-12-15,8,2025-12-19,Fulfilled
O04423,C0535,P017,W4,2026-05-03,9,2026-05-04,Fulfilled
O04424,C0374,P008,W4,2025-11-28,17,2025-12-02,Fulfilled
O04425,C0510,P006,W1,2026-08-29,15,2026-09-02,Fulfilled
O04426,C0170,P011,W3,2025-10-01,17,2025-10-04,Fulfilled
O04427,C0648,P019,W2,2026-04-03,1,2026-04-07,Fulfilled
O04428,C0037,P005,W3,2026-03-01,13,2026-03-05,Fulfilled
O04429,C0671,P025,W2,2026-07-02,6,2026-07-05,Fulfilled
O04430,C0670,P011,W1,2026-07-22,6,2026-07-23,Fulfilled
O04431,C0550,P004,W4,2026-03-18,19,2026-03-20,Fulfilled
O04432,C0652,P002,W3,2026-04-19,4,2026-04-23,Fulfilled
O04433,C0730,P022,W2,2026-05-14,1,2026-05-15,Fulfilled
O04434,C0130,P003,W1,2026-03-10,12,2026-03-14,Fulfilled
O04435,C0436,P011,W1,2025-11-07,18,2025-11-08,Fulfilled
O04436,C0516,P017,W2,2026-02-04,13,2026-02-07,Fulfilled
O04437,C0754,P013,W3,2025-11-28,4,,Cancelled
O04438,C0590,P007,W2,2026-02-17,19,2026-02-18,Fulfilled
O04439,C0475,P003,W3,2026-04-13,10,2026-04-22,Fulfilled
O04440,C0446,P018,W2,2025-11-16,18,2025-11-17,Fulfilled
O04441,C0115,P013,W1,2025-12-01,5,2025-12-03,Fulfilled
O04442,C0254,P002,W3,2026-06-28,22,2026-07-02,Fulfilled
O04443,C0347,P005,W1,2026-01-16,7,2026-01-17,Fulfilled
O04444,C0704,P015,W1,2025-11-12,24,2025-11-16,Fulfilled
O04445,C0689,P005,W1,2026-05-19,10,2026-05-22,Fulfilled
O04446,C0514,P010,W2,2026-05-20,18,2026-05-30,Fulfilled
O04447,C0085,P004,W3,2026-06-29,13,,Backordered
O04448,C0576,P020,W4,2026-06-05,2,2026-06-09,Fulfilled
O04449,C0367,P016,W1,2026-08-29,3,2026-08-31,Fulfilled
O04450,C0522,P020,W1,2026-03-29,10,2026-04-01,Fulfilled
O04451,C0347,P002,W1,2025-12-14,5,2025-12-15,Fulfilled
O04452,C0577,P010,W2,2026-07-12,15,2026-07-16,Fulfilled
O04453,C0174,P007,W1,2025-12-06,4,2025-12-09,Fulfilled
O04454,C0116,P016,W2,2025-12-16,15,2025-12-17,Fulfilled
O04455,C0176,P021,W4,2026-06-30,5,2026-07-03,Fulfilled
O04456,C0738,P006,W2,2026-07-19,5,,Cancelled
O04457,C0061,P020,W3,2026-01-02,9,2026-01-04,Fulfilled
O04458,C0229,P015,W3,2026-05-25,14,2026-05-28,Fulfilled
O04459,C0274,P021,W1,2026-08-03,10,2026-08-11,Fulfilled
O04460,C0669,P003,W1,2026-06-19,9,2026-06-21,Fulfilled
O04461,C0288,P025,W2,2025-09-02,9,2025-09-03,Fulfilled
O04462,C0714,P011,W2,2026-05-01,9,2026-05-03,Fulfilled
O04463,C0790,P008,W1,2025-11-02,10,2025-11-06,Fulfilled
O04464,C0521,P005,W3,2026-07-06,21,2026-07-10,Fulfilled
O04465,C0275,P025,W2,2025-09-25,14,2025-09-26,Fulfilled
O04466,C0479,P023,W2,2026-08-29,11,2026-08-30,Fulfilled
O04467,C0535,P004,W3,2025-11-04,18,2025-11-13,Fulfilled
O04468,C0088,P012,W4,2026-02-01,13,2026-02-04,Fulfilled
O04469,C0666,P019,W4,2025-11-25,23,2025-11-28,Fulfilled
O04470,C0349,P015,W4,2026-06-25,14,2026-07-05,Fulfilled
O04471,C0676,P005,W2,2026-01-22,6,2026-01-24,Fulfilled
O04472,C0489,P010,W1,2026-05-30,14,2026-06-03,Fulfilled
O04473,C0688,P010,W1,2025-09-25,19,2025-09-26,Fulfilled
O04474,C0066,P008,W2,2026-02-13,6,2026-02-22,Fulfilled
O04475,C0034,P025,W2,2026-07-30,5,2026-08-01,Fulfilled
O04476,C0090,P006,W1,2026-08-05,15,2026-08-08,Fulfilled
O04477,C0699,P018,W1,2025-11-16,22,2025-11-20,Fulfilled
O04478,C0794,P023,W1,2026-01-22,9,,Cancelled
O04479,C0798,P020,W3,2026-01-28,13,2026-01-30,Fulfilled
O04480,C0266,P020,W2,2026-03-26,16,2026-04-06,Fulfilled
O04481,C0212,P004,W1,2026-03-16,16,2026-03-26,Fulfilled
O04482,C0280,P004,W3,2025-10-09,4,2025-10-11,Fulfilled
O04483,C0653,P020,W4,2026-06-06,10,2026-06-07,Fulfilled
O04484,C0201,P019,W2,2025-11-22,24,2025-11-23,Fulfilled
O04485,C0438,P019,W2,2025-12-24,22,2025-12-27,Fulfilled
O04486,C0517,P011,W2,2026-07-04,19,2026-07-06,Fulfilled
O04487,C0289,P014,W2,2026-05-10,1,2026-05-13,Fulfilled
O04488,C0378,P001,W2,2026-01-23,11,2026-01-24,Fulfilled
O04489,C0532,P008,W4,2026-07-31,2,,Cancelled
O04490,C0632,P014,W4,2026-01-22,8,2026-01-23,Fulfilled
O04491,C0152,P004,W2,2026-03-26,21,2026-03-29,Fulfilled
O04492,C0410,P004,W4,2025-11-29,10,2025-12-02,Fulfilled
O04493,C0124,P002,W4,2025-11-06,5,2025-11-08,Fulfilled
O04494,C0013,P006,W1,2026-02-27,18,2026-02-28,Fulfilled
O04495,C0516,P025,W2,2026-03-25,19,2026-03-29,Fulfilled
O04496,C0386,P018,W3,2026-06-22,16,2026-06-23,Fulfilled
O04497,C0208,P024,W2,2026-01-21,20,2026-01-22,Fulfilled
O04498,C0045,P007,W2,2026-07-24,17,2026-07-29,Fulfilled
O04499,C0756,P015,W2,2026-04-10,16,2026-04-14,Fulfilled
O04500,C0661,P023,W3,2025-09-26,22,2025-09-28,Fulfilled
O04501,C0748,P009,W2,2026-05-28,8,2026-06-02,Fulfilled
O04502,C0091,P017,W3,2026-03-29,11,2026-04-01,Fulfilled
O04503,C0012,P018,W1,2026-01-21,14,2026-01-23,Fulfilled
O04504,C0174,P021,W4,2026-02-18,17,2026-02-21,Fulfilled
O04505,C0081,P025,W1,2025-12-20,12,2025-12-22,Fulfilled
O04506,C0368,P016,W1,2026-04-13,11,2026-04-16,Fulfilled
O04507,C0516,P015,W1,2026-03-26,4,2026-03-28,Fulfilled
O04508,C0156,P022,W2,2026-02-11,16,2026-02-13,Fulfilled
O04509,C0317,P018,W3,2025-12-14,3,2025-12-23,Fulfilled
O04510,C0431,P010,W4,2026-01-24,12,2026-01-26,Fulfilled
O04511,C0254,P016,W2,2026-03-01,10,2026-03-05,Fulfilled
O04512,C0369,P014,W1,2026-02-20,19,2026-02-22,Fulfilled
O04513,C0472,P006,W2,2025-12-22,12,2025-12-29,Fulfilled
O04514,C0762,P013,W1,2026-04-01,1,2026-04-04,Fulfilled
O04515,C0248,P016,W2,2025-11-22,13,,Backordered
O04516,C0071,P023,W3,2026-03-02,6,2026-03-04,Fulfilled
O04517,C0694,P015,W1,2025-10-15,10,2025-10-17,Fulfilled
O04518,C0461,P005,W4,2026-02-20,8,2026-02-24,Fulfilled
O04519,C0378,P025,W1,2026-06-14,4,2026-06-15,Fulfilled
O04520,C0576,P015,W3,2026-06-26,23,2026-07-07,Fulfilled
O04521,C0784,P008,W4,2026-05-12,7,2026-05-16,Fulfilled
O04522,C0102,P019,W4,2026-05-31,13,2026-06-07,Fulfilled
O04523,C0688,P010,W3,2025-09-25,20,2025-10-01,Fulfilled
O04524,C0509,P010,W3,2026-01-03,9,2026-01-14,Fulfilled
O04525,C0468,P021,W1,2026-04-27,23,,Backordered
O04526,C0691,P022,W1,2026-06-20,10,2026-06-24,Fulfilled
O04527,C0244,P014,W2,2026-04-01,23,2026-04-03,Fulfilled
O04528,C0630,P010,W3,2026-07-09,11,2026-07-11,Fulfilled
O04529,C0456,P022,W3,2025-12-09,1,2025-12-13,Fulfilled
O04530,C0748,P005,W4,2025-10-27,21,2025-10-29,Fulfilled
O04531,C0374,P019,W2,2025-10-02,21,2025-10-03,Fulfilled
O04532,C0576,P015,W4,2026-04-01,24,2026-04-05,Fulfilled
O04533,C0398,P022,W2,2026-05-01,3,2026-05-04,Fulfilled
O04534,C0315,P011,W1,2025-12-14,21,2025-12-17,Fulfilled
O04535,C0300,P021,W3,2026-06-14,9,,Backordered
O04536,C0736,P001,W1,2026-05-28,21,2026-05-30,Fulfilled
O04537,C0670,P019,W2,2026-01-10,24,2026-01-12,Fulfilled
O04538,C0181,P002,W4,2025-11-27,5,,Backordered
O04539,C0692,P017,W4,2026-05-29,9,2026-06-01,Fulfilled
O04540,C0467,P005,W2,2026-05-04,7,2026-05-05,Fulfilled
O04541,C0084,P025,W1,2025-11-02,8,2025-11-04,Fulfilled
O04542,C0612,P020,W1,2025-12-03,15,2025-12-07,Fulfilled
O04543,C0130,P003,W1,2026-02-25,10,2026-02-28,Fulfilled
O04544,C0697,P023,W4,2026-03-06,16,2026-03-15,Fulfilled
O04545,C0364,P007,W4,2025-10-31,17,2025-11-01,Fulfilled
O04546,C0733,P014,W3,2026-08-13,5,2026-08-14,Fulfilled
O04547,C0387,P003,W3,2026-01-20,2,2026-01-22,Fulfilled
O04548,C0068,P003,W2,2026-01-18,18,2026-01-19,Fulfilled
O04549,C0613,P007,W1,2025-09-23,5,2025-09-24,Fulfilled
O04550,C0581,P014,W1,2026-07-17,5,2026-07-21,Fulfilled
O04551,C0242,P014,W3,2025-11-25,15,2025-12-02,Fulfilled
O04552,C0164,P022,W1,2026-08-27,7,2026-08-30,Fulfilled
O04553,C0691,P005,W1,2026-03-01,5,2026-03-13,Fulfilled
O04554,C0623,P019,W4,2026-07-17,8,2026-07-19,Fulfilled
O04555,C0238,P001,W3,2025-11-05,13,2025-11-08,Fulfilled
O04556,C0560,P008,W2,2025-10-31,21,2025-11-04,Fulfilled
O04557,C0193,P005,W1,2026-06-20,24,2026-06-21,Fulfilled
O04558,C0145,P004,W1,2026-06-27,18,2026-06-29,Fulfilled
O04559,C0531,P015,W2,2026-03-18,22,2026-03-19,Fulfilled
O04560,C0666,P023,W2,2025-09-12,13,2025-09-16,Fulfilled
O04561,C0735,P017,W3,2026-08-11,10,2026-08-22,Fulfilled
O04562,C0369,P022,W1,2026-01-22,20,2026-01-30,Fulfilled
O04563,C0115,P015,W1,2026-08-08,8,2026-08-11,Fulfilled
O04564,C0435,P002,W1,2026-07-15,20,2026-07-17,Fulfilled
O04565,C0544,P009,W2,2026-07-08,24,2026-07-09,Fulfilled
O04566,C0777,P021,W2,2026-05-10,10,2026-05-14,Fulfilled
O04567,C0090,P002,W1,2026-05-04,16,2026-05-08,Fulfilled
O04568,C0525,P003,W3,2026-03-14,19,2026-03-18,Fulfilled
O04569,C0410,P021,W2,2025-09-10,19,2025-09-16,Fulfilled
O04570,C0471,P002,W1,2026-01-20,5,2026-01-21,Fulfilled
O04571,C0075,P024,W3,2026-05-25,24,2026-05-28,Fulfilled
O04572,C0014,P019,W2,2026-06-24,13,2026-06-25,Fulfilled
O04573,C0485,P017,W2,2026-03-24,2,2026-03-25,Fulfilled
O04574,C0160,P014,W2,2026-05-17,3,2026-05-21,Fulfilled
O04575,C0491,P003,W1,2025-09-08,18,2025-09-12,Fulfilled
O04576,C0022,P011,W2,2026-02-18,11,2026-03-01,Fulfilled
O04577,C0641,P021,W3,2026-03-05,3,2026-03-08,Fulfilled
O04578,C0267,P023,W1,2026-07-23,13,2026-07-26,Fulfilled
O04579,C0361,P012,W3,2025-12-23,15,2025-12-31,Fulfilled
O04580,C0276,P021,W1,2025-11-23,2,2025-11-24,Fulfilled
O04581,C0335,P020,W3,2026-01-07,9,2026-01-09,Fulfilled
O04582,C0424,P002,W1,2025-11-02,12,2025-11-06,Fulfilled
O04583,C0516,P016,W1,2026-03-23,19,2026-03-25,Fulfilled
O04584,C0552,P016,W2,2026-04-23,16,2026-05-04,Fulfilled
O04585,C0792,P014,W3,2026-06-20,3,2026-06-21,Fulfilled
O04586,C0144,P020,W3,2026-08-21,15,2026-08-29,Fulfilled
O04587,C0697,P023,W2,2025-09-27,22,2025-10-04,Fulfilled
O04588,C0481,P014,W1,2025-11-30,2,2025-12-02,Fulfilled
O04589,C0248,P009,W2,2025-12-19,24,2025-12-20,Fulfilled
O04590,C0733,P025,W4,2025-12-01,3,2025-12-05,Fulfilled
O04591,C0565,P025,W1,2026-06-29,15,2026-07-03,Fulfilled
O04592,C0148,P018,W3,2025-10-21,9,2025-10-24,Fulfilled
O04593,C0140,P017,W2,2025-09-11,18,2025-09-13,Fulfilled
O04594,C0527,P003,W1,2026-07-12,21,2026-07-22,Fulfilled
O04595,C0584,P011,W3,2026-08-17,21,2026-08-19,Fulfilled
O04596,C0037,P005,W1,2025-11-22,21,2025-11-25,Fulfilled
O04597,C0502,P013,W2,2025-12-31,20,2026-01-04,Fulfilled
O04598,C0425,P021,W1,2026-03-03,8,2026-03-05,Fulfilled
O04599,C0775,P006,W3,2026-03-11,12,2026-03-12,Fulfilled
O04600,C0593,P025,W1,2026-08-28,18,2026-08-31,Fulfilled
O04601,C0727,P004,W1,2026-01-26,5,2026-01-30,Fulfilled
O04602,C0028,P003,W3,2025-09-05,14,2025-09-06,Fulfilled
O04603,C0611,P025,W4,2026-02-02,13,2026-02-06,Fulfilled
O04604,C0267,P003,W1,2026-03-23,24,2026-03-25,Fulfilled
O04605,C0443,P019,W2,2026-03-08,2,2026-03-11,Fulfilled
O04606,C0702,P020,W4,2026-03-06,3,2026-03-09,Fulfilled
O04607,C0696,P009,W2,2026-08-03,1,2026-08-04,Fulfilled
O04608,C0181,P002,W2,2026-06-22,14,,Backordered
O04609,C0192,P008,W4,2025-12-01,14,2025-12-05,Fulfilled
O04610,C0578,P002,W3,2026-01-08,15,2026-01-11,Fulfilled
O04611,C0702,P017,W2,2026-05-02,6,2026-05-05,Fulfilled
O04612,C0490,P023,W4,2026-01-28,8,2026-01-30,Fulfilled
O04613,C0044,P025,W3,2026-02-04,11,,Backordered
O04614,C0131,P021,W3,2025-11-01,2,2025-11-03,Fulfilled
O04615,C0599,P020,W2,2025-12-02,19,2025-12-05,Fulfilled
O04616,C0593,P023,W4,2026-05-29,2,2026-06-01,Fulfilled
O04617,C0717,P020,W4,2026-07-05,17,2026-07-07,Fulfilled
O04618,C0426,P017,W4,2026-06-14,11,2026-06-22,Fulfilled
O04619,C0342,P025,W3,2025-12-22,24,2025-12-23,Fulfilled
O04620,C0090,P009,W2,2025-10-20,17,2025-10-24,Fulfilled
O04621,C0625,P011,W1,2025-10-29,12,2025-11-04,Fulfilled
O04622,C0759,P023,W1,2026-01-22,17,2026-01-26,Fulfilled
O04623,C0037,P008,W4,2026-03-08,3,2026-03-09,Fulfilled
O04624,C0394,P008,W2,2026-07-23,5,2026-07-25,Fulfilled
O04625,C0284,P004,W1,2026-07-26,12,2026-07-28,Fulfilled
O04626,C0596,P007,W1,2025-09-01,21,2025-09-03,Fulfilled
O04627,C0611,P015,W1,2026-05-17,20,2026-05-19,Fulfilled
O04628,C0174,P023,W3,2025-12-19,10,2025-12-20,Fulfilled
O04629,C0761,P004,W3,2025-11-12,7,,Backordered
O04630,C0110,P018,W2,2026-03-22,24,,Backordered
O04631,C0625,P020,W3,2025-09-13,14,2025-09-15,Fulfilled
O04632,C0593,P023,W2,2025-12-31,3,2026-01-01,Fulfilled
O04633,C0130,P019,W4,2026-03-21,6,2026-03-23,Fulfilled
O04634,C0539,P004,W4,2025-12-09,21,2025-12-13,Fulfilled
O04635,C0217,P013,W1,2026-04-05,22,2026-04-07,Fulfilled
O04636,C0220,P024,W2,2026-02-15,22,2026-02-19,Fulfilled
O04637,C0070,P023,W4,2026-06-19,1,,Cancelled
O04638,C0597,P016,W3,2025-11-06,20,,Backordered
O04639,C0646,P025,W4,2025-09-21,3,2025-09-24,Fulfilled
O04640,C0404,P017,W2,2026-03-13,20,2026-03-16,Fulfilled
O04641,C0620,P002,W1,2025-12-03,22,2025-12-07,Fulfilled
O04642,C0279,P023,W4,2026-05-16,9,2026-05-18,Fulfilled
O04643,C0452,P005,W4,2025-10-05,5,2025-10-06,Fulfilled
O04644,C0629,P010,W3,2026-03-29,18,2026-04-01,Fulfilled
O04645,C0345,P006,W2,2026-08-28,2,2026-08-30,Fulfilled
O04646,C0493,P018,W1,2025-10-04,14,2025-10-05,Fulfilled
O04647,C0116,P001,W3,2025-12-20,8,2025-12-21,Fulfilled
O04648,C0406,P017,W3,2026-07-06,11,,Backordered
O04649,C0680,P022,W3,2026-03-14,20,2026-03-17,Fulfilled
O04650,C0618,P020,W1,2025-11-03,24,2025-11-04,Fulfilled
O04651,C0240,P008,W3,2025-11-17,10,2025-11-26,Fulfilled
O04652,C0436,P023,W3,2026-06-07,7,2026-06-11,Fulfilled
O04653,C0496,P010,W4,2026-07-12,21,2026-07-16,Fulfilled
O04654,C0750,P018,W3,2026-01-10,10,2026-01-12,Fulfilled
O04655,C0663,P013,W3,2026-02-20,5,2026-02-21,Fulfilled
O04656,C0654,P002,W2,2026-06-13,22,2026-06-16,Fulfilled
O04657,C0602,P001,W3,2025-11-04,24,2025-11-07,Fulfilled
O04658,C0287,P005,W3,2025-11-15,7,2025-11-19,Fulfilled
O04659,C0302,P024,W4,2026-06-10,4,2026-06-13,Fulfilled
O04660,C0372,P024,W4,2025-11-08,4,,Backordered
O04661,C0341,P011,W1,2026-06-09,15,2026-06-12,Fulfilled
O04662,C0765,P025,W4,2026-03-01,8,2026-03-04,Fulfilled
O04663,C0700,P002,W4,2026-08-28,15,2026-08-30,Fulfilled
O04664,C0716,P025,W3,2025-09-13,19,2025-09-15,Fulfilled
O04665,C0486,P006,W3,2026-08-12,1,2026-08-14,Fulfilled
O04666,C0153,P001,W3,2025-11-22,21,2025-12-02,Fulfilled
O04667,C0115,P019,W2,2025-09-13,1,2025-09-26,Fulfilled
O04668,C0220,P010,W2,2026-05-23,3,2026-05-25,Fulfilled
O04669,C0521,P008,W4,2026-03-14,18,2026-03-16,Fulfilled
O04670,C0292,P019,W4,2026-07-03,15,2026-07-07,Fulfilled
O04671,C0524,P009,W1,2025-10-10,24,2025-10-11,Fulfilled
O04672,C0703,P019,W4,2025-09-30,14,2025-10-02,Fulfilled
O04673,C0268,P005,W2,2026-03-27,11,2026-03-29,Fulfilled
O04674,C0742,P003,W1,2026-07-19,17,2026-07-21,Fulfilled
O04675,C0410,P009,W4,2026-01-27,19,2026-02-06,Fulfilled
O04676,C0642,P016,W1,2026-06-19,17,2026-06-23,Fulfilled
O04677,C0048,P006,W1,2026-07-28,9,2026-07-30,Fulfilled
O04678,C0221,P004,W2,2026-07-15,24,2026-07-17,Fulfilled
O04679,C0744,P019,W2,2026-03-05,8,2026-03-07,Fulfilled
O04680,C0709,P013,W1,2026-05-13,9,2026-05-17,Fulfilled
O04681,C0457,P011,W1,2026-03-11,7,2026-03-15,Fulfilled
O04682,C0027,P006,W2,2026-05-05,8,2026-05-06,Fulfilled
O04683,C0048,P001,W1,2026-03-26,6,2026-03-27,Fulfilled
O04684,C0338,P002,W1,2026-03-11,14,2026-03-12,Fulfilled
O04685,C0718,P018,W4,2026-02-07,18,2026-02-09,Fulfilled
O04686,C0302,P003,W3,2026-04-27,11,2026-04-30,Fulfilled
O04687,C0707,P007,W1,2026-06-02,23,2026-06-03,Fulfilled
O04688,C0428,P023,W1,2026-08-02,12,2026-08-05,Fulfilled
O04689,C0108,P009,W4,2026-04-12,12,2026-04-21,Fulfilled
O04690,C0448,P019,W2,2025-10-07,2,2025-10-20,Fulfilled
O04691,C0292,P009,W1,2026-04-03,22,2026-04-09,Fulfilled
O04692,C0181,P024,W3,2025-12-25,4,2026-01-03,Fulfilled
O04693,C0540,P021,W4,2025-09-10,4,2025-09-13,Fulfilled
O04694,C0164,P012,W2,2025-09-27,23,2025-09-28,Fulfilled
O04695,C0724,P018,W3,2026-04-04,13,2026-04-06,Fulfilled
O04696,C0643,P011,W2,2026-08-11,2,2026-08-13,Fulfilled
O04697,C0625,P024,W1,2026-03-04,11,2026-03-05,Fulfilled
O04698,C0061,P009,W4,2026-02-10,15,2026-02-12,Fulfilled
O04699,C0768,P021,W4,2025-10-03,1,2025-10-06,Fulfilled
O04700,C0395,P016,W4,2026-05-05,19,2026-05-08,Fulfilled
O04701,C0586,P017,W1,2025-09-21,17,2025-09-25,Fulfilled
O04702,C0154,P009,W3,2026-07-05,1,2026-07-07,Fulfilled
O04703,C0614,P021,W3,2026-06-25,15,2026-06-28,Fulfilled
O04704,C0256,P019,W1,2026-08-28,6,2026-08-31,Fulfilled
O04705,C0565,P021,W4,2025-12-13,18,2025-12-23,Fulfilled
O04706,C0222,P021,W1,2025-10-30,10,2025-11-03,Fulfilled
O04707,C0745,P004,W2,2025-12-19,5,2025-12-22,Fulfilled
O04708,C0567,P022,W4,2026-06-19,13,2026-06-21,Fulfilled
O04709,C0362,P022,W3,2025-11-19,11,2025-11-22,Fulfilled
O04710,C0365,P007,W3,2026-07-21,9,2026-07-24,Fulfilled
O04711,C0001,P025,W2,2025-10-27,22,2025-10-31,Fulfilled
O04712,C0240,P014,W4,2025-09-18,16,2025-09-19,Fulfilled
O04713,C0631,P009,W1,2025-11-20,12,2025-11-24,Fulfilled
O04714,C0665,P006,W3,2026-06-03,6,2026-06-07,Fulfilled
O04715,C0799,P010,W1,2026-04-08,14,2026-04-09,Fulfilled
O04716,C0069,P001,W1,2026-01-08,1,2026-01-10,Fulfilled
O04717,C0201,P018,W3,2026-04-28,22,2026-04-29,Fulfilled
O04718,C0613,P018,W2,2026-04-25,1,2026-04-28,Fulfilled
O04719,C0289,P017,W1,2026-03-22,17,2026-03-23,Fulfilled
O04720,C0199,P014,W4,2026-03-07,9,2026-03-13,Fulfilled
O04721,C0225,P010,W2,2025-10-08,18,2025-10-09,Fulfilled
O04722,C0734,P019,W4,2025-12-04,9,2025-12-05,Fulfilled
O04723,C0686,P022,W1,2026-03-12,1,2026-03-14,Fulfilled
O04724,C0005,P003,W1,2025-10-20,23,2025-10-22,Fulfilled
O04725,C0672,P010,W2,2026-02-21,19,,Backordered
O04726,C0445,P025,W3,2025-10-13,2,2025-10-14,Fulfilled
O04727,C0675,P022,W2,2026-06-15,1,2026-06-17,Fulfilled
O04728,C0498,P025,W1,2025-10-08,13,2025-10-12,Fulfilled
O04729,C0550,P005,W3,2025-10-04,23,2025-10-08,Fulfilled
O04730,C0462,P012,W4,2026-04-21,14,2026-04-23,Fulfilled
O04731,C0587,P004,W1,2025-11-20,1,2025-11-21,Fulfilled
O04732,C0652,P022,W2,2026-01-07,17,2026-01-11,Fulfilled
O04733,C0407,P013,W2,2025-12-24,11,2025-12-27,Fulfilled
O04734,C0090,P007,W3,2025-11-19,16,2025-11-21,Fulfilled
O04735,C0075,P003,W1,2026-06-06,9,2026-06-09,Fulfilled
O04736,C0333,P019,W1,2026-05-11,1,2026-05-12,Fulfilled
O04737,C0379,P021,W1,2025-11-27,1,2025-11-29,Fulfilled
O04738,C0691,P022,W3,2026-05-09,16,2026-05-11,Fulfilled
O04739,C0027,P025,W1,2026-05-19,16,2026-05-26,Fulfilled
O04740,C0711,P021,W3,2026-03-16,8,2026-03-17,Fulfilled
O04741,C0045,P020,W2,2026-03-31,2,2026-04-02,Fulfilled
O04742,C0399,P021,W2,2026-08-08,19,2026-08-12,Fulfilled
O04743,C0338,P025,W4,2026-02-13,4,2026-02-14,Fulfilled
O04744,C0446,P012,W4,2026-01-19,5,2026-01-20,Fulfilled
O04745,C0034,P019,W4,2026-03-16,11,2026-03-20,Fulfilled
O04746,C0611,P021,W4,2026-07-03,18,2026-07-07,Fulfilled
O04747,C0108,P003,W1,2026-05-17,24,2026-05-19,Fulfilled
O04748,C0623,P018,W4,2025-09-28,16,2025-09-29,Fulfilled
O04749,C0453,P009,W1,2026-02-15,24,2026-02-18,Fulfilled
O04750,C0710,P004,W2,2026-05-29,16,2026-05-31,Fulfilled
O04751,C0783,P005,W3,2025-11-21,21,2025-12-03,Fulfilled
O04752,C0675,P003,W3,2026-08-27,5,2026-08-28,Fulfilled
O04753,C0362,P023,W3,2026-06-22,2,2026-06-26,Fulfilled
O04754,C0332,P020,W3,2026-07-07,17,2026-07-10,Fulfilled
O04755,C0530,P003,W2,2025-09-30,24,2025-10-03,Fulfilled
O04756,C0520,P016,W3,2026-03-31,18,2026-04-03,Fulfilled
O04757,C0632,P017,W2,2026-03-12,9,2026-03-13,Fulfilled
O04758,C0387,P013,W2,2026-04-17,12,2026-04-21,Fulfilled
O04759,C0370,P016,W3,2026-07-08,3,2026-07-19,Fulfilled
O04760,C0095,P023,W3,2026-01-07,9,,Cancelled
O04761,C0135,P013,W2,2026-03-14,17,2026-03-18,Fulfilled
O04762,C0657,P017,W1,2026-05-07,4,2026-05-08,Fulfilled
O04763,C0791,P015,W2,2026-06-02,12,2026-06-03,Fulfilled
O04764,C0481,P010,W2,2026-06-09,7,2026-06-13,Fulfilled
O04765,C0276,P023,W1,2026-01-01,12,2026-01-03,Fulfilled
O04766,C0047,P011,W1,2026-08-31,19,2026-09-03,Fulfilled
O04767,C0035,P020,W4,2025-09-04,22,2025-09-07,Fulfilled
O04768,C0541,P016,W2,2026-02-27,10,2026-03-03,Fulfilled
O04769,C0513,P018,W3,2026-04-11,20,2026-04-14,Fulfilled
O04770,C0227,P020,W1,2025-09-23,17,2025-09-25,Fulfilled
O04771,C0151,P019,W4,2026-02-12,23,2026-02-15,Fulfilled
O04772,C0056,P015,W1,2026-04-06,18,2026-04-09,Fulfilled
O04773,C0546,P016,W2,2026-04-10,14,2026-04-12,Fulfilled
O04774,C0485,P013,W4,2025-10-14,17,2025-10-15,Fulfilled
O04775,C0267,P009,W1,2025-12-11,8,2025-12-13,Fulfilled
O04776,C0586,P019,W3,2025-11-29,17,2025-12-03,Fulfilled
O04777,C0676,P022,W4,2026-04-22,18,2026-04-23,Fulfilled
O04778,C0414,P018,W1,2025-12-30,15,,Cancelled
O04779,C0210,P020,W1,2026-03-28,3,2026-04-01,Fulfilled
O04780,C0005,P021,W4,2026-05-25,13,2026-05-29,Fulfilled
O04781,C0636,P010,W2,2026-06-19,18,2026-06-20,Fulfilled
O04782,C0461,P002,W4,2025-11-07,5,2025-11-08,Fulfilled
O04783,C0278,P009,W4,2026-07-27,19,2026-07-30,Fulfilled
O04784,C0006,P019,W4,2025-10-31,21,2025-11-04,Fulfilled
O04785,C0651,P021,W4,2025-09-08,13,2025-09-11,Fulfilled
O04786,C0741,P013,W4,2025-09-17,24,2025-09-21,Fulfilled
O04787,C0385,P020,W2,2025-11-13,21,2025-11-16,Fulfilled
O04788,C0214,P002,W4,2026-07-16,12,2026-07-20,Fulfilled
O04789,C0496,P017,W2,2025-11-15,22,2025-11-18,Fulfilled
O04790,C0696,P017,W3,2026-05-12,23,2026-05-14,Fulfilled
O04791,C0470,P013,W1,2026-01-31,3,2026-02-03,Fulfilled
O04792,C0010,P018,W4,2025-09-15,24,2025-09-17,Fulfilled
O04793,C0156,P013,W3,2026-02-10,1,2026-02-13,Fulfilled
O04794,C0078,P014,W4,2025-09-11,12,2025-09-15,Fulfilled
O04795,C0329,P016,W2,2026-02-21,23,2026-02-25,Fulfilled
O04796,C0361,P020,W2,2026-03-23,18,2026-03-26,Fulfilled
O04797,C0428,P007,W3,2026-03-10,7,2026-03-11,Fulfilled
O04798,C0607,P008,W4,2025-12-13,16,2025-12-16,Fulfilled
O04799,C0090,P011,W3,2026-06-07,6,2026-06-09,Fulfilled
O04800,C0754,P006,W4,2026-04-06,6,2026-04-07,Fulfilled
O04801,C0211,P009,W1,2025-12-02,22,2025-12-06,Fulfilled
O04802,C0417,P009,W4,2026-02-06,2,2026-02-08,Fulfilled
O04803,C0169,P008,W3,2025-10-10,24,2025-10-14,Fulfilled
O04804,C0285,P011,W4,2026-08-04,11,2026-08-06,Fulfilled
O04805,C0666,P013,W1,2026-06-02,2,2026-06-05,Fulfilled
O04806,C0036,P018,W2,2025-12-15,19,2025-12-18,Fulfilled
O04807,C0387,P008,W1,2026-05-05,2,2026-05-14,Fulfilled
O04808,C0467,P022,W2,2026-05-06,8,,Cancelled
O04809,C0456,P012,W4,2026-04-11,6,2026-04-14,Fulfilled
O04810,C0304,P019,W3,2025-09-20,19,2025-09-22,Fulfilled
O04811,C0302,P003,W4,2026-07-18,10,2026-07-20,Fulfilled
O04812,C0727,P005,W3,2026-08-15,16,2026-08-19,Fulfilled
O04813,C0193,P012,W4,2026-08-22,2,2026-08-23,Fulfilled
O04814,C0384,P010,W4,2026-08-24,17,2026-08-27,Fulfilled
O04815,C0292,P013,W3,2026-08-06,18,2026-08-08,Fulfilled
O04816,C0612,P004,W4,2026-05-28,7,,Backordered
O04817,C0644,P012,W1,2025-09-21,22,2025-09-22,Fulfilled
O04818,C0678,P018,W3,2026-02-17,12,2026-02-26,Fulfilled
O04819,C0068,P019,W3,2025-11-29,17,2025-11-30,Fulfilled
O04820,C0079,P007,W4,2025-11-20,5,2025-11-22,Fulfilled
O04821,C0300,P009,W3,2026-07-01,23,2026-07-02,Fulfilled
O04822,C0353,P014,W1,2026-06-24,6,,Backordered
O04823,C0051,P013,W3,2026-03-10,16,2026-03-11,Fulfilled
O04824,C0715,P020,W4,2026-05-27,3,2026-05-29,Fulfilled
O04825,C0717,P010,W1,2025-10-18,2,2025-10-21,Fulfilled
O04826,C0340,P017,W1,2025-11-21,4,,Cancelled
O04827,C0615,P023,W3,2026-07-12,23,2026-07-13,Fulfilled
O04828,C0452,P008,W3,2026-02-12,6,2026-02-13,Fulfilled
O04829,C0525,P021,W3,2026-03-19,22,2026-03-21,Fulfilled
O04830,C0698,P009,W1,2026-02-16,14,,Cancelled
O04831,C0074,P009,W3,2025-11-13,3,2025-11-17,Fulfilled
O04832,C0186,P017,W3,2026-06-29,11,2026-06-30,Fulfilled
O04833,C0343,P016,W4,2026-06-04,12,,Backordered
O04834,C0715,P014,W2,2026-05-08,7,2026-05-11,Fulfilled
O04835,C0473,P006,W2,2026-01-07,15,2026-01-19,Fulfilled
O04836,C0318,P003,W1,2026-04-23,21,2026-04-27,Fulfilled
O04837,C0023,P023,W3,2026-08-14,22,2026-08-22,Fulfilled
O04838,C0474,P022,W3,2026-04-26,13,2026-04-27,Fulfilled
O04839,C0216,P023,W2,2026-02-28,22,2026-03-03,Fulfilled
O04840,C0263,P013,W3,2025-12-08,23,2025-12-10,Fulfilled
O04841,C0796,P023,W4,2026-03-10,3,2026-03-12,Fulfilled
O04842,C0422,P012,W1,2026-01-14,16,2026-01-16,Fulfilled
O04843,C0111,P002,W3,2026-04-12,19,2026-04-15,Fulfilled
O04844,C0040,P005,W3,2025-09-17,1,2025-09-20,Fulfilled
O04845,C0311,P007,W1,2025-11-09,15,2025-11-10,Fulfilled
O04846,C0053,P010,W1,2026-06-15,22,2026-06-16,Fulfilled
O04847,C0343,P024,W2,2026-01-17,7,2026-01-18,Fulfilled
O04848,C0332,P009,W1,2026-02-06,21,2026-02-13,Fulfilled
O04849,C0703,P016,W2,2026-03-18,23,2026-03-21,Fulfilled
O04850,C0268,P007,W1,2026-02-07,16,,Backordered
O04851,C0221,P017,W4,2026-06-04,16,,Backordered
O04852,C0493,P015,W3,2025-11-29,13,,Backordered
O04853,C0511,P004,W2,2026-06-04,10,2026-06-16,Fulfilled
O04854,C0031,P012,W4,2025-11-16,11,2025-11-19,Fulfilled
O04855,C0067,P003,W1,2026-01-14,13,2026-01-17,Fulfilled
O04856,C0134,P023,W3,2026-04-03,12,2026-04-05,Fulfilled
O04857,C0621,P018,W3,2026-07-21,20,2026-07-22,Fulfilled
O04858,C0168,P024,W4,2025-11-24,19,2025-11-28,Fulfilled
O04859,C0794,P022,W1,2026-04-03,9,2026-04-06,Fulfilled
O04860,C0352,P006,W3,2025-09-24,13,2025-09-25,Fulfilled
O04861,C0746,P018,W4,2025-09-28,6,2025-09-30,Fulfilled
O04862,C0198,P003,W4,2026-06-08,5,2026-06-09,Fulfilled
O04863,C0339,P025,W1,2026-05-21,9,2026-05-25,Fulfilled
O04864,C0110,P020,W4,2026-01-16,2,2026-01-19,Fulfilled
O04865,C0677,P018,W2,2026-04-16,21,2026-04-20,Fulfilled
O04866,C0478,P025,W2,2026-01-17,4,2026-01-19,Fulfilled
O04867,C0061,P022,W1,2025-12-11,8,2025-12-12,Fulfilled
O04868,C0595,P022,W1,2026-02-05,7,,Backordered
O04869,C0709,P003,W2,2025-12-23,5,2026-01-03,Fulfilled
O04870,C0548,P001,W1,2026-06-25,9,2026-06-26,Fulfilled
O04871,C0646,P025,W3,2026-01-29,18,2026-02-01,Fulfilled
O04872,C0221,P007,W3,2025-12-27,22,2026-01-06,Fulfilled
O04873,C0346,P011,W2,2026-03-15,5,,Backordered
O04874,C0683,P002,W3,2026-06-04,6,,Backordered
O04875,C0486,P016,W3,2025-12-09,12,2025-12-10,Fulfilled
O04876,C0489,P021,W1,2026-08-09,8,2026-08-11,Fulfilled
O04877,C0613,P022,W2,2026-02-17,20,2026-02-24,Fulfilled
O04878,C0492,P015,W4,2026-04-30,6,,Backordered
O04879,C0102,P017,W1,2026-08-16,10,2026-08-17,Fulfilled
O04880,C0171,P013,W4,2026-02-05,14,2026-02-08,Fulfilled
O04881,C0623,P012,W4,2025-11-12,10,2025-11-14,Fulfilled
O04882,C0194,P014,W2,2026-05-31,15,2026-06-01,Fulfilled
O04883,C0532,P024,W2,2025-09-03,20,,Cancelled
O04884,C0380,P007,W1,2026-02-15,13,,Cancelled
O04885,C0496,P012,W3,2026-08-24,11,2026-08-26,Fulfilled
O04886,C0191,P016,W1,2026-01-30,23,2026-02-12,Fulfilled
O04887,C0249,P015,W4,2026-05-08,24,2026-05-11,Fulfilled
O04888,C0550,P001,W2,2026-03-11,24,2026-03-15,Fulfilled
O04889,C0138,P008,W4,2025-11-18,1,2025-11-19,Fulfilled
O04890,C0247,P017,W4,2025-12-25,21,2025-12-26,Fulfilled
O04891,C0798,P018,W2,2026-03-11,22,2026-03-12,Fulfilled
O04892,C0122,P019,W3,2025-10-09,20,2025-10-12,Fulfilled
O04893,C0462,P025,W1,2026-01-30,18,2026-02-06,Fulfilled
O04894,C0122,P017,W1,2026-01-30,9,2026-02-03,Fulfilled
O04895,C0566,P015,W3,2026-07-02,18,2026-07-06,Fulfilled
O04896,C0102,P009,W2,2025-10-16,14,2025-10-19,Fulfilled
O04897,C0459,P010,W2,2026-07-05,20,2026-07-08,Fulfilled
O04898,C0352,P021,W1,2026-01-28,9,2026-01-30,Fulfilled
O04899,C0553,P012,W4,2026-04-26,18,2026-04-27,Fulfilled
O04900,C0003,P018,W2,2026-03-23,19,2026-03-24,Fulfilled
O04901,C0413,P004,W2,2025-12-19,21,2025-12-20,Fulfilled
O04902,C0434,P004,W2,2026-08-06,5,2026-08-09,Fulfilled
O04903,C0193,P006,W2,2025-11-21,21,2025-11-24,Fulfilled
O04904,C0239,P005,W3,2025-09-14,6,2025-09-18,Fulfilled
O04905,C0565,P016,W4,2026-06-01,23,2026-06-07,Fulfilled
O04906,C0442,P016,W3,2026-04-15,1,2026-04-19,Fulfilled
O04907,C0463,P014,W1,2026-07-23,6,2026-07-26,Fulfilled
O04908,C0748,P008,W4,2026-02-15,15,2026-02-19,Fulfilled
O04909,C0324,P015,W2,2025-09-07,14,,Cancelled
O04910,C0695,P003,W1,2025-09-08,17,2025-09-16,Fulfilled
O04911,C0779,P012,W1,2026-02-06,10,2026-02-09,Fulfilled
O04912,C0461,P004,W4,2025-12-01,1,2025-12-04,Fulfilled
O04913,C0170,P002,W2,2026-08-03,15,2026-08-04,Fulfilled
O04914,C0335,P005,W1,2025-10-14,13,2025-10-15,Fulfilled
O04915,C0038,P003,W4,2026-07-19,13,2026-07-22,Fulfilled
O04916,C0558,P012,W2,2025-11-19,10,2025-11-20,Fulfilled
O04917,C0219,P014,W4,2025-10-14,22,2025-10-15,Fulfilled
O04918,C0738,P016,W4,2025-12-10,20,2025-12-11,Fulfilled
O04919,C0522,P011,W1,2025-10-23,5,2025-10-26,Fulfilled
O04920,C0392,P005,W3,2026-01-25,1,2026-02-03,Fulfilled
O04921,C0150,P001,W3,2025-12-30,5,2026-01-01,Fulfilled
O04922,C0080,P018,W1,2026-03-13,2,,Cancelled
O04923,C0538,P025,W2,2026-03-16,18,2026-03-19,Fulfilled
O04924,C0613,P008,W2,2025-09-01,15,2025-09-06,Fulfilled
O04925,C0213,P006,W1,2025-10-16,12,2025-10-19,Fulfilled
O04926,C0009,P008,W3,2025-10-30,15,2025-11-01,Fulfilled
O04927,C0256,P006,W2,2025-11-11,20,,Cancelled
O04928,C0611,P006,W4,2025-10-05,20,2025-10-07,Fulfilled
O04929,C0464,P013,W4,2025-12-24,11,2025-12-28,Fulfilled
O04930,C0068,P020,W3,2026-03-20,15,2026-03-23,Fulfilled
O04931,C0092,P018,W1,2025-12-22,14,2025-12-31,Fulfilled
O04932,C0086,P024,W1,2025-12-30,23,2025-12-31,Fulfilled
O04933,C0606,P009,W1,2026-02-19,19,2026-02-22,Fulfilled
O04934,C0625,P013,W2,2026-03-20,8,2026-03-22,Fulfilled
O04935,C0326,P010,W4,2025-12-30,22,2025-12-31,Fulfilled
O04936,C0551,P002,W1,2025-11-20,10,2025-12-01,Fulfilled
O04937,C0017,P010,W3,2026-01-28,19,2026-01-30,Fulfilled
O04938,C0449,P007,W1,2025-09-09,24,2025-09-18,Fulfilled
O04939,C0218,P012,W2,2026-02-27,20,2026-03-02,Fulfilled
O04940,C0656,P004,W3,2026-08-10,3,2026-08-13,Fulfilled
O04941,C0391,P019,W4,2026-01-24,5,2026-01-27,Fulfilled
O04942,C0681,P022,W4,2025-10-10,20,2025-10-14,Fulfilled
O04943,C0450,P025,W3,2026-05-17,3,2026-05-18,Fulfilled
O04944,C0366,P003,W1,2025-10-17,1,2025-10-19,Fulfilled
O04945,C0757,P003,W2,2025-11-10,7,2025-11-13,Fulfilled
O04946,C0797,P025,W4,2025-10-24,12,2025-10-25,Fulfilled
O04947,C0365,P022,W1,2026-07-20,4,2026-07-22,Fulfilled
O04948,C0286,P015,W3,2026-08-25,4,2026-08-27,Fulfilled
O04949,C0517,P009,W3,2026-03-27,9,2026-03-31,Fulfilled
O04950,C0138,P013,W4,2026-04-14,15,,Cancelled
O04951,C0309,P014,W1,2026-04-24,14,2026-04-25,Fulfilled
O04952,C0676,P022,W1,2026-04-11,20,,Cancelled
O04953,C0717,P014,W1,2026-03-18,24,2026-03-30,Fulfilled
O04954,C0333,P001,W2,2026-08-27,1,2026-08-28,Fulfilled
O04955,C0312,P018,W3,2026-05-26,17,2026-05-28,Fulfilled
O04956,C0699,P020,W1,2025-10-03,4,2025-10-07,Fulfilled
O04957,C0162,P008,W3,2026-01-22,9,2026-01-26,Fulfilled
O04958,C0049,P003,W1,2026-08-22,9,,Cancelled
O04959,C0059,P004,W3,2026-01-26,17,2026-01-27,Fulfilled
O04960,C0089,P022,W2,2025-11-14,7,2025-11-15,Fulfilled
O04961,C0703,P012,W4,2026-07-14,22,2026-07-15,Fulfilled
O04962,C0033,P014,W2,2026-04-16,10,2026-04-20,Fulfilled
O04963,C0266,P025,W4,2026-03-25,20,2026-03-26,Fulfilled
O04964,C0482,P002,W1,2026-02-01,23,2026-02-03,Fulfilled
O04965,C0487,P006,W1,2025-10-16,13,2025-10-20,Fulfilled
O04966,C0665,P021,W1,2026-01-19,3,2026-01-26,Fulfilled
O04967,C0784,P014,W2,2026-02-07,17,2026-02-11,Fulfilled
O04968,C0322,P001,W4,2026-08-06,11,2026-08-14,Fulfilled
O04969,C0187,P018,W1,2025-12-22,9,2025-12-24,Fulfilled
O04970,C0073,P004,W4,2025-10-25,11,2025-10-29,Fulfilled
O04971,C0713,P020,W3,2026-02-04,8,2026-02-07,Fulfilled
O04972,C0299,P020,W2,2026-08-30,7,2026-08-31,Fulfilled
O04973,C0718,P021,W2,2026-02-24,24,2026-02-27,Fulfilled
O04974,C0279,P012,W4,2026-01-17,7,2026-01-21,Fulfilled
O04975,C0605,P007,W3,2026-05-02,12,2026-05-06,Fulfilled
O04976,C0515,P023,W1,2026-04-25,18,2026-05-04,Fulfilled
O04977,C0570,P014,W4,2025-12-19,6,2025-12-20,Fulfilled
O04978,C0522,P016,W2,2026-08-20,15,2026-08-23,Fulfilled
O04979,C0246,P004,W1,2026-04-05,22,2026-04-08,Fulfilled
O04980,C0083,P016,W4,2025-09-22,20,,Backordered
O04981,C0009,P015,W4,2026-01-27,1,2026-01-29,Fulfilled
O04982,C0336,P008,W2,2026-08-03,10,2026-08-07,Fulfilled
O04983,C0713,P020,W3,2026-01-22,1,2026-01-25,Fulfilled
O04984,C0514,P004,W1,2026-03-27,15,2026-03-31,Fulfilled
O04985,C0539,P018,W4,2026-04-12,8,2026-04-22,Fulfilled
O04986,C0207,P025,W2,2026-05-16,22,2026-05-20,Fulfilled
O04987,C0389,P015,W2,2026-07-16,5,2026-07-17,Fulfilled
O04988,C0326,P003,W3,2025-10-25,21,2025-10-28,Fulfilled
O04989,C0109,P014,W2,2026-03-08,9,2026-03-11,Fulfilled
O04990,C0491,P014,W3,2026-03-14,23,2026-03-16,Fulfilled
O04991,C0291,P014,W3,2025-10-26,5,2025-10-27,Fulfilled
O04992,C0322,P007,W2,2026-05-04,7,2026-05-08,Fulfilled
O04993,C0477,P016,W4,2025-10-14,9,2025-10-15,Fulfilled
O04994,C0025,P007,W2,2026-02-14,24,,Backordered
O04995,C0749,P014,W4,2025-12-30,18,2025-12-31,Fulfilled
O04996,C0178,P015,W2,2025-10-27,20,2025-10-29,Fulfilled
O04997,C0543,P017,W3,2026-06-28,14,2026-07-02,Fulfilled
O04998,C0621,P020,W3,2025-11-29,20,2025-12-02,Fulfilled
O04999,C0124,P023,W4,2025-12-03,16,2025-12-08,Fulfilled
O05000,C0199,P020,W1,2026-07-09,17,2026-07-11,Fulfilled
O05001,C0330,P020,W1,2026-07-18,21,2026-07-19,Fulfilled
O05002,C0654,P022,W4,2025-09-13,24,2025-09-16,Fulfilled
O05003,C0509,P007,W4,2025-12-11,14,2025-12-17,Fulfilled
O05004,C0374,P008,W3,2026-05-17,11,2026-05-28,Fulfilled
O05005,C0679,P014,W2,2026-06-12,16,2026-06-13,Fulfilled
O05006,C0378,P012,W2,2026-08-31,18,2026-09-01,Fulfilled
O05007,C0708,P018,W3,2026-03-22,24,,Cancelled
O05008,C0616,P001,W3,2025-09-03,17,2025-09-07,Fulfilled
O05009,C0138,P004,W2,2026-07-16,23,2026-07-20,Fulfilled
O05010,C0307,P019,W1,2025-10-29,18,2025-11-07,Fulfilled
O05011,C0021,P021,W1,2025-10-15,23,2025-10-18,Fulfilled
O05012,C0191,P008,W2,2026-05-05,19,2026-05-15,Fulfilled
O05013,C0018,P008,W3,2026-04-09,22,2026-04-10,Fulfilled
O05014,C0084,P015,W2,2025-09-22,5,,Backordered
O05015,C0004,P012,W3,2025-11-01,24,2025-11-05,Fulfilled
O05016,C0537,P005,W2,2026-04-04,9,2026-04-06,Fulfilled
O05017,C0328,P013,W2,2025-12-03,20,2025-12-04,Fulfilled
O05018,C0376,P021,W3,2026-05-08,10,2026-05-10,Fulfilled
O05019,C0611,P019,W3,2026-01-29,11,,Backordered
O05020,C0647,P021,W4,2026-04-03,18,2026-04-07,Fulfilled
O05021,C0426,P017,W4,2026-02-21,13,,Backordered
O05022,C0366,P022,W2,2026-01-12,18,2026-01-15,Fulfilled
O05023,C0520,P007,W3,2026-01-03,2,2026-01-07,Fulfilled
O05024,C0332,P002,W2,2026-05-13,21,2026-05-17,Fulfilled
O05025,C0354,P003,W4,2026-03-07,10,2026-03-08,Fulfilled
O05026,C0239,P025,W3,2026-04-05,19,2026-04-07,Fulfilled
O05027,C0152,P017,W4,2026-03-30,7,,Backordered
O05028,C0160,P007,W2,2025-11-15,15,2025-11-17,Fulfilled
O05029,C0524,P022,W1,2026-07-31,15,,Backordered
O05030,C0664,P008,W1,2026-03-25,4,,Backordered
O05031,C0339,P015,W3,2026-05-21,12,2026-05-22,Fulfilled
O05032,C0077,P007,W4,2026-07-19,16,,Backordered
O05033,C0488,P003,W3,2026-08-04,21,2026-08-06,Fulfilled
O05034,C0721,P007,W4,2026-05-02,22,2026-05-03,Fulfilled
O05035,C0422,P006,W2,2026-06-15,10,,Cancelled
O05036,C0022,P014,W4,2026-02-20,16,2026-02-22,Fulfilled
O05037,C0066,P001,W4,2026-05-28,5,2026-05-30,Fulfilled
O05038,C0418,P006,W1,2025-12-27,22,2025-12-28,Fulfilled
O05039,C0689,P015,W4,2026-05-18,21,2026-05-20,Fulfilled
O05040,C0047,P010,W1,2025-10-02,24,2025-10-05,Fulfilled
O05041,C0603,P016,W3,2026-07-31,12,2026-08-03,Fulfilled
O05042,C0623,P017,W2,2025-11-29,9,2025-12-01,Fulfilled
O05043,C0042,P025,W2,2026-04-28,19,2026-05-01,Fulfilled
O05044,C0169,P021,W4,2025-09-05,18,2025-09-09,Fulfilled
O05045,C0004,P006,W3,2025-10-27,6,2025-10-31,Fulfilled
O05046,C0453,P018,W1,2026-08-27,13,2026-08-30,Fulfilled
O05047,C0140,P016,W1,2026-07-02,16,2026-07-03,Fulfilled
O05048,C0733,P015,W1,2025-11-21,11,2025-11-22,Fulfilled
O05049,C0073,P020,W2,2025-10-18,9,2025-10-19,Fulfilled
O05050,C0519,P004,W1,2026-06-25,6,,Backordered
O05051,C0629,P010,W2,2026-08-28,10,2026-08-31,Fulfilled
O05052,C0143,P021,W4,2025-11-01,6,2025-11-02,Fulfilled
O05053,C0202,P023,W4,2026-05-01,8,2026-05-02,Fulfilled
O05054,C0637,P001,W4,2025-12-13,5,2025-12-16,Fulfilled
O05055,C0075,P012,W2,2026-05-30,10,2026-06-01,Fulfilled
O05056,C0353,P007,W3,2026-01-31,16,2026-02-04,Fulfilled
O05057,C0200,P005,W4,2025-10-16,10,2025-10-17,Fulfilled
O05058,C0011,P002,W1,2025-12-28,4,2025-12-30,Fulfilled
O05059,C0361,P014,W4,2026-03-16,20,2026-03-22,Fulfilled
O05060,C0389,P017,W3,2026-06-19,11,2026-06-22,Fulfilled
O05061,C0278,P014,W2,2025-09-08,15,2025-09-09,Fulfilled
O05062,C0650,P010,W2,2026-08-16,13,2026-08-17,Fulfilled
O05063,C0077,P020,W2,2026-04-26,13,,Backordered
O05064,C0344,P017,W1,2026-07-17,11,2026-07-21,Fulfilled
O05065,C0145,P023,W1,2026-08-06,19,2026-08-09,Fulfilled
O05066,C0606,P009,W2,2025-10-27,21,2025-10-31,Fulfilled
O05067,C0445,P006,W1,2025-10-05,22,2025-10-09,Fulfilled
O05068,C0564,P012,W3,2026-06-11,11,2026-06-15,Fulfilled
O05069,C0086,P013,W2,2025-11-08,9,2025-11-12,Fulfilled
O05070,C0366,P012,W2,2025-10-25,2,2025-10-26,Fulfilled
O05071,C0041,P021,W1,2026-02-19,11,2026-02-20,Fulfilled
O05072,C0259,P002,W4,2026-07-31,24,2026-08-05,Fulfilled
O05073,C0756,P014,W3,2026-06-18,7,2026-06-21,Fulfilled
O05074,C0581,P011,W2,2026-03-09,21,2026-03-13,Fulfilled
O05075,C0063,P006,W3,2025-11-11,19,2025-11-12,Fulfilled
O05076,C0295,P017,W2,2026-01-01,16,2026-01-02,Fulfilled
O05077,C0696,P021,W1,2026-05-10,14,2026-05-20,Fulfilled
O05078,C0136,P014,W3,2025-10-28,19,2025-11-08,Fulfilled
O05079,C0605,P003,W4,2026-03-11,3,2026-03-15,Fulfilled
O05080,C0257,P002,W3,2025-09-05,4,2025-09-09,Fulfilled
O05081,C0382,P011,W3,2025-12-28,5,2025-12-31,Fulfilled
O05082,C0701,P017,W1,2025-11-30,19,2025-12-04,Fulfilled
O05083,C0538,P008,W3,2026-05-07,11,2026-05-09,Fulfilled
O05084,C0227,P008,W3,2026-07-31,5,2026-08-03,Fulfilled
O05085,C0008,P022,W2,2025-10-24,2,2025-10-30,Fulfilled
O05086,C0188,P001,W1,2026-06-19,12,2026-06-22,Fulfilled
O05087,C0334,P002,W4,2026-04-28,10,2026-04-30,Fulfilled
O05088,C0107,P004,W2,2026-08-20,5,2026-08-24,Fulfilled
O05089,C0705,P025,W2,2026-07-30,1,2026-08-01,Fulfilled
O05090,C0045,P013,W3,2025-10-07,19,2025-10-09,Fulfilled
O05091,C0432,P004,W2,2026-05-30,19,2026-06-01,Fulfilled
O05092,C0781,P008,W3,2026-04-05,6,2026-04-09,Fulfilled
O05093,C0268,P025,W3,2025-10-12,12,2025-10-16,Fulfilled
O05094,C0429,P018,W2,2025-12-03,7,2025-12-05,Fulfilled
O05095,C0059,P006,W1,2026-08-05,10,2026-08-09,Fulfilled
O05096,C0583,P007,W1,2026-03-18,3,2026-03-27,Fulfilled
O05097,C0782,P002,W4,2026-01-02,23,2026-01-11,Fulfilled
O05098,C0618,P020,W3,2025-12-26,18,2026-01-04,Fulfilled
O05099,C0120,P004,W2,2026-07-03,22,2026-07-05,Fulfilled
O05100,C0282,P008,W2,2025-12-13,8,2025-12-20,Fulfilled
O05101,C0579,P009,W3,2025-10-28,21,2025-10-30,Fulfilled
O05102,C0639,P016,W4,2026-03-29,13,2026-03-31,Fulfilled
O05103,C0323,P016,W4,2026-08-29,5,2026-08-31,Fulfilled
O05104,C0769,P020,W3,2025-11-06,8,2025-11-07,Fulfilled
O05105,C0163,P008,W2,2025-12-03,20,2025-12-04,Fulfilled
O05106,C0593,P010,W4,2026-02-19,19,2026-02-23,Fulfilled
O05107,C0397,P010,W4,2025-11-12,18,,Backordered
O05108,C0569,P002,W2,2026-04-26,6,2026-04-29,Fulfilled
O05109,C0477,P019,W4,2025-12-02,16,,Backordered
O05110,C0346,P014,W4,2025-10-17,23,2025-10-19,Fulfilled
O05111,C0652,P012,W4,2025-12-05,2,,Backordered
O05112,C0673,P025,W1,2026-08-06,8,2026-08-10,Fulfilled
O05113,C0653,P005,W1,2026-08-08,2,2026-08-12,Fulfilled
O05114,C0071,P025,W2,2026-03-04,3,2026-03-08,Fulfilled
O05115,C0339,P018,W4,2026-01-25,24,2026-01-28,Fulfilled
O05116,C0599,P006,W1,2026-06-27,6,2026-07-01,Fulfilled
O05117,C0693,P017,W1,2025-11-10,5,2025-11-12,Fulfilled
O05118,C0290,P019,W1,2026-04-27,2,2026-04-30,Fulfilled
O05119,C0592,P010,W1,2026-05-07,24,2026-05-14,Fulfilled
O05120,C0453,P009,W4,2026-05-18,12,2026-05-29,Fulfilled
O05121,C0177,P021,W3,2025-11-19,19,2025-11-21,Fulfilled
O05122,C0714,P005,W3,2026-05-20,7,2026-05-24,Fulfilled
O05123,C0356,P001,W2,2026-04-12,16,2026-04-15,Fulfilled
O05124,C0484,P017,W3,2026-07-17,22,,Backordered
O05125,C0231,P023,W4,2025-11-03,17,2025-11-06,Fulfilled
O05126,C0021,P013,W3,2026-04-12,13,2026-04-16,Fulfilled
O05127,C0362,P004,W4,2026-06-30,6,2026-07-02,Fulfilled
O05128,C0578,P014,W3,2025-12-11,6,2025-12-14,Fulfilled
O05129,C0262,P007,W2,2026-05-30,15,2026-06-03,Fulfilled
O05130,C0743,P021,W3,2025-10-07,11,2025-10-11,Fulfilled
O05131,C0600,P016,W4,2026-05-21,2,2026-05-23,Fulfilled
O05132,C0513,P009,W4,2026-04-10,5,2026-04-14,Fulfilled
O05133,C0645,P016,W2,2025-11-10,11,2025-11-13,Fulfilled
O05134,C0689,P017,W3,2025-09-25,5,2025-09-28,Fulfilled
O05135,C0577,P017,W4,2026-05-31,14,2026-06-03,Fulfilled
O05136,C0660,P010,W3,2025-11-28,8,2025-11-30,Fulfilled
O05137,C0570,P015,W3,2026-03-01,7,2026-03-03,Fulfilled
O05138,C0689,P002,W2,2025-09-23,3,2025-09-24,Fulfilled
O05139,C0083,P011,W4,2026-08-18,13,2026-08-22,Fulfilled
O05140,C0275,P010,W4,2026-03-20,5,2026-03-22,Fulfilled
O05141,C0710,P014,W1,2026-08-07,16,2026-08-15,Fulfilled
O05142,C0379,P024,W1,2025-10-29,23,2025-11-01,Fulfilled
O05143,C0012,P024,W1,2025-11-15,22,2025-11-18,Fulfilled
O05144,C0678,P013,W2,2026-04-11,17,,Backordered
O05145,C0524,P017,W1,2026-04-09,20,2026-04-13,Fulfilled
O05146,C0728,P003,W4,2026-06-16,23,2026-06-22,Fulfilled
O05147,C0013,P013,W4,2026-08-05,17,2026-08-09,Fulfilled
O05148,C0118,P018,W1,2026-06-27,7,,Backordered
O05149,C0408,P018,W4,2025-10-22,13,2025-11-03,Fulfilled
O05150,C0146,P025,W1,2025-12-22,21,2025-12-25,Fulfilled
O05151,C0417,P012,W4,2026-07-31,17,2026-08-05,Fulfilled
O05152,C0278,P023,W2,2026-03-20,9,2026-03-22,Fulfilled
O05153,C0168,P025,W1,2026-07-14,5,2026-07-18,Fulfilled
O05154,C0616,P015,W2,2026-03-25,4,2026-03-26,Fulfilled
O05155,C0032,P003,W4,2025-09-19,10,2025-09-20,Fulfilled
O05156,C0700,P010,W4,2026-02-20,20,2026-02-21,Fulfilled
O05157,C0123,P020,W1,2026-06-29,14,2026-07-05,Fulfilled
O05158,C0464,P015,W4,2026-04-28,2,2026-05-01,Fulfilled
O05159,C0793,P024,W2,2025-10-19,23,2025-10-23,Fulfilled
O05160,C0091,P021,W2,2025-11-16,10,,Backordered
O05161,C0741,P002,W1,2026-07-09,10,2026-07-11,Fulfilled
O05162,C0243,P022,W4,2026-08-24,20,2026-08-28,Fulfilled
O05163,C0593,P009,W4,2026-06-02,10,2026-06-08,Fulfilled
O05164,C0685,P021,W3,2025-10-06,15,2025-10-08,Fulfilled
O05165,C0186,P013,W3,2026-04-15,23,2026-04-18,Fulfilled
O05166,C0278,P012,W4,2026-06-30,13,2026-07-01,Fulfilled
O05167,C0688,P002,W1,2026-04-22,15,2026-04-29,Fulfilled
O05168,C0083,P003,W1,2026-04-05,9,2026-04-09,Fulfilled
O05169,C0087,P015,W1,2026-02-18,22,2026-02-21,Fulfilled
O05170,C0242,P015,W2,2025-11-29,2,2025-12-03,Fulfilled
O05171,C0482,P014,W2,2025-12-12,7,,Cancelled
O05172,C0645,P004,W1,2026-05-31,24,,Cancelled
O05173,C0450,P013,W3,2025-09-26,12,2025-09-30,Fulfilled
O05174,C0395,P002,W1,2025-10-01,5,2025-10-05,Fulfilled
O05175,C0696,P004,W4,2026-01-23,10,2026-02-03,Fulfilled
O05176,C0138,P013,W3,2026-06-10,7,2026-06-14,Fulfilled
O05177,C0721,P016,W4,2026-04-28,13,2026-05-01,Fulfilled
O05178,C0250,P017,W1,2026-04-04,6,2026-04-08,Fulfilled
O05179,C0221,P025,W4,2026-03-14,10,2026-03-15,Fulfilled
O05180,C0762,P022,W3,2025-10-11,22,2025-10-13,Fulfilled
O05181,C0517,P010,W4,2025-12-31,2,2026-01-02,Fulfilled
O05182,C0346,P020,W3,2025-09-30,19,2025-10-01,Fulfilled
O05183,C0264,P003,W3,2026-06-04,2,2026-06-07,Fulfilled
O05184,C0353,P022,W1,2026-06-02,11,2026-06-03,Fulfilled
O05185,C0633,P010,W3,2025-12-04,17,2025-12-05,Fulfilled
O05186,C0123,P020,W2,2025-12-16,23,2025-12-20,Fulfilled
O05187,C0140,P025,W4,2025-12-25,7,2025-12-26,Fulfilled
O05188,C0244,P018,W3,2026-07-22,2,,Backordered
O05189,C0386,P024,W1,2026-02-26,19,2026-02-27,Fulfilled
O05190,C0651,P001,W4,2026-06-06,22,2026-06-08,Fulfilled
O05191,C0169,P005,W1,2026-02-11,14,2026-02-12,Fulfilled
O05192,C0629,P016,W2,2026-05-13,2,2026-05-14,Fulfilled
O05193,C0726,P014,W1,2026-03-12,13,2026-03-16,Fulfilled
O05194,C0348,P004,W4,2025-12-11,10,2025-12-12,Fulfilled
O05195,C0769,P018,W1,2026-07-17,11,2026-07-21,Fulfilled
O05196,C0715,P002,W4,2026-05-17,2,2026-05-20,Fulfilled
O05197,C0637,P025,W1,2026-06-08,8,2026-06-10,Fulfilled
O05198,C0304,P004,W3,2026-08-13,24,2026-08-17,Fulfilled
O05199,C0241,P012,W1,2025-11-30,2,2025-12-02,Fulfilled
O05200,C0691,P021,W2,2025-10-04,22,2025-10-06,Fulfilled
O05201,C0353,P013,W3,2026-04-01,13,2026-04-03,Fulfilled
O05202,C0026,P019,W3,2025-12-29,15,2026-01-01,Fulfilled
O05203,C0574,P018,W4,2026-02-07,23,2026-02-11,Fulfilled
O05204,C0278,P024,W4,2025-11-25,6,2025-11-28,Fulfilled
O05205,C0748,P012,W3,2026-01-24,24,2026-01-26,Fulfilled
O05206,C0684,P025,W2,2026-01-22,7,2026-01-26,Fulfilled
O05207,C0084,P013,W2,2026-01-06,9,2026-01-09,Fulfilled
O05208,C0721,P023,W4,2026-05-29,11,2026-06-02,Fulfilled
O05209,C0759,P019,W3,2026-04-05,15,2026-04-10,Fulfilled
O05210,C0605,P004,W4,2026-02-21,8,2026-03-03,Fulfilled
O05211,C0221,P017,W2,2025-10-12,20,2025-10-16,Fulfilled
O05212,C0536,P022,W2,2026-03-28,1,2026-03-31,Fulfilled
O05213,C0694,P004,W4,2025-11-03,16,2025-11-05,Fulfilled
O05214,C0652,P021,W3,2025-12-24,16,2025-12-28,Fulfilled
O05215,C0345,P003,W1,2026-01-30,13,2026-01-31,Fulfilled
O05216,C0566,P022,W3,2025-10-22,15,2025-10-26,Fulfilled
O05217,C0309,P020,W1,2026-01-21,18,,Cancelled
O05218,C0204,P004,W4,2025-12-07,22,2025-12-10,Fulfilled
O05219,C0538,P019,W1,2026-07-08,6,2026-07-09,Fulfilled
O05220,C0373,P003,W4,2026-07-11,12,2026-07-12,Fulfilled
O05221,C0180,P015,W4,2025-09-02,14,2025-09-05,Fulfilled
O05222,C0528,P024,W1,2026-04-08,9,2026-04-11,Fulfilled
O05223,C0258,P006,W3,2026-04-22,24,,Cancelled
O05224,C0470,P005,W1,2026-01-16,13,2026-01-19,Fulfilled
O05225,C0289,P011,W2,2026-02-19,15,2026-02-22,Fulfilled
O05226,C0708,P010,W2,2026-06-16,5,2026-06-26,Fulfilled
O05227,C0680,P002,W3,2026-01-16,10,,Backordered
O05228,C0379,P012,W4,2025-09-24,16,2025-09-28,Fulfilled
O05229,C0568,P007,W2,2026-01-14,11,,Backordered
O05230,C0143,P004,W2,2025-12-02,19,2025-12-03,Fulfilled
O05231,C0797,P007,W1,2026-01-18,4,2026-01-22,Fulfilled
O05232,C0172,P001,W4,2025-11-23,4,2025-11-27,Fulfilled
O05233,C0693,P023,W2,2025-10-25,9,2025-11-01,Fulfilled
O05234,C0676,P025,W2,2026-08-26,8,2026-08-28,Fulfilled
O05235,C0143,P010,W1,2025-10-18,20,2025-10-22,Fulfilled
O05236,C0007,P022,W2,2026-05-16,21,2026-05-17,Fulfilled
O05237,C0589,P012,W3,2026-05-20,12,2026-05-22,Fulfilled
O05238,C0695,P023,W4,2026-04-14,13,,Backordered
O05239,C0573,P005,W2,2026-07-30,8,2026-08-02,Fulfilled
O05240,C0045,P008,W3,2025-09-02,13,2025-09-05,Fulfilled
O05241,C0516,P019,W4,2025-12-20,17,2025-12-22,Fulfilled
O05242,C0313,P006,W2,2025-11-07,18,2025-11-11,Fulfilled
O05243,C0732,P021,W2,2026-03-30,24,2026-04-02,Fulfilled
O05244,C0640,P011,W1,2026-04-20,14,2026-04-23,Fulfilled
O05245,C0639,P011,W4,2026-07-25,9,2026-07-29,Fulfilled
O05246,C0326,P012,W1,2026-01-17,2,2026-01-18,Fulfilled
O05247,C0258,P020,W1,2025-11-26,17,2025-12-06,Fulfilled
O05248,C0658,P001,W1,2026-08-04,20,2026-08-08,Fulfilled
O05249,C0093,P019,W3,2026-05-04,14,2026-05-07,Fulfilled
O05250,C0081,P020,W2,2026-06-07,23,2026-06-10,Fulfilled
O05251,C0050,P021,W3,2026-02-10,8,,Cancelled
O05252,C0409,P025,W3,2026-02-11,2,2026-02-13,Fulfilled
O05253,C0061,P020,W1,2026-01-21,16,2026-01-24,Fulfilled
O05254,C0466,P014,W2,2026-06-01,3,2026-06-12,Fulfilled
O05255,C0134,P012,W1,2025-11-16,3,2025-11-18,Fulfilled
O05256,C0712,P010,W1,2026-08-23,17,2026-08-24,Fulfilled
O05257,C0346,P021,W2,2025-11-04,11,2025-11-06,Fulfilled
O05258,C0075,P010,W2,2026-02-16,15,2026-02-17,Fulfilled
O05259,C0555,P015,W1,2025-12-24,18,2025-12-28,Fulfilled
O05260,C0271,P003,W2,2026-04-23,10,2026-04-26,Fulfilled
O05261,C0210,P008,W2,2026-05-07,15,2026-05-08,Fulfilled
O05262,C0527,P007,W4,2026-08-02,13,2026-08-05,Fulfilled
O05263,C0764,P011,W3,2026-06-16,14,2026-06-19,Fulfilled
O05264,C0783,P013,W2,2025-11-30,17,2025-12-08,Fulfilled
O05265,C0348,P018,W2,2025-11-15,10,2025-11-18,Fulfilled
O05266,C0678,P011,W1,2026-07-21,13,2026-07-25,Fulfilled
O05267,C0168,P004,W2,2026-02-26,15,2026-03-02,Fulfilled
O05268,C0677,P014,W3,2025-10-06,4,2025-10-08,Fulfilled
O05269,C0753,P002,W1,2026-06-29,6,2026-06-30,Fulfilled
O05270,C0414,P022,W4,2026-04-25,3,2026-04-29,Fulfilled
O05271,C0418,P020,W3,2025-09-10,5,2025-09-13,Fulfilled
O05272,C0451,P006,W4,2026-06-13,11,2026-06-14,Fulfilled
O05273,C0059,P007,W2,2026-04-10,23,,Cancelled
O05274,C0687,P001,W4,2026-04-13,23,2026-04-14,Fulfilled
O05275,C0590,P010,W2,2026-07-13,19,2026-07-14,Fulfilled
O05276,C0695,P001,W4,2026-02-28,14,2026-03-01,Fulfilled
O05277,C0093,P024,W3,2026-02-16,5,2026-02-18,Fulfilled
O05278,C0642,P004,W3,2026-04-14,9,2026-04-15,Fulfilled
O05279,C0290,P017,W1,2025-11-12,19,2025-11-16,Fulfilled
O05280,C0655,P015,W4,2025-10-26,22,2025-10-28,Fulfilled
O05281,C0795,P006,W1,2026-07-05,24,2026-07-08,Fulfilled
O05282,C0703,P021,W1,2025-11-18,10,2025-11-22,Fulfilled
O05283,C0732,P003,W2,2026-03-04,12,2026-03-08,Fulfilled
O05284,C0091,P023,W4,2025-12-08,13,2025-12-12,Fulfilled
O05285,C0263,P019,W4,2025-11-24,2,2025-11-25,Fulfilled
O05286,C0234,P016,W4,2026-04-07,3,2026-04-10,Fulfilled
O05287,C0411,P022,W3,2026-06-20,2,2026-06-24,Fulfilled
O05288,C0780,P011,W4,2026-02-09,18,2026-02-10,Fulfilled
O05289,C0548,P008,W2,2025-10-21,6,2025-10-25,Fulfilled
O05290,C0436,P004,W2,2025-11-29,17,2025-12-03,Fulfilled
O05291,C0644,P024,W1,2025-10-31,10,2025-11-04,Fulfilled
O05292,C0141,P011,W4,2026-07-20,20,2026-07-22,Fulfilled
O05293,C0528,P021,W2,2025-12-26,3,2025-12-27,Fulfilled
O05294,C0402,P009,W1,2026-01-15,8,2026-01-18,Fulfilled
O05295,C0163,P024,W2,2025-09-26,5,2025-09-29,Fulfilled
O05296,C0516,P022,W3,2026-02-10,11,2026-02-13,Fulfilled
O05297,C0672,P008,W2,2026-07-31,14,2026-08-02,Fulfilled
O05298,C0662,P013,W2,2026-01-28,5,2026-02-06,Fulfilled
O05299,C0674,P020,W2,2026-04-26,17,2026-04-30,Fulfilled
O05300,C0649,P006,W3,2025-11-06,24,2025-11-09,Fulfilled
O05301,C0375,P001,W3,2025-10-23,2,2025-10-27,Fulfilled
O05302,C0040,P008,W3,2026-05-26,3,2026-05-30,Fulfilled
O05303,C0772,P015,W1,2025-09-24,23,2025-09-26,Fulfilled
O05304,C0363,P004,W2,2026-02-11,16,2026-02-13,Fulfilled
O05305,C0506,P009,W3,2025-12-25,23,2025-12-29,Fulfilled
O05306,C0017,P023,W1,2025-09-06,17,2025-09-09,Fulfilled
O05307,C0711,P002,W1,2026-03-13,18,2026-03-16,Fulfilled
O05308,C0710,P002,W2,2026-08-18,4,2026-08-22,Fulfilled
O05309,C0742,P011,W3,2025-09-26,13,2025-09-27,Fulfilled
O05310,C0139,P001,W3,2026-06-25,9,2026-07-05,Fulfilled
O05311,C0674,P001,W1,2026-03-16,21,2026-03-17,Fulfilled
O05312,C0500,P005,W3,2026-05-23,2,2026-06-02,Fulfilled
O05313,C0117,P003,W1,2025-10-06,1,2025-10-08,Fulfilled
O05314,C0456,P021,W3,2026-07-15,14,2026-07-17,Fulfilled
O05315,C0381,P004,W3,2025-09-05,24,2025-09-06,Fulfilled
O05316,C0500,P014,W1,2026-07-28,24,,Backordered
O05317,C0067,P018,W2,2026-04-29,15,2026-05-01,Fulfilled
O05318,C0451,P016,W4,2026-01-02,11,2026-01-04,Fulfilled
O05319,C0542,P017,W2,2025-09-03,7,2025-09-07,Fulfilled
O05320,C0572,P009,W3,2026-04-11,24,2026-04-13,Fulfilled
O05321,C0615,P023,W3,2025-10-02,5,2025-10-11,Fulfilled
O05322,C0501,P002,W1,2026-04-11,4,2026-04-20,Fulfilled
O05323,C0561,P003,W4,2026-06-10,13,2026-06-14,Fulfilled
O05324,C0073,P022,W2,2025-12-07,10,2025-12-11,Fulfilled
O05325,C0638,P002,W4,2025-11-27,12,2025-12-01,Fulfilled
O05326,C0294,P005,W2,2025-11-21,22,2025-11-25,Fulfilled
O05327,C0438,P005,W3,2025-11-22,7,2025-11-25,Fulfilled
O05328,C0437,P001,W2,2025-10-12,22,2025-10-15,Fulfilled
O05329,C0780,P003,W4,2025-12-01,6,2025-12-05,Fulfilled
O05330,C0260,P015,W1,2026-04-29,8,2026-05-08,Fulfilled
O05331,C0308,P017,W4,2025-12-20,1,2025-12-23,Fulfilled
O05332,C0608,P003,W1,2026-06-13,17,2026-06-16,Fulfilled
O05333,C0507,P024,W4,2026-06-27,21,2026-06-28,Fulfilled
O05334,C0255,P003,W1,2026-06-05,22,2026-06-09,Fulfilled
O05335,C0276,P018,W1,2026-03-16,5,2026-03-20,Fulfilled
O05336,C0663,P021,W1,2025-12-25,19,2025-12-26,Fulfilled
O05337,C0668,P014,W3,2026-08-06,4,2026-08-08,Fulfilled
O05338,C0118,P013,W2,2025-11-14,16,2025-11-15,Fulfilled
O05339,C0320,P003,W3,2026-02-17,17,2026-02-19,Fulfilled
O05340,C0615,P007,W4,2026-02-13,4,2026-02-20,Fulfilled
O05341,C0095,P022,W1,2026-05-31,3,2026-06-02,Fulfilled
O05342,C0147,P009,W3,2026-03-19,2,2026-03-21,Fulfilled
O05343,C0127,P001,W3,2026-06-19,18,2026-06-23,Fulfilled
O05344,C0422,P019,W2,2026-08-02,15,2026-08-04,Fulfilled
O05345,C0361,P018,W4,2026-01-21,3,2026-01-25,Fulfilled
O05346,C0257,P002,W3,2026-07-17,13,,Backordered
O05347,C0109,P002,W1,2025-11-01,20,2025-11-03,Fulfilled
O05348,C0510,P003,W3,2026-08-01,6,2026-08-04,Fulfilled
O05349,C0646,P002,W2,2025-11-04,15,2025-11-06,Fulfilled
O05350,C0170,P016,W1,2026-07-08,8,2026-07-10,Fulfilled
O05351,C0533,P004,W4,2026-01-21,7,2026-01-25,Fulfilled
O05352,C0636,P016,W1,2026-08-19,10,2026-08-21,Fulfilled
O05353,C0446,P005,W1,2025-10-18,9,2025-10-19,Fulfilled
O05354,C0459,P025,W1,2026-02-17,12,2026-02-19,Fulfilled
O05355,C0134,P019,W4,2026-07-27,5,2026-07-30,Fulfilled
O05356,C0765,P010,W3,2025-09-18,10,2025-09-28,Fulfilled
O05357,C0765,P011,W4,2025-12-06,15,2025-12-17,Fulfilled
O05358,C0569,P002,W2,2025-10-01,10,2025-10-09,Fulfilled
O05359,C0722,P002,W1,2025-12-27,16,2025-12-28,Fulfilled
O05360,C0486,P014,W2,2026-01-21,3,2026-01-24,Fulfilled
O05361,C0529,P001,W1,2026-04-14,4,2026-04-15,Fulfilled
O05362,C0663,P016,W3,2025-12-04,21,2025-12-08,Fulfilled
O05363,C0031,P010,W2,2025-10-28,12,2025-10-29,Fulfilled
O05364,C0176,P004,W4,2025-11-02,15,,Backordered
O05365,C0163,P014,W2,2026-08-09,18,2026-08-10,Fulfilled
O05366,C0506,P014,W2,2026-08-14,4,2026-08-16,Fulfilled
O05367,C0194,P019,W4,2025-11-20,24,2025-11-24,Fulfilled
O05368,C0312,P005,W3,2025-11-11,11,2025-11-14,Fulfilled
O05369,C0395,P014,W1,2025-09-20,22,2025-09-23,Fulfilled
O05370,C0595,P022,W2,2026-08-17,11,2026-08-18,Fulfilled
O05371,C0414,P007,W2,2026-05-16,10,2026-05-18,Fulfilled
O05372,C0020,P021,W3,2026-06-05,15,2026-06-15,Fulfilled
O05373,C0549,P019,W3,2025-12-16,5,2025-12-19,Fulfilled
O05374,C0342,P011,W3,2026-04-22,15,,Cancelled
O05375,C0091,P023,W4,2025-09-22,24,2025-09-26,Fulfilled
O05376,C0521,P025,W3,2026-05-05,16,2026-05-14,Fulfilled
O05377,C0216,P006,W2,2026-03-31,2,2026-04-02,Fulfilled
O05378,C0369,P025,W1,2025-12-30,17,,Cancelled
O05379,C0774,P001,W3,2026-05-18,1,2026-05-21,Fulfilled
O05380,C0191,P004,W2,2026-04-24,3,2026-04-26,Fulfilled
O05381,C0708,P002,W2,2026-02-08,7,2026-02-11,Fulfilled
O05382,C0372,P010,W4,2025-11-08,8,2025-11-11,Fulfilled
O05383,C0746,P024,W4,2025-09-09,1,2025-09-12,Fulfilled
O05384,C0679,P016,W2,2026-08-09,1,2026-08-18,Fulfilled
O05385,C0665,P016,W3,2025-12-12,19,2025-12-15,Fulfilled
O05386,C0166,P003,W4,2025-12-20,11,2025-12-23,Fulfilled
O05387,C0632,P013,W1,2026-05-07,5,2026-05-09,Fulfilled
O05388,C0294,P010,W2,2025-12-03,11,2025-12-07,Fulfilled
O05389,C0728,P012,W3,2026-01-16,17,2026-01-18,Fulfilled
O05390,C0792,P007,W2,2026-05-18,18,2026-05-21,Fulfilled
O05391,C0489,P006,W4,2026-04-06,7,2026-04-14,Fulfilled
O05392,C0730,P024,W2,2026-04-28,5,2026-04-30,Fulfilled
O05393,C0427,P014,W1,2025-09-02,24,2025-09-03,Fulfilled
O05394,C0028,P011,W2,2026-02-12,16,2026-02-13,Fulfilled
O05395,C0699,P002,W2,2026-02-21,24,2026-02-27,Fulfilled
O05396,C0424,P020,W4,2026-04-19,8,2026-04-20,Fulfilled
O05397,C0036,P012,W1,2025-10-26,3,2025-10-29,Fulfilled
O05398,C0053,P010,W1,2025-10-29,10,2025-11-04,Fulfilled
O05399,C0578,P017,W1,2026-06-06,8,2026-06-07,Fulfilled
O05400,C0739,P004,W3,2026-05-04,18,,Backordered
O05401,C0558,P014,W4,2026-06-24,18,2026-06-26,Fulfilled
O05402,C0353,P022,W3,2025-12-08,2,2025-12-10,Fulfilled
O05403,C0246,P012,W4,2026-08-31,15,2026-09-04,Fulfilled
O05404,C0335,P001,W4,2025-12-09,9,2025-12-12,Fulfilled
O05405,C0258,P006,W3,2026-04-26,15,2026-04-29,Fulfilled
O05406,C0219,P002,W3,2025-10-30,10,2025-11-07,Fulfilled
O05407,C0103,P013,W1,2026-08-02,13,2026-08-06,Fulfilled
O05408,C0455,P010,W4,2025-12-31,18,2026-01-02,Fulfilled
O05409,C0175,P004,W4,2026-06-20,8,2026-06-21,Fulfilled
O05410,C0116,P018,W4,2025-12-30,5,2026-01-02,Fulfilled
O05411,C0221,P005,W4,2026-06-16,17,2026-06-17,Fulfilled
O05412,C0639,P009,W2,2026-02-13,23,2026-02-19,Fulfilled
O05413,C0458,P025,W1,2025-09-23,11,2025-09-27,Fulfilled
O05414,C0393,P002,W4,2025-11-09,24,2025-11-12,Fulfilled
O05415,C0473,P007,W2,2026-05-08,5,2026-05-11,Fulfilled
O05416,C0453,P008,W4,2025-11-10,20,2025-11-19,Fulfilled
O05417,C0398,P013,W3,2025-12-10,24,2025-12-13,Fulfilled
O05418,C0672,P007,W2,2026-03-17,8,2026-03-19,Fulfilled
O05419,C0584,P025,W2,2025-12-02,4,2025-12-03,Fulfilled
O05420,C0148,P001,W3,2025-10-18,16,2025-10-20,Fulfilled
O05421,C0653,P024,W2,2026-04-16,21,2026-04-20,Fulfilled
O05422,C0140,P014,W2,2026-05-10,2,2026-05-23,Fulfilled
O05423,C0063,P001,W1,2026-05-26,16,2026-05-27,Fulfilled
O05424,C0337,P003,W3,2026-08-11,21,2026-08-14,Fulfilled
O05425,C0314,P003,W1,2025-10-16,1,2025-10-18,Fulfilled
O05426,C0629,P008,W1,2026-02-03,13,2026-02-06,Fulfilled
O05427,C0556,P009,W1,2025-11-25,2,2025-12-03,Fulfilled
O05428,C0047,P017,W3,2026-07-26,5,2026-07-27,Fulfilled
O05429,C0399,P008,W1,2026-03-17,12,2026-03-18,Fulfilled
O05430,C0636,P019,W2,2025-10-06,8,2025-10-15,Fulfilled
O05431,C0586,P008,W1,2026-05-11,3,2026-05-12,Fulfilled
O05432,C0401,P007,W3,2025-09-16,20,2025-09-18,Fulfilled
O05433,C0492,P007,W1,2025-12-10,5,2025-12-19,Fulfilled
O05434,C0449,P009,W1,2026-05-22,21,2026-05-26,Fulfilled
O05435,C0185,P021,W2,2026-03-04,5,2026-03-07,Fulfilled
O05436,C0451,P007,W3,2026-06-05,13,2026-06-06,Fulfilled
O05437,C0540,P007,W1,2026-03-28,18,2026-04-02,Fulfilled
O05438,C0045,P024,W2,2026-07-05,12,2026-07-07,Fulfilled
O05439,C0556,P017,W4,2026-03-25,11,2026-03-26,Fulfilled
O05440,C0200,P005,W3,2025-09-21,19,2025-09-25,Fulfilled
O05441,C0007,P022,W4,2025-09-27,1,,Cancelled
O05442,C0604,P005,W2,2026-06-11,20,2026-06-13,Fulfilled
O05443,C0312,P005,W4,2025-09-15,17,2025-09-21,Fulfilled
O05444,C0330,P012,W1,2026-01-16,19,2026-01-18,Fulfilled
O05445,C0499,P018,W3,2025-09-06,11,2025-09-08,Fulfilled
O05446,C0448,P005,W2,2025-12-20,10,2025-12-23,Fulfilled
O05447,C0496,P019,W1,2026-04-06,14,2026-04-10,Fulfilled
O05448,C0755,P004,W4,2025-11-03,16,2025-11-05,Fulfilled
O05449,C0521,P020,W3,2026-02-18,23,2026-02-19,Fulfilled
O05450,C0037,P003,W1,2026-08-30,21,,Cancelled
O05451,C0178,P012,W1,2025-09-26,2,2025-09-28,Fulfilled
O05452,C0360,P017,W3,2025-09-24,4,2025-09-25,Fulfilled
O05453,C0378,P007,W3,2025-12-09,23,2025-12-12,Fulfilled
O05454,C0289,P016,W1,2026-06-29,10,2026-07-03,Fulfilled
O05455,C0148,P018,W4,2026-01-27,14,2026-01-29,Fulfilled
O05456,C0086,P017,W3,2026-04-22,2,2026-04-24,Fulfilled
O05457,C0116,P010,W2,2025-09-13,3,2025-09-15,Fulfilled
O05458,C0760,P020,W1,2026-05-27,10,2026-05-31,Fulfilled
O05459,C0317,P019,W2,2025-09-25,18,2025-09-29,Fulfilled
O05460,C0769,P009,W2,2026-05-18,19,2026-05-22,Fulfilled
O05461,C0268,P019,W1,2025-10-24,22,2025-10-25,Fulfilled
O05462,C0249,P023,W2,2026-07-11,5,2026-07-15,Fulfilled
O05463,C0392,P021,W1,2025-12-18,5,2025-12-20,Fulfilled
O05464,C0757,P019,W1,2025-11-07,14,2025-11-18,Fulfilled
O05465,C0450,P020,W1,2026-01-01,14,2026-01-05,Fulfilled
O05466,C0029,P021,W2,2025-09-01,1,2025-09-04,Fulfilled
O05467,C0217,P008,W2,2025-10-31,11,2025-11-04,Fulfilled
O05468,C0784,P019,W2,2026-04-07,22,2026-04-08,Fulfilled
O05469,C0124,P005,W3,2025-12-19,4,2025-12-22,Fulfilled
O05470,C0668,P009,W3,2026-01-08,20,2026-01-09,Fulfilled
O05471,C0742,P024,W1,2026-06-22,11,2026-06-25,Fulfilled
O05472,C0172,P008,W4,2025-10-16,13,2025-10-18,Fulfilled
O05473,C0447,P022,W3,2026-01-23,16,,Backordered
O05474,C0480,P011,W2,2025-11-07,17,2025-11-09,Fulfilled
O05475,C0635,P006,W1,2026-02-24,16,2026-02-28,Fulfilled
O05476,C0638,P003,W4,2025-12-31,3,2026-01-02,Fulfilled
O05477,C0049,P014,W3,2025-09-17,8,2025-09-18,Fulfilled
O05478,C0256,P012,W2,2025-09-26,21,2025-09-29,Fulfilled
O05479,C0752,P013,W1,2026-07-09,1,2026-07-10,Fulfilled
O05480,C0283,P002,W1,2025-09-21,18,2025-09-24,Fulfilled
O05481,C0197,P007,W2,2026-06-13,13,2026-06-15,Fulfilled
O05482,C0503,P001,W1,2026-08-01,3,2026-08-05,Fulfilled
O05483,C0157,P008,W1,2026-02-18,3,2026-02-26,Fulfilled
O05484,C0118,P024,W2,2025-12-23,24,2025-12-25,Fulfilled
O05485,C0638,P004,W1,2026-06-11,1,2026-06-14,Fulfilled
O05486,C0095,P018,W2,2026-08-25,1,2026-08-29,Fulfilled
O05487,C0712,P001,W4,2025-10-14,1,,Backordered
O05488,C0200,P015,W4,2026-08-18,16,2026-08-21,Fulfilled
O05489,C0086,P024,W1,2026-08-11,23,2026-08-13,Fulfilled
O05490,C0593,P009,W3,2025-10-23,5,2025-10-27,Fulfilled
O05491,C0142,P005,W4,2025-09-20,20,2025-09-23,Fulfilled
O05492,C0293,P015,W3,2026-05-19,18,2026-05-23,Fulfilled
O05493,C0281,P007,W2,2025-09-29,6,2025-10-01,Fulfilled
O05494,C0406,P023,W2,2026-04-08,2,2026-04-10,Fulfilled
O05495,C0379,P022,W1,2025-09-24,12,2025-09-28,Fulfilled
O05496,C0157,P017,W2,2026-05-11,2,2026-05-12,Fulfilled
O05497,C0188,P016,W4,2025-11-24,3,2025-11-27,Fulfilled
O05498,C0156,P016,W3,2025-10-06,12,2025-10-10,Fulfilled
O05499,C0045,P019,W2,2025-09-25,20,2025-09-29,Fulfilled
O05500,C0520,P012,W1,2025-11-08,24,2025-11-11,Fulfilled
O05501,C0377,P025,W4,2026-03-17,16,2026-03-19,Fulfilled
O05502,C0087,P009,W1,2025-09-28,7,2025-10-02,Fulfilled
O05503,C0265,P001,W3,2026-06-20,8,2026-06-25,Fulfilled
O05504,C0534,P018,W2,2026-04-09,15,2026-04-13,Fulfilled
O05505,C0228,P017,W2,2025-12-18,5,2025-12-19,Fulfilled
O05506,C0321,P025,W1,2026-08-27,13,2026-08-30,Fulfilled
O05507,C0595,P010,W2,2026-04-29,19,2026-05-01,Fulfilled
O05508,C0537,P011,W3,2026-05-04,21,2026-05-08,Fulfilled
O05509,C0560,P015,W2,2025-11-03,2,2025-11-06,Fulfilled
O05510,C0306,P010,W1,2026-05-18,7,2026-05-22,Fulfilled
O05511,C0387,P020,W2,2026-03-24,7,2026-03-28,Fulfilled
O05512,C0676,P011,W1,2026-08-26,14,2026-08-30,Fulfilled
O05513,C0697,P020,W2,2026-02-22,5,2026-02-23,Fulfilled
O05514,C0045,P011,W4,2026-05-06,23,2026-05-08,Fulfilled
O05515,C0670,P006,W4,2026-01-03,23,2026-01-05,Fulfilled
O05516,C0714,P025,W4,2025-09-15,8,2025-09-16,Fulfilled
O05517,C0754,P014,W1,2025-10-17,10,2025-10-18,Fulfilled
O05518,C0215,P018,W2,2026-07-14,11,2026-07-15,Fulfilled
O05519,C0401,P015,W1,2026-05-28,2,2026-06-01,Fulfilled
O05520,C0034,P009,W2,2026-01-12,22,2026-01-14,Fulfilled
O05521,C0088,P025,W3,2026-05-13,19,2026-05-17,Fulfilled
O05522,C0450,P010,W4,2025-09-02,8,2025-09-06,Fulfilled
O05523,C0165,P025,W2,2025-09-14,14,2025-09-15,Fulfilled
O05524,C0180,P011,W1,2026-03-05,10,2026-03-09,Fulfilled
O05525,C0238,P001,W2,2026-04-17,6,2026-04-25,Fulfilled
O05526,C0367,P001,W2,2026-08-09,8,2026-08-11,Fulfilled
O05527,C0123,P025,W3,2026-06-05,3,2026-06-09,Fulfilled
O05528,C0642,P014,W1,2025-12-03,20,2025-12-12,Fulfilled
O05529,C0534,P010,W3,2026-06-25,16,2026-06-29,Fulfilled
O05530,C0633,P021,W2,2026-02-27,23,2026-03-02,Fulfilled
O05531,C0740,P016,W3,2026-06-29,1,2026-07-06,Fulfilled
O05532,C0480,P017,W4,2025-11-03,16,2025-11-07,Fulfilled
O05533,C0289,P018,W1,2025-09-10,14,2025-09-14,Fulfilled
O05534,C0782,P005,W4,2025-09-22,15,2025-09-29,Fulfilled
O05535,C0453,P003,W1,2026-08-28,24,2026-08-30,Fulfilled
O05536,C0371,P019,W4,2025-09-30,10,2025-10-01,Fulfilled
O05537,C0333,P001,W2,2026-08-09,4,2026-08-12,Fulfilled
O05538,C0032,P018,W3,2026-05-24,1,2026-05-26,Fulfilled
O05539,C0764,P004,W4,2025-10-24,12,2025-10-25,Fulfilled
O05540,C0655,P007,W3,2026-07-13,5,2026-07-16,Fulfilled
O05541,C0559,P018,W2,2025-10-23,4,2025-10-24,Fulfilled
O05542,C0177,P016,W4,2025-10-23,4,2025-10-26,Fulfilled
O05543,C0742,P020,W2,2026-03-30,7,2026-03-31,Fulfilled
O05544,C0141,P016,W3,2025-12-15,3,2025-12-19,Fulfilled
O05545,C0194,P002,W3,2025-12-16,12,2025-12-20,Fulfilled
O05546,C0056,P021,W2,2025-11-11,16,2025-11-15,Fulfilled
O05547,C0231,P006,W1,2026-04-10,7,2026-04-14,Fulfilled
O05548,C0262,P004,W2,2025-09-10,4,,Backordered
O05549,C0636,P022,W4,2025-11-29,14,2025-12-02,Fulfilled
O05550,C0261,P005,W3,2026-03-22,3,2026-03-23,Fulfilled
O05551,C0764,P014,W3,2026-02-25,18,2026-02-26,Fulfilled
O05552,C0242,P013,W2,2026-05-14,10,2026-05-16,Fulfilled
O05553,C0420,P020,W3,2025-11-18,10,2025-11-20,Fulfilled
O05554,C0474,P002,W2,2026-04-25,6,2026-04-27,Fulfilled
O05555,C0663,P003,W1,2026-06-05,7,,Backordered
O05556,C0601,P011,W1,2026-01-20,4,2026-01-22,Fulfilled
O05557,C0694,P012,W2,2025-12-03,14,2025-12-04,Fulfilled
O05558,C0750,P020,W3,2026-03-22,4,2026-03-29,Fulfilled
O05559,C0094,P016,W2,2026-03-31,17,2026-04-02,Fulfilled
O05560,C0076,P004,W1,2025-10-05,7,,Backordered
O05561,C0359,P025,W2,2026-03-26,14,,Cancelled
O05562,C0121,P012,W2,2025-10-27,13,2025-10-31,Fulfilled
O05563,C0395,P025,W3,2026-03-27,16,,Backordered
O05564,C0472,P025,W2,2026-08-07,19,2026-08-08,Fulfilled
O05565,C0221,P002,W2,2026-03-16,14,2026-03-18,Fulfilled
O05566,C0079,P013,W1,2026-06-05,21,2026-06-09,Fulfilled
O05567,C0771,P011,W3,2025-12-23,7,,Backordered
O05568,C0297,P013,W4,2026-08-03,19,2026-08-05,Fulfilled
O05569,C0671,P008,W3,2026-06-24,9,2026-06-28,Fulfilled
O05570,C0500,P014,W2,2026-08-01,16,2026-08-03,Fulfilled
O05571,C0530,P013,W2,2026-05-29,12,2026-06-02,Fulfilled
O05572,C0624,P005,W2,2026-04-26,22,2026-04-27,Fulfilled
O05573,C0212,P008,W1,2026-03-11,7,2026-03-14,Fulfilled
O05574,C0174,P004,W1,2026-08-05,13,2026-08-06,Fulfilled
O05575,C0797,P022,W4,2026-07-07,4,2026-07-11,Fulfilled
O05576,C0534,P017,W4,2026-01-31,16,2026-02-02,Fulfilled
O05577,C0234,P010,W4,2025-10-02,1,2025-10-03,Fulfilled
O05578,C0517,P010,W3,2025-09-02,10,2025-09-06,Fulfilled
O05579,C0315,P002,W4,2025-11-25,1,2025-11-29,Fulfilled
O05580,C0687,P008,W2,2025-09-23,8,,Cancelled
O05581,C0407,P024,W2,2025-11-17,12,2025-11-19,Fulfilled
O05582,C0251,P001,W1,2025-10-10,8,2025-10-11,Fulfilled
O05583,C0552,P004,W1,2026-08-25,10,,Backordered
O05584,C0600,P022,W3,2025-10-05,4,2025-10-06,Fulfilled
O05585,C0298,P014,W1,2026-04-17,18,2026-04-18,Fulfilled
O05586,C0601,P001,W4,2026-01-07,20,2026-01-08,Fulfilled
O05587,C0188,P013,W4,2025-11-03,11,2025-11-06,Fulfilled
O05588,C0192,P019,W2,2026-05-14,2,,Backordered
O05589,C0661,P009,W3,2026-08-21,2,2026-08-24,Fulfilled
O05590,C0497,P010,W1,2026-06-16,17,2026-06-17,Fulfilled
O05591,C0029,P016,W2,2026-08-22,23,2026-08-25,Fulfilled
O05592,C0540,P015,W1,2026-04-04,21,2026-04-05,Fulfilled
O05593,C0245,P023,W1,2026-05-04,10,2026-05-06,Fulfilled
O05594,C0220,P007,W1,2025-10-24,12,2025-10-28,Fulfilled
O05595,C0339,P007,W4,2026-07-09,4,2026-07-10,Fulfilled
O05596,C0361,P004,W3,2026-05-31,2,2026-06-04,Fulfilled
O05597,C0713,P017,W4,2025-12-02,19,2025-12-04,Fulfilled
O05598,C0349,P014,W4,2026-01-08,11,2026-01-11,Fulfilled
O05599,C0238,P009,W4,2026-04-11,12,2026-04-13,Fulfilled
O05600,C0619,P018,W4,2025-09-05,9,2025-09-06,Fulfilled
O05601,C0434,P010,W1,2026-06-26,8,2026-06-28,Fulfilled
O05602,C0001,P005,W4,2025-12-12,24,2025-12-14,Fulfilled
O05603,C0506,P014,W3,2025-09-28,20,2025-10-01,Fulfilled
O05604,C0401,P011,W1,2025-12-30,17,,Backordered
O05605,C0460,P011,W1,2026-07-03,10,2026-07-07,Fulfilled
O05606,C0148,P012,W4,2025-12-10,18,2025-12-13,Fulfilled
O05607,C0383,P023,W4,2026-03-16,9,2026-03-20,Fulfilled
O05608,C0517,P006,W2,2026-06-24,13,2026-06-28,Fulfilled
O05609,C0541,P007,W1,2025-09-13,4,2025-09-16,Fulfilled
O05610,C0544,P015,W2,2026-06-05,18,2026-06-06,Fulfilled
O05611,C0798,P002,W1,2025-12-15,2,2025-12-18,Fulfilled
O05612,C0401,P004,W3,2026-05-12,18,2026-05-16,Fulfilled
O05613,C0344,P015,W2,2025-11-08,15,,Backordered
O05614,C0434,P013,W1,2025-10-21,2,2025-10-23,Fulfilled
O05615,C0263,P017,W4,2026-06-15,13,2026-06-16,Fulfilled
O05616,C0252,P003,W4,2026-06-22,6,2026-06-26,Fulfilled
O05617,C0552,P022,W4,2026-08-25,12,2026-08-29,Fulfilled
O05618,C0251,P013,W4,2026-05-06,1,2026-05-07,Fulfilled
O05619,C0599,P004,W1,2026-02-18,18,2026-03-02,Fulfilled
O05620,C0596,P008,W4,2025-11-11,13,2025-11-13,Fulfilled
O05621,C0762,P006,W4,2025-12-17,9,2025-12-21,Fulfilled
O05622,C0106,P012,W4,2026-04-25,22,2026-04-26,Fulfilled
O05623,C0291,P012,W2,2026-01-05,16,2026-01-06,Fulfilled
O05624,C0617,P011,W2,2026-02-24,15,2026-02-27,Fulfilled
O05625,C0343,P012,W4,2025-11-01,4,,Backordered
O05626,C0524,P023,W1,2026-02-08,13,2026-02-09,Fulfilled
O05627,C0588,P024,W3,2025-11-26,17,2025-11-27,Fulfilled
O05628,C0707,P013,W4,2025-10-11,23,2025-10-17,Fulfilled
O05629,C0181,P025,W4,2025-10-19,15,,Cancelled
O05630,C0208,P021,W3,2026-03-09,5,2026-03-22,Fulfilled
O05631,C0377,P021,W4,2026-01-12,17,2026-01-15,Fulfilled
O05632,C0405,P006,W4,2025-10-07,2,2025-10-10,Fulfilled
O05633,C0724,P011,W4,2026-03-07,8,2026-03-09,Fulfilled
O05634,C0032,P009,W1,2025-10-30,23,2025-11-02,Fulfilled
O05635,C0196,P003,W1,2025-09-06,20,2025-09-09,Fulfilled
O05636,C0730,P002,W2,2025-10-19,22,,Cancelled
O05637,C0492,P016,W2,2026-02-11,9,2026-02-13,Fulfilled
O05638,C0540,P011,W2,2026-08-15,17,2026-08-18,Fulfilled
O05639,C0200,P021,W1,2025-11-28,17,2025-12-06,Fulfilled
O05640,C0498,P017,W3,2025-12-13,6,2025-12-19,Fulfilled
O05641,C0296,P003,W1,2025-11-28,23,,Cancelled
O05642,C0586,P021,W4,2026-01-08,24,2026-01-10,Fulfilled
O05643,C0073,P013,W3,2026-05-20,3,2026-05-30,Fulfilled
O05644,C0228,P015,W4,2025-12-27,19,2025-12-28,Fulfilled
O05645,C0516,P025,W1,2026-04-29,11,2026-05-01,Fulfilled
O05646,C0483,P017,W2,2026-07-25,17,2026-07-27,Fulfilled
O05647,C0672,P001,W4,2026-08-12,14,2026-08-16,Fulfilled
O05648,C0640,P005,W2,2026-03-25,6,,Backordered
O05649,C0012,P011,W3,2026-05-19,3,2026-05-20,Fulfilled
O05650,C0073,P001,W1,2026-08-02,13,2026-08-04,Fulfilled
O05651,C0284,P005,W4,2026-06-15,21,2026-06-22,Fulfilled
O05652,C0767,P020,W2,2025-12-19,20,2025-12-21,Fulfilled
O05653,C0382,P004,W4,2025-10-19,7,,Cancelled
O05654,C0713,P005,W2,2025-10-12,21,2025-10-13,Fulfilled
O05655,C0048,P013,W1,2026-07-19,9,2026-07-23,Fulfilled
O05656,C0770,P003,W3,2026-03-23,14,2026-03-27,Fulfilled
O05657,C0049,P007,W2,2025-12-18,8,2025-12-23,Fulfilled
O05658,C0646,P024,W2,2026-01-05,13,2026-01-08,Fulfilled
O05659,C0701,P016,W4,2025-12-12,13,2025-12-13,Fulfilled
O05660,C0236,P025,W2,2026-06-20,17,2026-06-23,Fulfilled
O05661,C0241,P009,W2,2026-04-12,12,2026-04-15,Fulfilled
O05662,C0465,P016,W3,2026-07-18,13,2026-07-22,Fulfilled
O05663,C0577,P006,W1,2025-12-20,16,2025-12-21,Fulfilled
O05664,C0097,P010,W4,2026-02-20,11,2026-02-22,Fulfilled
O05665,C0190,P005,W1,2025-10-15,13,2025-10-18,Fulfilled
O05666,C0603,P021,W1,2026-08-21,3,2026-08-29,Fulfilled
O05667,C0646,P005,W1,2026-03-06,21,2026-03-09,Fulfilled
O05668,C0123,P006,W2,2026-03-21,4,2026-03-22,Fulfilled
O05669,C0711,P012,W3,2026-01-29,21,2026-01-30,Fulfilled
O05670,C0693,P011,W3,2025-12-08,19,2025-12-11,Fulfilled
O05671,C0694,P008,W4,2026-08-13,23,2026-08-16,Fulfilled
O05672,C0193,P009,W4,2026-02-26,1,2026-02-27,Fulfilled
O05673,C0535,P008,W2,2026-05-05,6,2026-05-09,Fulfilled
O05674,C0129,P023,W4,2025-09-14,2,,Backordered
O05675,C0157,P015,W1,2025-12-10,11,2025-12-11,Fulfilled
O05676,C0057,P023,W1,2026-06-21,22,2026-06-23,Fulfilled
O05677,C0394,P025,W2,2025-10-03,19,,Cancelled
O05678,C0569,P017,W3,2025-10-08,17,2025-10-10,Fulfilled
O05679,C0159,P021,W1,2026-06-23,21,2026-06-25,Fulfilled
O05680,C0149,P003,W4,2025-12-22,1,2025-12-25,Fulfilled
O05681,C0222,P024,W2,2025-12-09,19,2025-12-13,Fulfilled
O05682,C0158,P013,W2,2026-03-26,8,,Backordered
O05683,C0666,P018,W3,2025-11-11,17,2025-11-12,Fulfilled
O05684,C0136,P007,W2,2025-09-16,19,2025-09-19,Fulfilled
O05685,C0223,P003,W2,2025-09-02,17,2025-09-05,Fulfilled
O05686,C0245,P023,W4,2025-09-29,11,2025-10-02,Fulfilled
O05687,C0162,P012,W2,2025-10-28,15,2025-10-31,Fulfilled
O05688,C0753,P004,W1,2026-05-13,12,2026-05-17,Fulfilled
O05689,C0168,P017,W3,2025-12-18,16,,Cancelled
O05690,C0389,P002,W3,2025-09-27,12,2025-09-30,Fulfilled
O05691,C0453,P012,W1,2025-09-06,10,2025-09-08,Fulfilled
O05692,C0209,P018,W4,2026-02-22,5,,Cancelled
O05693,C0377,P019,W2,2026-07-04,10,2026-07-06,Fulfilled
O05694,C0137,P012,W1,2026-01-02,18,2026-01-11,Fulfilled
O05695,C0386,P010,W1,2025-09-24,21,2025-09-27,Fulfilled
O05696,C0016,P021,W3,2025-11-23,3,2025-12-01,Fulfilled
O05697,C0351,P005,W1,2026-03-02,5,2026-03-10,Fulfilled
O05698,C0292,P002,W2,2025-11-08,13,2025-11-10,Fulfilled
O05699,C0281,P004,W3,2026-08-24,17,2026-09-04,Fulfilled
O05700,C0088,P021,W4,2026-06-06,5,2026-06-08,Fulfilled
O05701,C0798,P012,W2,2026-01-04,8,2026-01-06,Fulfilled
O05702,C0022,P001,W4,2026-08-14,2,2026-08-15,Fulfilled
O05703,C0117,P005,W2,2025-12-28,2,2025-12-30,Fulfilled
O05704,C0083,P001,W4,2025-10-22,4,2025-10-28,Fulfilled
O05705,C0782,P021,W2,2026-08-09,18,2026-08-10,Fulfilled
O05706,C0255,P012,W1,2026-08-17,21,2026-08-18,Fulfilled
O05707,C0345,P002,W3,2025-12-24,12,2025-12-26,Fulfilled
O05708,C0600,P006,W4,2026-04-06,5,2026-04-10,Fulfilled
O05709,C0041,P016,W4,2025-11-03,23,2025-11-04,Fulfilled
O05710,C0054,P015,W4,2026-04-23,7,2026-04-24,Fulfilled
O05711,C0146,P021,W1,2026-05-10,4,2026-05-12,Fulfilled
O05712,C0543,P001,W3,2026-05-18,4,2026-05-20,Fulfilled
O05713,C0782,P002,W3,2026-03-27,9,2026-03-31,Fulfilled
O05714,C0496,P001,W3,2026-05-16,18,2026-05-25,Fulfilled
O05715,C0697,P010,W1,2026-03-22,10,2026-03-24,Fulfilled
O05716,C0705,P019,W1,2026-06-27,11,2026-07-03,Fulfilled
O05717,C0221,P017,W3,2025-11-05,9,2025-11-06,Fulfilled
O05718,C0148,P006,W4,2026-02-24,23,2026-02-26,Fulfilled
O05719,C0128,P017,W1,2026-01-30,17,2026-02-06,Fulfilled
O05720,C0635,P017,W1,2026-03-14,16,2026-03-17,Fulfilled
O05721,C0535,P005,W2,2025-10-22,11,2025-10-26,Fulfilled
O05722,C0692,P019,W2,2025-12-28,13,2025-12-29,Fulfilled
O05723,C0406,P011,W4,2026-08-15,22,2026-08-17,Fulfilled
O05724,C0781,P002,W4,2025-10-09,16,2025-10-11,Fulfilled
O05725,C0715,P010,W3,2026-04-20,20,2026-04-24,Fulfilled
O05726,C0647,P020,W4,2026-05-01,1,2026-05-02,Fulfilled
O05727,C0642,P018,W1,2026-02-21,21,2026-02-23,Fulfilled
O05728,C0099,P007,W4,2025-09-13,23,2025-09-15,Fulfilled
O05729,C0596,P019,W2,2025-09-13,17,2025-09-15,Fulfilled
O05730,C0757,P010,W2,2025-12-10,23,2025-12-14,Fulfilled
O05731,C0234,P012,W1,2025-10-08,14,2025-10-11,Fulfilled
O05732,C0652,P003,W1,2025-10-05,7,2025-10-07,Fulfilled
O05733,C0280,P025,W1,2025-10-29,15,2025-11-02,Fulfilled
O05734,C0170,P021,W2,2025-11-09,16,2025-11-17,Fulfilled
O05735,C0584,P005,W1,2026-07-04,4,2026-07-05,Fulfilled
O05736,C0132,P015,W1,2026-04-22,5,2026-04-24,Fulfilled
O05737,C0385,P020,W3,2025-09-12,7,,Backordered
O05738,C0749,P013,W4,2026-04-18,14,2026-04-20,Fulfilled
O05739,C0126,P006,W1,2025-10-20,4,2025-10-22,Fulfilled
O05740,C0125,P025,W3,2026-02-01,19,2026-02-05,Fulfilled
O05741,C0754,P007,W4,2025-09-14,3,2025-09-18,Fulfilled
O05742,C0621,P009,W2,2025-10-03,23,2025-10-04,Fulfilled
O05743,C0369,P010,W1,2025-10-19,17,2025-10-23,Fulfilled
O05744,C0324,P023,W1,2026-02-06,9,2026-02-10,Fulfilled
O05745,C0771,P013,W4,2026-02-17,9,2026-02-25,Fulfilled
O05746,C0579,P018,W2,2026-01-07,17,2026-01-09,Fulfilled
O05747,C0726,P023,W1,2026-04-15,3,2026-04-16,Fulfilled
O05748,C0074,P024,W4,2026-05-21,18,2026-05-23,Fulfilled
O05749,C0424,P022,W4,2026-05-24,14,2026-05-25,Fulfilled
O05750,C0580,P023,W3,2026-03-31,6,2026-04-04,Fulfilled
O05751,C0029,P024,W1,2026-03-19,22,2026-03-20,Fulfilled
O05752,C0410,P025,W1,2026-02-27,16,2026-03-01,Fulfilled
O05753,C0045,P017,W1,2025-11-26,4,2025-11-28,Fulfilled
O05754,C0720,P004,W1,2026-02-25,16,,Cancelled
O05755,C0545,P003,W3,2025-09-04,10,2025-09-08,Fulfilled
O05756,C0151,P020,W2,2026-08-19,19,2026-08-30,Fulfilled
O05757,C0417,P008,W4,2026-01-14,12,2026-01-16,Fulfilled
O05758,C0088,P021,W1,2026-06-04,24,2026-06-06,Fulfilled
O05759,C0643,P024,W3,2026-08-16,23,2026-08-19,Fulfilled
O05760,C0157,P017,W4,2026-03-01,1,2026-03-03,Fulfilled
O05761,C0486,P020,W1,2026-07-12,10,,Cancelled
O05762,C0063,P007,W3,2026-02-22,5,2026-02-26,Fulfilled
O05763,C0127,P011,W3,2025-10-19,11,2025-10-20,Fulfilled
O05764,C0784,P025,W1,2025-09-10,4,2025-09-11,Fulfilled
O05765,C0309,P021,W2,2025-10-20,13,2025-10-24,Fulfilled
O05766,C0099,P006,W4,2026-08-11,4,2026-08-14,Fulfilled
O05767,C0560,P024,W4,2026-02-21,15,2026-03-03,Fulfilled
O05768,C0161,P013,W2,2025-12-26,11,,Backordered
O05769,C0471,P022,W1,2026-02-10,24,2026-02-12,Fulfilled
O05770,C0647,P014,W1,2025-12-03,22,2025-12-04,Fulfilled
O05771,C0547,P016,W4,2026-07-15,15,2026-07-18,Fulfilled
O05772,C0198,P005,W3,2026-08-31,11,2026-09-03,Fulfilled
O05773,C0190,P009,W2,2025-10-01,18,2025-10-03,Fulfilled
O05774,C0178,P019,W1,2026-05-21,17,2026-05-24,Fulfilled
O05775,C0505,P022,W4,2026-01-01,4,2026-01-05,Fulfilled
O05776,C0538,P003,W2,2025-09-18,10,,Backordered
O05777,C0417,P002,W3,2026-08-03,24,2026-08-04,Fulfilled
O05778,C0319,P018,W4,2025-09-23,8,2025-09-26,Fulfilled
O05779,C0050,P012,W3,2025-11-15,1,2025-11-16,Fulfilled
O05780,C0668,P022,W4,2025-09-10,21,2025-09-12,Fulfilled
O05781,C0528,P002,W3,2026-02-20,23,2026-03-05,Fulfilled
O05782,C0510,P009,W2,2026-04-07,16,2026-04-09,Fulfilled
O05783,C0083,P001,W4,2025-12-27,16,2025-12-31,Fulfilled
O05784,C0231,P018,W3,2025-09-27,9,2025-09-28,Fulfilled
O05785,C0243,P022,W4,2025-10-13,9,2025-10-17,Fulfilled
O05786,C0478,P004,W1,2026-08-07,22,2026-08-15,Fulfilled
O05787,C0630,P009,W3,2026-06-22,21,2026-06-30,Fulfilled
O05788,C0693,P022,W3,2026-08-08,12,2026-08-10,Fulfilled
O05789,C0418,P002,W1,2026-03-13,8,2026-03-14,Fulfilled
O05790,C0292,P024,W2,2026-03-19,5,,Backordered
O05791,C0327,P023,W4,2026-06-14,1,2026-06-15,Fulfilled
O05792,C0589,P004,W3,2026-04-14,12,2026-04-15,Fulfilled
O05793,C0255,P004,W4,2026-02-07,14,,Backordered
O05794,C0333,P018,W1,2025-12-16,17,2025-12-17,Fulfilled
O05795,C0629,P001,W1,2026-02-25,20,2026-02-27,Fulfilled
O05796,C0434,P013,W4,2025-09-24,9,2025-09-27,Fulfilled
O05797,C0374,P002,W2,2025-11-10,5,2025-11-12,Fulfilled
O05798,C0587,P014,W4,2026-05-28,21,2026-06-04,Fulfilled
O05799,C0231,P009,W4,2026-07-14,19,2026-07-15,Fulfilled
O05800,C0049,P018,W2,2025-10-08,13,2025-10-12,Fulfilled
O05801,C0630,P023,W4,2025-10-06,1,2025-10-16,Fulfilled
O05802,C0364,P013,W4,2025-10-02,12,2025-10-04,Fulfilled
O05803,C0261,P017,W1,2026-06-16,15,2026-06-27,Fulfilled
O05804,C0077,P016,W1,2025-12-23,21,2025-12-24,Fulfilled
O05805,C0741,P025,W1,2025-12-29,13,2025-12-30,Fulfilled
O05806,C0580,P006,W3,2025-09-05,12,2025-09-09,Fulfilled
O05807,C0219,P006,W1,2026-08-21,10,2026-08-24,Fulfilled
O05808,C0486,P010,W2,2026-02-06,10,2026-02-09,Fulfilled
O05809,C0372,P019,W2,2026-06-19,1,2026-06-21,Fulfilled
O05810,C0262,P022,W1,2026-05-17,3,2026-05-21,Fulfilled
O05811,C0249,P007,W2,2025-10-22,19,2025-11-03,Fulfilled
O05812,C0061,P003,W3,2026-06-20,9,,Backordered
O05813,C0779,P016,W4,2026-03-20,21,2026-03-28,Fulfilled
O05814,C0740,P015,W2,2026-04-09,10,2026-04-11,Fulfilled
O05815,C0696,P010,W3,2025-11-13,24,2025-11-16,Fulfilled
O05816,C0252,P005,W3,2026-07-07,5,2026-07-10,Fulfilled
O05817,C0797,P022,W2,2026-08-07,5,2026-08-11,Fulfilled
O05818,C0221,P022,W3,2026-01-27,15,2026-01-29,Fulfilled
O05819,C0659,P019,W4,2025-10-04,20,,Backordered
O05820,C0081,P015,W1,2026-07-07,4,2026-07-10,Fulfilled
O05821,C0249,P007,W3,2026-07-21,13,2026-07-24,Fulfilled
O05822,C0462,P011,W1,2026-03-04,6,2026-03-06,Fulfilled
O05823,C0774,P002,W4,2026-03-31,18,2026-04-01,Fulfilled
O05824,C0213,P007,W3,2025-11-21,14,2025-11-30,Fulfilled
O05825,C0346,P012,W1,2025-09-25,16,2025-09-26,Fulfilled
O05826,C0674,P011,W3,2026-08-11,7,2026-08-17,Fulfilled
O05827,C0378,P003,W2,2026-02-24,7,2026-02-28,Fulfilled
O05828,C0546,P024,W1,2025-12-10,16,2025-12-14,Fulfilled
O05829,C0335,P007,W4,2026-05-12,9,2026-05-13,Fulfilled
O05830,C0004,P013,W2,2025-09-10,17,2025-09-12,Fulfilled
O05831,C0227,P012,W1,2025-09-30,4,2025-10-02,Fulfilled
O05832,C0452,P012,W3,2025-11-28,8,2025-12-02,Fulfilled
O05833,C0016,P022,W2,2026-02-12,3,2026-02-14,Fulfilled
O05834,C0186,P019,W3,2026-01-12,3,2026-01-14,Fulfilled
O05835,C0762,P022,W1,2025-11-08,7,,Backordered
O05836,C0013,P010,W4,2026-01-07,12,2026-01-09,Fulfilled
O05837,C0198,P007,W2,2025-12-31,4,2026-01-01,Fulfilled
O05838,C0495,P011,W2,2026-03-11,3,2026-03-13,Fulfilled
O05839,C0450,P015,W4,2026-03-25,22,2026-03-26,Fulfilled
O05840,C0164,P009,W3,2026-07-20,13,,Backordered
O05841,C0048,P012,W1,2026-06-22,18,2026-06-26,Fulfilled
O05842,C0719,P004,W3,2025-12-16,18,2025-12-26,Fulfilled
O05843,C0441,P015,W3,2026-07-27,3,2026-07-29,Fulfilled
O05844,C0459,P018,W2,2026-03-10,15,2026-03-12,Fulfilled
O05845,C0047,P014,W1,2025-11-08,21,2025-11-09,Fulfilled
O05846,C0168,P022,W1,2026-01-03,11,,Backordered
O05847,C0059,P025,W4,2026-05-29,21,2026-05-30,Fulfilled
O05848,C0783,P023,W1,2026-06-27,23,2026-06-30,Fulfilled
O05849,C0616,P003,W3,2026-01-15,14,2026-01-19,Fulfilled
O05850,C0437,P023,W4,2025-10-28,3,2025-10-29,Fulfilled
O05851,C0545,P009,W2,2025-11-10,15,2025-11-13,Fulfilled
O05852,C0133,P012,W1,2025-10-08,22,2025-10-11,Fulfilled
O05853,C0790,P011,W3,2026-05-14,14,2026-05-16,Fulfilled
O05854,C0414,P008,W3,2026-03-03,20,2026-03-06,Fulfilled
O05855,C0413,P022,W1,2026-02-12,13,2026-02-15,Fulfilled
O05856,C0767,P016,W3,2026-05-04,11,,Cancelled
O05857,C0077,P025,W1,2026-06-30,23,2026-07-04,Fulfilled
O05858,C0339,P024,W2,2026-06-18,4,2026-06-21,Fulfilled
O05859,C0071,P011,W2,2025-10-21,11,2025-10-23,Fulfilled
O05860,C0340,P019,W4,2026-04-04,4,2026-04-07,Fulfilled
O05861,C0214,P013,W4,2026-07-20,16,2026-07-23,Fulfilled
O05862,C0369,P013,W3,2026-06-10,23,2026-06-11,Fulfilled
O05863,C0561,P019,W3,2025-12-30,24,,Cancelled
O05864,C0224,P018,W1,2026-01-22,6,2026-01-24,Fulfilled
O05865,C0041,P023,W1,2026-07-22,18,2026-07-23,Fulfilled
O05866,C0130,P020,W4,2025-09-12,21,2025-09-14,Fulfilled
O05867,C0572,P016,W2,2026-03-11,21,2026-03-13,Fulfilled
O05868,C0463,P023,W3,2025-10-13,13,2025-10-17,Fulfilled
O05869,C0782,P003,W3,2026-07-24,5,2026-07-25,Fulfilled
O05870,C0715,P020,W2,2025-09-15,12,2025-09-18,Fulfilled
O05871,C0129,P010,W3,2025-09-09,19,2025-09-12,Fulfilled
O05872,C0588,P011,W3,2025-12-30,15,2026-01-01,Fulfilled
O05873,C0073,P020,W1,2025-11-13,10,2025-11-17,Fulfilled
O05874,C0077,P007,W3,2026-02-28,6,2026-03-10,Fulfilled
O05875,C0634,P023,W1,2025-12-19,16,2025-12-21,Fulfilled
O05876,C0321,P013,W2,2026-01-09,11,2026-01-10,Fulfilled
O05877,C0798,P009,W4,2026-03-26,12,2026-03-28,Fulfilled
O05878,C0005,P009,W4,2026-03-24,23,2026-03-25,Fulfilled
O05879,C0402,P011,W1,2026-08-08,1,,Cancelled
O05880,C0247,P024,W3,2026-02-23,6,2026-02-24,Fulfilled
O05881,C0788,P003,W3,2026-03-25,23,2026-03-29,Fulfilled
O05882,C0535,P013,W3,2026-05-06,23,2026-05-07,Fulfilled
O05883,C0617,P021,W4,2025-11-03,8,2025-11-05,Fulfilled
O05884,C0232,P012,W1,2026-05-02,24,2026-05-06,Fulfilled
O05885,C0715,P015,W3,2026-07-12,6,2026-07-14,Fulfilled
O05886,C0672,P009,W2,2025-12-26,2,2026-01-05,Fulfilled
O05887,C0627,P004,W1,2025-11-05,8,2025-11-16,Fulfilled
O05888,C0382,P016,W2,2026-01-05,13,2026-01-08,Fulfilled
O05889,C0737,P023,W1,2025-12-10,1,2025-12-14,Fulfilled
O05890,C0535,P014,W3,2026-04-02,5,2026-04-03,Fulfilled
O05891,C0053,P011,W3,2026-07-13,19,2026-07-15,Fulfilled
O05892,C0707,P004,W3,2026-04-06,15,2026-04-09,Fulfilled
O05893,C0017,P024,W1,2025-10-16,15,2025-10-19,Fulfilled
O05894,C0546,P022,W4,2025-12-24,24,2025-12-25,Fulfilled
O05895,C0200,P023,W1,2026-05-10,6,2026-05-11,Fulfilled
O05896,C0717,P009,W2,2025-12-30,22,2026-01-01,Fulfilled
O05897,C0584,P016,W2,2026-04-03,9,2026-04-06,Fulfilled
O05898,C0646,P011,W3,2026-05-12,23,2026-05-16,Fulfilled
O05899,C0560,P006,W2,2025-12-30,19,2026-01-01,Fulfilled
O05900,C0454,P006,W4,2026-04-25,6,2026-05-07,Fulfilled
O05901,C0691,P010,W4,2026-01-24,6,2026-01-26,Fulfilled
O05902,C0238,P014,W4,2025-10-20,14,2025-10-21,Fulfilled
O05903,C0423,P004,W1,2026-01-14,13,2026-01-16,Fulfilled
O05904,C0239,P018,W4,2026-02-08,6,,Backordered
O05905,C0091,P012,W1,2025-09-01,7,2025-09-02,Fulfilled
O05906,C0700,P023,W4,2026-07-23,22,2026-07-26,Fulfilled
O05907,C0398,P007,W4,2026-03-12,19,2026-03-14,Fulfilled
O05908,C0044,P002,W1,2025-09-14,5,2025-09-15,Fulfilled
O05909,C0660,P008,W1,2026-07-14,18,2026-07-16,Fulfilled
O05910,C0753,P025,W3,2026-07-10,4,2026-07-14,Fulfilled
O05911,C0529,P009,W1,2025-09-05,11,2025-09-08,Fulfilled
O05912,C0262,P018,W4,2025-10-30,1,2025-11-01,Fulfilled
O05913,C0687,P022,W3,2026-01-11,16,2026-01-23,Fulfilled
O05914,C0591,P008,W3,2026-03-05,5,2026-03-06,Fulfilled
O05915,C0228,P017,W4,2026-05-23,6,2026-05-25,Fulfilled
O05916,C0264,P006,W1,2026-02-02,5,2026-02-05,Fulfilled
O05917,C0790,P010,W3,2026-04-12,5,2026-04-14,Fulfilled
O05918,C0762,P008,W4,2025-09-04,2,2025-09-07,Fulfilled
O05919,C0541,P017,W1,2026-04-29,14,2026-05-02,Fulfilled
O05920,C0030,P022,W1,2026-08-01,21,2026-08-03,Fulfilled
O05921,C0184,P007,W1,2026-03-12,8,2026-03-16,Fulfilled
O05922,C0283,P008,W2,2026-02-14,19,2026-02-18,Fulfilled
O05923,C0429,P021,W1,2025-12-18,14,2025-12-20,Fulfilled
O05924,C0694,P012,W1,2026-08-15,7,,Backordered
O05925,C0678,P013,W4,2025-09-13,2,,Backordered
O05926,C0219,P018,W2,2025-12-14,19,2025-12-15,Fulfilled
O05927,C0087,P004,W2,2025-10-21,1,2025-10-22,Fulfilled
O05928,C0221,P022,W2,2026-07-14,11,2026-07-15,Fulfilled
O05929,C0189,P010,W4,2026-02-24,1,2026-02-25,Fulfilled
O05930,C0719,P017,W2,2026-08-03,19,2026-08-05,Fulfilled
O05931,C0012,P011,W2,2026-05-01,24,2026-05-02,Fulfilled
O05932,C0664,P019,W4,2026-03-23,8,,Backordered
O05933,C0525,P016,W1,2026-03-08,8,2026-03-10,Fulfilled
O05934,C0085,P005,W2,2025-11-13,14,2025-11-16,Fulfilled
O05935,C0548,P005,W3,2026-03-25,13,,Backordered
O05936,C0464,P022,W3,2026-05-09,10,2026-05-11,Fulfilled
O05937,C0003,P013,W4,2026-08-19,9,2026-08-22,Fulfilled
O05938,C0179,P007,W4,2026-03-20,5,2026-03-24,Fulfilled
O05939,C0279,P004,W2,2026-08-09,7,2026-08-11,Fulfilled
O05940,C0172,P004,W4,2026-08-11,15,2026-08-13,Fulfilled
O05941,C0463,P023,W1,2026-03-10,18,2026-03-13,Fulfilled
O05942,C0492,P025,W1,2026-02-08,19,,Backordered
O05943,C0136,P010,W4,2025-10-23,13,2025-10-26,Fulfilled
O05944,C0099,P006,W1,2025-12-08,19,2025-12-12,Fulfilled
O05945,C0524,P011,W2,2026-07-18,15,,Backordered
O05946,C0376,P004,W3,2025-10-21,9,,Backordered
O05947,C0212,P014,W2,2026-01-23,9,2026-01-25,Fulfilled
O05948,C0205,P016,W4,2026-05-14,13,2026-05-20,Fulfilled
O05949,C0032,P025,W2,2025-11-27,8,2025-11-28,Fulfilled
O05950,C0683,P008,W3,2026-08-22,19,2026-08-23,Fulfilled
O05951,C0673,P005,W1,2026-04-26,5,2026-04-28,Fulfilled
O05952,C0444,P004,W1,2025-09-11,2,,Backordered
O05953,C0280,P010,W1,2025-11-30,12,2025-12-10,Fulfilled
O05954,C0172,P016,W3,2026-05-29,2,2026-05-31,Fulfilled
O05955,C0246,P002,W1,2026-07-13,5,2026-07-17,Fulfilled
O05956,C0741,P019,W3,2026-08-05,10,2026-08-09,Fulfilled
O05957,C0072,P012,W2,2026-07-08,1,2026-07-10,Fulfilled
O05958,C0658,P020,W3,2025-09-28,6,2025-09-30,Fulfilled
O05959,C0244,P012,W4,2026-05-25,14,2026-05-29,Fulfilled
O05960,C0212,P004,W4,2025-10-11,9,2025-10-13,Fulfilled
O05961,C0648,P001,W1,2025-09-28,22,2025-09-30,Fulfilled
O05962,C0768,P014,W4,2026-05-11,3,2026-05-15,Fulfilled
O05963,C0793,P014,W4,2026-02-22,18,,Backordered
O05964,C0214,P021,W3,2026-04-25,15,2026-05-06,Fulfilled
O05965,C0473,P022,W1,2026-07-08,16,2026-07-12,Fulfilled
O05966,C0234,P005,W3,2025-09-26,17,2025-09-29,Fulfilled
O05967,C0155,P008,W3,2026-03-12,2,2026-03-14,Fulfilled
O05968,C0309,P006,W3,2026-07-02,20,2026-07-04,Fulfilled
O05969,C0050,P003,W2,2026-02-08,8,2026-02-09,Fulfilled
O05970,C0132,P001,W3,2026-03-11,16,2026-03-12,Fulfilled
O05971,C0476,P003,W3,2026-03-01,8,2026-03-10,Fulfilled
O05972,C0549,P014,W2,2026-07-29,10,2026-08-06,Fulfilled
O05973,C0217,P004,W4,2025-09-19,17,2025-09-23,Fulfilled
O05974,C0446,P005,W3,2026-07-18,23,2026-07-23,Fulfilled
O05975,C0611,P003,W2,2026-06-25,22,2026-07-02,Fulfilled
O05976,C0715,P019,W3,2026-06-24,18,2026-06-27,Fulfilled
O05977,C0455,P016,W4,2026-01-29,13,,Backordered
O05978,C0193,P025,W2,2026-03-08,13,2026-03-10,Fulfilled
O05979,C0570,P003,W3,2026-01-13,24,2026-01-17,Fulfilled
O05980,C0137,P006,W1,2025-12-01,5,2025-12-06,Fulfilled
O05981,C0112,P012,W2,2026-07-17,23,2026-07-21,Fulfilled
O05982,C0287,P017,W3,2026-03-04,16,,Cancelled
O05983,C0263,P004,W4,2026-05-23,15,2026-05-25,Fulfilled
O05984,C0117,P006,W3,2025-10-07,15,2025-10-19,Fulfilled
O05985,C0042,P011,W3,2026-06-15,20,2026-06-18,Fulfilled
O05986,C0756,P001,W2,2026-04-29,17,2026-05-03,Fulfilled
O05987,C0542,P010,W3,2026-08-31,3,,Cancelled
O05988,C0574,P019,W2,2025-10-19,19,2025-10-26,Fulfilled
O05989,C0053,P014,W1,2026-03-17,18,2026-03-20,Fulfilled
O05990,C0637,P011,W1,2026-03-06,22,,Backordered
O05991,C0292,P013,W3,2026-03-16,23,2026-03-17,Fulfilled
O05992,C0598,P024,W4,2025-09-20,23,2025-09-21,Fulfilled
O05993,C0392,P014,W2,2026-02-20,2,2026-02-23,Fulfilled
O05994,C0195,P014,W4,2025-12-19,16,2025-12-20,Fulfilled
O05995,C0210,P024,W4,2026-04-14,23,2026-04-15,Fulfilled
O05996,C0113,P004,W3,2025-11-24,24,2025-11-27,Fulfilled
O05997,C0663,P003,W4,2026-02-06,14,2026-02-08,Fulfilled
O05998,C0344,P012,W2,2026-04-15,22,2026-04-17,Fulfilled
O05999,C0624,P008,W2,2025-09-24,22,2025-09-26,Fulfilled
O06000,C0663,P006,W3,2026-06-15,1,2026-06-18,Fulfilled
