shipment_id,order_id,carrier,ship_date,delivery_date,promised_date
SH00001,O00001,FastFreight,2026-06-24,2026-06-25,2026-07-04
SH00002,O00002,MetroLogistics,2025-11-21,2025-11-23,2025-11-20
SH00003,O00003,FastFreight,2025-09-07,2025-09-11,2025-09-17
SH00004,O00004,BlueArrow Shipping,2026-08-08,2026-08-11,2026-08-10
SH00005,O00005,RapidRoute,2025-12-19,2025-12-21,2025-12-24
SH00006,O00006,FastFreight,2026-05-01,2026-05-06,2026-05-03
SH00007,O00007,BlueArrow Shipping,2026-07-31,2026-08-02,2026-08-09
SH00008,O00008,BlueArrow Shipping,2025-09-24,2025-09-26,2025-09-21
SH00009,O00009,MetroLogistics,2025-09-05,2025-09-08,2025-09-08
SH00010,O00010,FastFreight,2025-09-05,2025-09-07,2025-09-11
SH00011,O00011,BlueArrow Shipping,2025-10-29,2025-11-01,2025-11-04
SH00012,O00012,FastFreight,2025-09-20,2025-09-25,2025-09-29
SH00013,O00013,FastFreight,2026-06-29,2026-07-04,2026-07-03
SH00014,O00014,BlueArrow Shipping,2026-04-13,2026-04-15,2026-04-21
SH00015,O00015,FastFreight,2026-08-28,2026-08-30,2026-08-29
SH00016,O00016,MetroLogistics,2026-06-22,2026-06-27,2026-06-28
SH00017,O00017,FastFreight,2026-08-19,2026-08-22,2026-08-29
SH00018,O00018,BlueArrow Shipping,2025-12-01,2025-12-02,2025-12-07
SH00019,O00019,FastFreight,2025-12-17,2025-12-20,2025-12-25
SH00020,O00020,MetroLogistics,2026-07-11,2026-07-15,2026-07-17
SH00021,O00021,MetroLogistics,2025-11-30,2025-12-03,2025-12-07
SH00022,O00022,MetroLogistics,2025-09-22,2025-09-26,2025-09-27
SH00023,O00023,BlueArrow Shipping,2026-05-04,2026-05-08,2026-05-10
SH00024,O00024,RapidRoute,2026-06-24,2026-06-25,2026-06-29
SH00025,O00025,BlueArrow Shipping,2026-08-28,2026-09-02,2026-08-27
SH00026,O00026,MetroLogistics,2026-08-09,2026-08-10,2026-08-12
SH00027,O00027,BlueArrow Shipping,2025-10-18,2025-10-19,2025-10-23
SH00028,O00028,BlueArrow Shipping,2026-06-16,2026-06-18,2026-06-18
SH00029,O00029,FastFreight,2026-07-10,2026-07-11,2026-07-14
SH00030,O00030,MetroLogistics,2026-05-22,2026-05-26,2026-05-19
SH00031,O00031,BlueArrow Shipping,2026-06-30,2026-07-03,2026-07-03
SH00032,O00032,RapidRoute,2026-07-07,2026-07-09,2026-07-09
SH00033,O00033,FastFreight,2026-02-13,2026-02-18,2026-02-17
SH00034,O00034,BlueArrow Shipping,2025-09-16,2025-09-18,2025-09-26
SH00035,O00035,FastFreight,2026-02-15,2026-02-20,2026-02-21
SH00036,O00036,FastFreight,2025-11-15,2025-11-18,2025-11-24
SH00037,O00037,FastFreight,2025-10-14,2025-10-18,2025-10-20
SH00038,O00038,FastFreight,2025-10-18,2025-10-23,2025-10-24
SH00039,O00039,FastFreight,2026-05-14,2026-05-16,2026-05-19
SH00040,O00040,BlueArrow Shipping,2026-03-07,2026-03-08,2026-03-14
SH00041,O00041,RapidRoute,2026-03-19,2026-03-23,2026-03-27
SH00042,O00042,RapidRoute,2026-06-03,2026-06-07,2026-06-10
SH00043,O00043,BlueArrow Shipping,2026-03-24,2026-03-25,2026-03-30
SH00044,O00044,FastFreight,2026-04-21,2026-04-26,2026-04-23
SH00045,O00045,RapidRoute,2025-10-06,2025-10-10,2025-10-13
SH00046,O00046,BlueArrow Shipping,2026-07-10,2026-07-13,2026-07-17
SH00047,O00047,FastFreight,2026-02-15,2026-02-16,2026-02-19
SH00048,O00048,BlueArrow Shipping,2025-10-31,2025-11-05,2025-11-02
SH00049,O00051,BlueArrow Shipping,2025-09-22,2025-09-25,2025-09-28
SH00050,O00052,MetroLogistics,2025-11-12,2025-11-15,2025-11-20
SH00051,O00053,BlueArrow Shipping,2025-09-08,2025-09-09,2025-09-15
SH00052,O00055,BlueArrow Shipping,2025-10-11,2025-10-15,2025-10-12
SH00053,O00056,BlueArrow Shipping,2026-05-20,2026-05-25,2026-05-28
SH00054,O00057,MetroLogistics,2026-03-12,2026-03-16,2026-03-20
SH00055,O00058,RapidRoute,2026-08-27,2026-08-29,2026-09-02
SH00056,O00059,BlueArrow Shipping,2026-06-04,2026-06-05,2026-06-07
SH00057,O00060,MetroLogistics,2026-04-14,2026-04-17,2026-04-19
SH00058,O00061,RapidRoute,2026-03-07,2026-03-10,2026-03-13
SH00059,O00062,FastFreight,2025-10-02,2025-10-04,2025-10-01
SH00060,O00063,RapidRoute,2025-09-28,2025-10-02,2025-10-06
SH00061,O00064,BlueArrow Shipping,2026-04-15,2026-04-20,2026-04-18
SH00062,O00066,BlueArrow Shipping,2025-09-18,2025-09-19,2025-09-21
SH00063,O00067,MetroLogistics,2025-11-22,2025-11-24,2025-11-24
SH00064,O00068,MetroLogistics,2026-07-23,2026-07-26,2026-07-31
SH00065,O00069,RapidRoute,2026-02-16,2026-02-17,2026-02-26
SH00066,O00070,BlueArrow Shipping,2026-05-21,2026-05-25,2026-05-23
SH00067,O00071,FastFreight,2026-01-31,2026-02-01,2026-02-09
SH00068,O00072,RapidRoute,2025-11-04,2025-11-05,2025-11-11
SH00069,O00073,FastFreight,2026-01-17,2026-01-19,2026-01-21
SH00070,O00074,MetroLogistics,2025-10-05,2025-10-08,2025-10-14
SH00071,O00075,MetroLogistics,2026-06-16,2026-06-20,2026-06-14
SH00072,O00076,MetroLogistics,2025-11-10,2025-11-11,2025-11-11
SH00073,O00077,MetroLogistics,2026-01-19,2026-01-23,2026-01-22
SH00074,O00078,FastFreight,2026-08-28,2026-08-29,2026-09-02
SH00075,O00079,BlueArrow Shipping,2026-04-15,2026-04-20,2026-04-15
SH00076,O00080,BlueArrow Shipping,2026-02-17,2026-02-20,2026-02-23
SH00077,O00081,RapidRoute,2026-03-21,2026-03-25,2026-03-26
SH00078,O00082,MetroLogistics,2026-06-16,2026-06-17,2026-06-23
SH00079,O00083,BlueArrow Shipping,2025-12-06,2025-12-10,2025-12-07
SH00080,O00085,FastFreight,2026-07-18,2026-07-21,2026-07-25
SH00081,O00086,MetroLogistics,2026-04-07,2026-04-10,2026-04-07
SH00082,O00087,BlueArrow Shipping,2026-02-11,2026-02-12,2026-02-17
SH00083,O00088,MetroLogistics,2025-10-26,2025-10-30,2025-11-01
SH00084,O00089,RapidRoute,2025-12-04,2025-12-09,2025-12-07
SH00085,O00090,MetroLogistics,2026-08-16,2026-08-21,2026-08-23
SH00086,O00091,FastFreight,2026-03-18,2026-03-23,2026-03-23
SH00087,O00092,RapidRoute,2025-12-20,2025-12-24,2025-12-24
SH00088,O00093,BlueArrow Shipping,2026-02-01,2026-02-03,2026-02-11
SH00089,O00094,FastFreight,2026-04-03,2026-04-05,2026-04-07
SH00090,O00095,RapidRoute,2026-03-18,2026-03-19,2026-03-23
SH00091,O00096,FastFreight,2026-05-15,2026-05-17,2026-05-24
SH00092,O00097,RapidRoute,2025-12-06,2025-12-08,2025-12-09
SH00093,O00098,MetroLogistics,2026-04-29,2026-05-03,2026-05-02
SH00094,O00099,MetroLogistics,2026-02-10,2026-02-11,2026-02-14
SH00095,O00100,FastFreight,2026-08-11,2026-08-16,2026-08-18
SH00096,O00101,FastFreight,2025-10-29,2025-11-02,2025-11-07
SH00097,O00102,RapidRoute,2025-10-26,2025-10-30,2025-11-05
SH00098,O00103,MetroLogistics,2026-02-17,2026-02-20,2026-02-24
SH00099,O00104,BlueArrow Shipping,2026-03-13,2026-03-15,2026-03-10
SH00100,O00106,MetroLogistics,2026-01-27,2026-01-30,2026-02-01
SH00101,O00107,MetroLogistics,2026-08-03,2026-08-07,2026-08-06
SH00102,O00108,MetroLogistics,2026-02-23,2026-02-28,2026-03-04
SH00103,O00109,MetroLogistics,2025-10-21,2025-10-25,2025-10-27
SH00104,O00110,BlueArrow Shipping,2025-10-17,2025-10-22,2025-10-25
SH00105,O00112,MetroLogistics,2025-10-29,2025-11-01,2025-10-29
SH00106,O00113,RapidRoute,2026-08-13,2026-08-16,2026-08-23
SH00107,O00115,RapidRoute,2025-10-11,2025-10-15,2025-10-11
SH00108,O00116,BlueArrow Shipping,2025-12-24,2025-12-28,2025-12-29
SH00109,O00117,FastFreight,2026-04-14,2026-04-16,2026-04-18
SH00110,O00118,RapidRoute,2026-02-12,2026-02-15,2026-02-11
SH00111,O00119,BlueArrow Shipping,2026-06-18,2026-06-21,2026-06-21
SH00112,O00120,BlueArrow Shipping,2026-04-16,2026-04-20,2026-04-18
SH00113,O00121,BlueArrow Shipping,2026-01-27,2026-01-29,2026-01-30
SH00114,O00123,BlueArrow Shipping,2026-08-24,2026-08-25,2026-08-28
SH00115,O00124,BlueArrow Shipping,2026-01-31,2026-02-05,2026-02-03
SH00116,O00125,FastFreight,2025-10-29,2025-10-31,2025-11-05
SH00117,O00126,RapidRoute,2026-01-29,2026-01-30,2026-02-03
SH00118,O00128,RapidRoute,2025-11-20,2025-11-22,2025-11-25
SH00119,O00129,RapidRoute,2026-08-14,2026-08-19,2026-08-18
SH00120,O00130,BlueArrow Shipping,2026-04-06,2026-04-07,2026-04-11
SH00121,O00131,MetroLogistics,2026-04-12,2026-04-16,2026-04-14
SH00122,O00132,MetroLogistics,2025-12-26,2025-12-29,2026-01-03
SH00123,O00134,RapidRoute,2025-09-15,2025-09-19,2025-09-25
SH00124,O00135,FastFreight,2025-12-22,2025-12-26,2025-12-29
SH00125,O00136,BlueArrow Shipping,2026-02-04,2026-02-06,2026-02-05
SH00126,O00137,BlueArrow Shipping,2026-02-24,2026-02-26,2026-02-27
SH00127,O00138,FastFreight,2026-02-22,2026-02-26,2026-03-04
SH00128,O00139,FastFreight,2025-10-25,2025-10-30,2025-11-04
SH00129,O00140,FastFreight,2025-11-25,2025-11-30,2025-11-29
SH00130,O00141,RapidRoute,2025-10-07,2025-10-09,2025-10-13
SH00131,O00142,MetroLogistics,2026-03-30,2026-04-01,2026-04-04
SH00132,O00143,FastFreight,2026-01-08,2026-01-13,2026-01-16
SH00133,O00144,RapidRoute,2026-03-30,2026-04-03,2026-04-01
SH00134,O00145,BlueArrow Shipping,2026-04-06,2026-04-07,2026-04-15
SH00135,O00146,FastFreight,2026-05-25,2026-05-29,2026-05-22
SH00136,O00147,MetroLogistics,2026-03-22,2026-03-24,2026-03-25
SH00137,O00148,MetroLogistics,2026-04-26,2026-04-27,2026-05-02
SH00138,O00149,MetroLogistics,2026-04-04,2026-04-05,2026-04-14
SH00139,O00151,RapidRoute,2026-04-18,2026-04-20,2026-04-21
SH00140,O00152,RapidRoute,2025-12-27,2025-12-29,2026-01-04
SH00141,O00153,FastFreight,2025-11-30,2025-12-04,2025-12-09
SH00142,O00154,MetroLogistics,2026-06-17,2026-06-18,2026-06-26
SH00143,O00155,BlueArrow Shipping,2026-01-08,2026-01-09,2026-01-10
SH00144,O00156,FastFreight,2026-03-23,2026-03-27,2026-03-27
SH00145,O00157,BlueArrow Shipping,2025-11-12,2025-11-15,2025-11-21
SH00146,O00158,FastFreight,2026-02-08,2026-02-10,2026-02-10
SH00147,O00159,BlueArrow Shipping,2026-03-14,2026-03-15,2026-03-18
SH00148,O00160,FastFreight,2026-04-23,2026-04-24,2026-04-22
SH00149,O00161,BlueArrow Shipping,2026-03-14,2026-03-16,2026-03-17
SH00150,O00162,MetroLogistics,2026-01-12,2026-01-14,2026-01-20
SH00151,O00163,RapidRoute,2026-08-21,2026-08-24,2026-08-25
SH00152,O00164,FastFreight,2026-03-08,2026-03-12,2026-03-12
SH00153,O00165,RapidRoute,2026-06-27,2026-06-28,2026-07-02
SH00154,O00166,MetroLogistics,2026-05-30,2026-06-02,2026-06-03
SH00155,O00167,MetroLogistics,2026-03-25,2026-03-28,2026-03-28
SH00156,O00168,BlueArrow Shipping,2026-07-25,2026-07-26,2026-08-01
SH00157,O00169,BlueArrow Shipping,2025-10-25,2025-10-28,2025-10-26
SH00158,O00170,RapidRoute,2026-08-13,2026-08-14,2026-08-11
SH00159,O00171,RapidRoute,2026-07-12,2026-07-14,2026-07-19
SH00160,O00172,FastFreight,2026-03-16,2026-03-20,2026-03-09
SH00161,O00173,MetroLogistics,2026-05-30,2026-06-01,2026-06-04
SH00162,O00174,RapidRoute,2026-03-10,2026-03-14,2026-03-19
SH00163,O00175,RapidRoute,2025-12-12,2025-12-13,2025-12-13
SH00164,O00176,RapidRoute,2026-06-23,2026-06-26,2026-06-25
SH00165,O00177,RapidRoute,2025-12-10,2025-12-15,2025-12-04
SH00166,O00178,BlueArrow Shipping,2026-01-05,2026-01-08,2026-01-01
SH00167,O00179,RapidRoute,2026-03-12,2026-03-17,2026-03-18
SH00168,O00180,BlueArrow Shipping,2026-07-06,2026-07-08,2026-07-09
SH00169,O00181,RapidRoute,2026-01-20,2026-01-21,2026-01-24
SH00170,O00182,MetroLogistics,2026-03-01,2026-03-04,2026-03-08
SH00171,O00183,RapidRoute,2025-09-19,2025-09-21,2025-09-23
SH00172,O00184,FastFreight,2025-10-15,2025-10-19,2025-10-18
SH00173,O00185,RapidRoute,2025-09-25,2025-09-27,2025-09-30
SH00174,O00186,RapidRoute,2025-09-28,2025-10-02,2025-10-07
SH00175,O00187,RapidRoute,2026-07-19,2026-07-20,2026-07-22
SH00176,O00189,RapidRoute,2026-07-01,2026-07-03,2026-07-04
SH00177,O00190,MetroLogistics,2025-09-25,2025-09-27,2025-09-27
SH00178,O00191,MetroLogistics,2025-10-03,2025-10-07,2025-10-06
SH00179,O00193,FastFreight,2026-03-29,2026-03-31,2026-04-03
SH00180,O00194,FastFreight,2026-01-01,2026-01-04,2026-01-11
SH00181,O00195,RapidRoute,2026-02-27,2026-03-01,2026-03-03
SH00182,O00196,FastFreight,2025-11-05,2025-11-09,2025-11-13
SH00183,O00197,FastFreight,2026-05-27,2026-05-29,2026-06-02
SH00184,O00198,MetroLogistics,2025-12-27,2025-12-31,2026-01-01
SH00185,O00199,MetroLogistics,2025-09-30,2025-10-01,2025-10-02
SH00186,O00202,RapidRoute,2025-09-07,2025-09-11,2025-09-17
SH00187,O00203,FastFreight,2026-02-10,2026-02-14,2026-02-12
SH00188,O00204,FastFreight,2026-07-03,2026-07-04,2026-07-05
SH00189,O00205,MetroLogistics,2026-05-23,2026-05-24,2026-05-23
SH00190,O00206,BlueArrow Shipping,2026-07-11,2026-07-13,2026-07-19
SH00191,O00207,MetroLogistics,2026-02-02,2026-02-07,2026-02-06
SH00192,O00208,RapidRoute,2026-01-17,2026-01-19,2026-01-25
SH00193,O00209,FastFreight,2026-05-20,2026-05-23,2026-05-23
SH00194,O00210,MetroLogistics,2025-10-29,2025-11-01,2025-11-04
SH00195,O00211,BlueArrow Shipping,2025-11-28,2025-11-30,2025-12-05
SH00196,O00212,BlueArrow Shipping,2026-04-09,2026-04-12,2026-04-15
SH00197,O00213,BlueArrow Shipping,2026-05-04,2026-05-05,2026-05-07
SH00198,O00214,MetroLogistics,2025-10-17,2025-10-21,2025-10-24
SH00199,O00215,FastFreight,2026-03-08,2026-03-09,2026-03-11
SH00200,O00216,FastFreight,2026-01-21,2026-01-24,2026-01-17
SH00201,O00217,FastFreight,2026-03-05,2026-03-07,2026-03-11
SH00202,O00218,BlueArrow Shipping,2026-08-18,2026-08-21,2026-08-22
SH00203,O00219,RapidRoute,2025-09-29,2025-10-02,2025-10-07
SH00204,O00220,FastFreight,2026-09-03,2026-09-07,2026-09-09
SH00205,O00221,FastFreight,2026-02-14,2026-02-18,2026-02-18
SH00206,O00222,BlueArrow Shipping,2026-06-12,2026-06-14,2026-06-14
SH00207,O00223,BlueArrow Shipping,2026-02-04,2026-02-07,2026-02-07
SH00208,O00224,MetroLogistics,2026-01-03,2026-01-05,2025-12-28
SH00209,O00225,FastFreight,2026-06-10,2026-06-12,2026-06-17
SH00210,O00226,RapidRoute,2026-05-13,2026-05-15,2026-05-16
SH00211,O00227,BlueArrow Shipping,2025-10-24,2025-10-27,2025-11-02
SH00212,O00228,BlueArrow Shipping,2026-05-20,2026-05-24,2026-05-23
SH00213,O00229,FastFreight,2026-06-03,2026-06-07,2026-06-11
SH00214,O00230,RapidRoute,2026-01-21,2026-01-22,2026-01-28
SH00215,O00231,FastFreight,2026-08-08,2026-08-09,2026-08-11
SH00216,O00232,BlueArrow Shipping,2026-04-26,2026-04-28,2026-05-02
SH00217,O00233,BlueArrow Shipping,2026-01-04,2026-01-07,2026-01-08
SH00218,O00234,BlueArrow Shipping,2025-09-08,2025-09-10,2025-09-12
SH00219,O00235,BlueArrow Shipping,2026-05-07,2026-05-12,2026-05-13
SH00220,O00236,MetroLogistics,2025-11-17,2025-11-20,2025-11-25
SH00221,O00237,MetroLogistics,2026-06-07,2026-06-12,2026-06-11
SH00222,O00238,MetroLogistics,2026-03-14,2026-03-19,2026-03-16
SH00223,O00239,RapidRoute,2026-02-21,2026-02-22,2026-02-25
SH00224,O00240,BlueArrow Shipping,2025-11-06,2025-11-11,2025-11-06
SH00225,O00241,MetroLogistics,2026-05-19,2026-05-20,2026-05-29
SH00226,O00242,BlueArrow Shipping,2025-11-03,2025-11-04,2025-11-11
SH00227,O00243,RapidRoute,2026-02-04,2026-02-07,2026-02-06
SH00228,O00244,BlueArrow Shipping,2026-07-15,2026-07-18,2026-07-10
SH00229,O00245,MetroLogistics,2026-08-05,2026-08-09,2026-08-10
SH00230,O00246,FastFreight,2026-08-30,2026-08-31,2026-09-03
SH00231,O00247,RapidRoute,2026-08-18,2026-08-19,2026-08-21
SH00232,O00248,FastFreight,2026-03-25,2026-03-29,2026-04-02
SH00233,O00249,BlueArrow Shipping,2025-11-16,2025-11-19,2025-11-22
SH00234,O00250,FastFreight,2026-07-05,2026-07-07,2026-07-11
SH00235,O00251,RapidRoute,2026-06-22,2026-06-23,2026-06-26
SH00236,O00252,FastFreight,2026-08-31,2026-09-02,2026-09-05
SH00237,O00253,BlueArrow Shipping,2026-04-30,2026-05-02,2026-05-02
SH00238,O00254,RapidRoute,2025-10-26,2025-10-29,2025-10-28
SH00239,O00255,BlueArrow Shipping,2026-03-07,2026-03-12,2026-03-14
SH00240,O00256,BlueArrow Shipping,2026-02-12,2026-02-15,2026-02-20
SH00241,O00257,BlueArrow Shipping,2026-07-07,2026-07-10,2026-07-12
SH00242,O00258,BlueArrow Shipping,2026-01-29,2026-02-03,2026-01-28
SH00243,O00259,RapidRoute,2026-01-02,2026-01-03,2026-01-08
SH00244,O00260,FastFreight,2025-10-02,2025-10-03,2025-10-09
SH00245,O00261,RapidRoute,2026-07-06,2026-07-11,2026-07-12
SH00246,O00262,RapidRoute,2026-06-06,2026-06-11,2026-06-13
SH00247,O00264,RapidRoute,2026-02-09,2026-02-12,2026-02-13
SH00248,O00265,FastFreight,2026-03-05,2026-03-07,2026-03-04
SH00249,O00266,FastFreight,2026-02-22,2026-02-23,2026-02-26
SH00250,O00267,FastFreight,2026-08-05,2026-08-06,2026-08-07
SH00251,O00268,MetroLogistics,2025-10-27,2025-11-01,2025-10-30
SH00252,O00269,RapidRoute,2025-12-28,2026-01-01,2025-12-26
SH00253,O00270,RapidRoute,2025-11-09,2025-11-14,2025-11-17
SH00254,O00271,BlueArrow Shipping,2025-12-03,2025-12-06,2025-12-09
SH00255,O00272,MetroLogistics,2026-08-05,2026-08-09,2026-08-05
SH00256,O00273,FastFreight,2026-08-14,2026-08-19,2026-08-21
SH00257,O00274,BlueArrow Shipping,2025-09-20,2025-09-22,2025-09-27
SH00258,O00275,FastFreight,2026-04-21,2026-04-24,2026-04-24
SH00259,O00276,FastFreight,2025-11-27,2025-11-29,2025-11-30
SH00260,O00277,MetroLogistics,2025-11-13,2025-11-16,2025-11-17
SH00261,O00278,RapidRoute,2025-12-20,2025-12-22,2025-12-26
SH00262,O00279,BlueArrow Shipping,2025-11-12,2025-11-14,2025-11-19
SH00263,O00280,FastFreight,2026-02-27,2026-03-01,2026-03-05
SH00264,O00281,FastFreight,2026-08-31,2026-09-05,2026-09-09
SH00265,O00282,RapidRoute,2026-04-04,2026-04-06,2026-04-10
SH00266,O00283,BlueArrow Shipping,2026-05-25,2026-05-29,2026-06-02
SH00267,O00284,BlueArrow Shipping,2026-03-04,2026-03-07,2026-03-10
SH00268,O00285,MetroLogistics,2025-09-09,2025-09-13,2025-09-15
SH00269,O00286,RapidRoute,2025-10-02,2025-10-03,2025-10-06
SH00270,O00287,BlueArrow Shipping,2025-12-14,2025-12-18,2025-12-14
SH00271,O00288,FastFreight,2025-12-02,2025-12-06,2025-12-09
SH00272,O00289,BlueArrow Shipping,2026-07-05,2026-07-06,2026-07-14
SH00273,O00290,MetroLogistics,2026-07-08,2026-07-10,2026-07-11
SH00274,O00291,RapidRoute,2026-07-11,2026-07-16,2026-07-20
SH00275,O00292,BlueArrow Shipping,2026-04-25,2026-04-27,2026-04-28
SH00276,O00293,FastFreight,2026-03-26,2026-03-29,2026-03-30
SH00277,O00294,FastFreight,2026-04-28,2026-05-03,2026-05-02
SH00278,O00295,FastFreight,2026-02-06,2026-02-11,2026-02-04
SH00279,O00296,FastFreight,2026-05-07,2026-05-09,2026-05-13
SH00280,O00297,FastFreight,2026-06-20,2026-06-24,2026-06-23
SH00281,O00298,BlueArrow Shipping,2026-06-09,2026-06-14,2026-06-17
SH00282,O00299,FastFreight,2026-04-17,2026-04-20,2026-04-20
SH00283,O00300,MetroLogistics,2025-09-25,2025-09-30,2025-10-03
SH00284,O00302,MetroLogistics,2026-01-14,2026-01-18,2026-01-23
SH00285,O00303,BlueArrow Shipping,2026-06-01,2026-06-05,2026-06-07
SH00286,O00304,FastFreight,2026-03-17,2026-03-21,2026-03-21
SH00287,O00306,MetroLogistics,2026-01-04,2026-01-05,2026-01-11
SH00288,O00307,RapidRoute,2026-08-13,2026-08-14,2026-08-16
SH00289,O00308,FastFreight,2026-07-10,2026-07-15,2026-07-17
SH00290,O00309,RapidRoute,2026-01-03,2026-01-07,2026-01-04
SH00291,O00310,FastFreight,2026-02-26,2026-03-03,2026-03-06
SH00292,O00311,BlueArrow Shipping,2026-03-16,2026-03-19,2026-03-20
SH00293,O00313,MetroLogistics,2026-05-13,2026-05-15,2026-05-20
SH00294,O00314,MetroLogistics,2026-07-15,2026-07-20,2026-07-17
SH00295,O00315,BlueArrow Shipping,2026-01-16,2026-01-21,2026-01-25
SH00296,O00316,BlueArrow Shipping,2026-03-06,2026-03-11,2026-03-09
SH00297,O00317,BlueArrow Shipping,2026-02-08,2026-02-13,2026-02-13
SH00298,O00318,BlueArrow Shipping,2026-08-07,2026-08-08,2026-08-07
SH00299,O00319,MetroLogistics,2025-12-22,2025-12-27,2025-12-28
SH00300,O00320,BlueArrow Shipping,2026-04-04,2026-04-05,2026-04-10
SH00301,O00321,FastFreight,2025-10-15,2025-10-19,2025-10-21
SH00302,O00322,FastFreight,2026-07-16,2026-07-17,2026-07-18
SH00303,O00323,FastFreight,2026-01-21,2026-01-22,2026-01-25
SH00304,O00324,RapidRoute,2026-01-13,2026-01-17,2026-01-14
SH00305,O00325,BlueArrow Shipping,2026-04-05,2026-04-07,2026-04-07
SH00306,O00326,MetroLogistics,2026-03-03,2026-03-08,2026-03-09
SH00307,O00327,BlueArrow Shipping,2026-07-08,2026-07-10,2026-07-18
SH00308,O00328,MetroLogistics,2026-03-14,2026-03-18,2026-03-18
SH00309,O00329,BlueArrow Shipping,2026-03-10,2026-03-14,2026-03-15
SH00310,O00330,MetroLogistics,2025-10-12,2025-10-17,2025-10-19
SH00311,O00331,BlueArrow Shipping,2025-09-16,2025-09-21,2025-09-16
SH00312,O00332,FastFreight,2026-01-25,2026-01-28,2026-01-30
SH00313,O00333,FastFreight,2026-09-01,2026-09-03,2026-09-05
SH00314,O00334,RapidRoute,2026-08-05,2026-08-08,2026-08-07
SH00315,O00335,BlueArrow Shipping,2026-04-19,2026-04-23,2026-04-24
SH00316,O00336,BlueArrow Shipping,2026-05-01,2026-05-06,2026-04-30
SH00317,O00337,BlueArrow Shipping,2026-01-28,2026-01-29,2026-01-29
SH00318,O00338,RapidRoute,2025-11-05,2025-11-06,2025-11-10
SH00319,O00339,FastFreight,2025-09-07,2025-09-10,2025-09-14
SH00320,O00340,RapidRoute,2026-01-04,2026-01-07,2026-01-11
SH00321,O00341,MetroLogistics,2025-12-28,2026-01-02,2026-01-01
SH00322,O00342,BlueArrow Shipping,2025-11-10,2025-11-12,2025-11-15
SH00323,O00343,RapidRoute,2025-12-07,2025-12-08,2025-12-10
SH00324,O00344,RapidRoute,2025-09-19,2025-09-20,2025-09-19
SH00325,O00345,MetroLogistics,2026-04-11,2026-04-16,2026-04-20
SH00326,O00346,RapidRoute,2026-08-08,2026-08-12,2026-08-14
SH00327,O00347,FastFreight,2026-05-14,2026-05-19,2026-05-19
SH00328,O00348,FastFreight,2026-02-12,2026-02-14,2026-02-19
SH00329,O00349,FastFreight,2026-02-04,2026-02-05,2026-02-12
SH00330,O00350,MetroLogistics,2025-12-25,2025-12-28,2025-12-30
SH00331,O00352,BlueArrow Shipping,2026-04-09,2026-04-10,2026-04-16
SH00332,O00353,MetroLogistics,2026-03-29,2026-03-30,2026-04-01
SH00333,O00355,RapidRoute,2026-02-03,2026-02-08,2026-02-07
SH00334,O00356,BlueArrow Shipping,2025-12-12,2025-12-14,2025-12-16
SH00335,O00357,BlueArrow Shipping,2025-11-06,2025-11-07,2025-11-10
SH00336,O00358,RapidRoute,2026-05-16,2026-05-18,2026-05-25
SH00337,O00359,MetroLogistics,2026-03-14,2026-03-16,2026-03-20
SH00338,O00360,MetroLogistics,2026-04-22,2026-04-27,2026-05-01
SH00339,O00361,FastFreight,2026-05-29,2026-06-02,2026-05-26
SH00340,O00362,RapidRoute,2026-08-28,2026-08-31,2026-09-04
SH00341,O00363,FastFreight,2026-06-24,2026-06-27,2026-07-01
SH00342,O00364,BlueArrow Shipping,2026-04-18,2026-04-22,2026-04-24
SH00343,O00365,RapidRoute,2026-07-20,2026-07-21,2026-07-28
SH00344,O00366,MetroLogistics,2026-03-01,2026-03-04,2026-03-02
SH00345,O00367,FastFreight,2026-08-29,2026-08-31,2026-09-02
SH00346,O00368,BlueArrow Shipping,2026-06-06,2026-06-07,2026-06-14
SH00347,O00369,MetroLogistics,2026-04-30,2026-05-03,2026-05-03
SH00348,O00370,RapidRoute,2026-08-05,2026-08-09,2026-08-05
SH00349,O00371,MetroLogistics,2026-03-12,2026-03-16,2026-03-19
SH00350,O00372,MetroLogistics,2026-05-23,2026-05-24,2026-05-27
SH00351,O00373,BlueArrow Shipping,2025-12-16,2025-12-18,2025-12-22
SH00352,O00374,MetroLogistics,2026-08-21,2026-08-23,2026-08-25
SH00353,O00375,RapidRoute,2026-04-20,2026-04-21,2026-04-21
SH00354,O00376,BlueArrow Shipping,2026-06-15,2026-06-18,2026-06-19
SH00355,O00377,RapidRoute,2026-02-20,2026-02-23,2026-02-26
SH00356,O00378,MetroLogistics,2026-07-15,2026-07-19,2026-07-21
SH00357,O00379,FastFreight,2025-10-02,2025-10-06,2025-10-03
SH00358,O00380,FastFreight,2025-10-15,2025-10-20,2025-10-22
SH00359,O00381,FastFreight,2026-03-09,2026-03-12,2026-03-11
SH00360,O00382,RapidRoute,2026-05-27,2026-05-29,2026-06-02
SH00361,O00383,FastFreight,2026-06-25,2026-06-28,2026-06-29
SH00362,O00384,FastFreight,2026-02-15,2026-02-19,2026-02-18
SH00363,O00385,BlueArrow Shipping,2026-04-29,2026-05-01,2026-05-07
SH00364,O00386,FastFreight,2026-03-22,2026-03-25,2026-04-01
SH00365,O00387,RapidRoute,2026-08-20,2026-08-25,2026-08-22
SH00366,O00388,RapidRoute,2026-04-29,2026-05-03,2026-05-08
SH00367,O00389,MetroLogistics,2026-02-01,2026-02-05,2026-02-09
SH00368,O00390,BlueArrow Shipping,2026-08-26,2026-08-31,2026-08-30
SH00369,O00391,MetroLogistics,2025-10-13,2025-10-14,2025-10-15
SH00370,O00392,MetroLogistics,2026-08-27,2026-08-30,2026-09-05
SH00371,O00393,MetroLogistics,2025-10-31,2025-11-02,2025-11-03
SH00372,O00394,MetroLogistics,2025-12-18,2025-12-20,2025-12-22
SH00373,O00395,MetroLogistics,2026-06-29,2026-07-03,2026-07-08
SH00374,O00396,FastFreight,2026-06-05,2026-06-09,2026-06-05
SH00375,O00397,BlueArrow Shipping,2026-08-25,2026-08-28,2026-08-29
SH00376,O00399,FastFreight,2026-04-25,2026-04-28,2026-04-30
SH00377,O00401,RapidRoute,2025-09-03,2025-09-06,2025-09-09
SH00378,O00402,RapidRoute,2025-10-17,2025-10-22,2025-10-27
SH00379,O00403,FastFreight,2025-12-22,2025-12-23,2025-12-23
SH00380,O00404,FastFreight,2025-09-17,2025-09-20,2025-09-24
SH00381,O00405,MetroLogistics,2026-03-07,2026-03-08,2026-03-10
SH00382,O00406,FastFreight,2026-06-15,2026-06-20,2026-06-19
SH00383,O00407,MetroLogistics,2026-08-19,2026-08-21,2026-08-26
SH00384,O00409,RapidRoute,2026-07-19,2026-07-20,2026-07-27
SH00385,O00410,MetroLogistics,2026-08-28,2026-09-02,2026-09-06
SH00386,O00412,RapidRoute,2026-02-20,2026-02-24,2026-02-27
SH00387,O00413,FastFreight,2025-12-30,2026-01-04,2026-01-08
SH00388,O00414,BlueArrow Shipping,2026-08-24,2026-08-26,2026-08-28
SH00389,O00415,BlueArrow Shipping,2025-12-01,2025-12-03,2025-12-06
SH00390,O00416,FastFreight,2026-02-01,2026-02-05,2026-02-07
SH00391,O00417,MetroLogistics,2025-10-01,2025-10-06,2025-10-03
SH00392,O00418,MetroLogistics,2026-06-19,2026-06-24,2026-06-26
SH00393,O00419,BlueArrow Shipping,2026-05-04,2026-05-06,2026-05-01
SH00394,O00420,RapidRoute,2025-10-04,2025-10-08,2025-10-10
SH00395,O00421,BlueArrow Shipping,2025-11-28,2025-12-03,2025-11-27
SH00396,O00422,BlueArrow Shipping,2026-03-25,2026-03-29,2026-04-02
SH00397,O00423,BlueArrow Shipping,2026-03-19,2026-03-23,2026-03-24
SH00398,O00424,RapidRoute,2026-06-22,2026-06-23,2026-06-29
SH00399,O00425,BlueArrow Shipping,2025-12-10,2025-12-14,2025-12-16
SH00400,O00426,MetroLogistics,2026-08-07,2026-08-08,2026-08-15
SH00401,O00427,FastFreight,2026-02-13,2026-02-16,2026-02-17
SH00402,O00428,RapidRoute,2026-07-01,2026-07-04,2026-07-05
SH00403,O00429,RapidRoute,2025-11-29,2025-11-30,2025-12-06
SH00404,O00430,RapidRoute,2025-09-15,2025-09-18,2025-09-19
SH00405,O00431,BlueArrow Shipping,2025-09-23,2025-09-25,2025-09-29
SH00406,O00432,MetroLogistics,2026-01-27,2026-01-28,2026-01-22
SH00407,O00433,BlueArrow Shipping,2026-08-17,2026-08-21,2026-08-25
SH00408,O00434,MetroLogistics,2025-09-22,2025-09-26,2025-09-26
SH00409,O00435,RapidRoute,2026-01-16,2026-01-21,2026-01-23
SH00410,O00437,FastFreight,2026-08-08,2026-08-12,2026-08-17
SH00411,O00438,RapidRoute,2026-05-08,2026-05-09,2026-05-11
SH00412,O00439,BlueArrow Shipping,2026-06-07,2026-06-08,2026-06-15
SH00413,O00440,RapidRoute,2026-05-20,2026-05-25,2026-05-28
SH00414,O00442,FastFreight,2026-06-12,2026-06-13,2026-06-18
SH00415,O00443,BlueArrow Shipping,2025-09-04,2025-09-06,2025-09-09
SH00416,O00444,MetroLogistics,2026-07-15,2026-07-17,2026-07-21
SH00417,O00445,BlueArrow Shipping,2026-05-30,2026-05-31,2026-06-03
SH00418,O00446,BlueArrow Shipping,2026-05-29,2026-06-02,2026-06-08
SH00419,O00447,BlueArrow Shipping,2026-01-24,2026-01-28,2026-01-27
SH00420,O00448,BlueArrow Shipping,2026-06-22,2026-06-27,2026-06-25
SH00421,O00449,FastFreight,2026-01-20,2026-01-23,2026-01-23
SH00422,O00450,MetroLogistics,2025-09-20,2025-09-23,2025-09-24
SH00423,O00451,MetroLogistics,2026-08-08,2026-08-10,2026-08-04
SH00424,O00452,RapidRoute,2025-12-03,2025-12-04,2025-12-04
SH00425,O00454,BlueArrow Shipping,2026-04-24,2026-04-29,2026-04-20
SH00426,O00455,FastFreight,2025-11-26,2025-12-01,2025-12-04
SH00427,O00456,MetroLogistics,2026-07-12,2026-07-17,2026-07-18
SH00428,O00457,BlueArrow Shipping,2026-02-17,2026-02-18,2026-02-16
SH00429,O00458,MetroLogistics,2025-09-05,2025-09-08,2025-09-10
SH00430,O00459,BlueArrow Shipping,2026-08-22,2026-08-26,2026-08-19
SH00431,O00460,RapidRoute,2026-03-19,2026-03-24,2026-03-15
SH00432,O00461,BlueArrow Shipping,2025-12-07,2025-12-10,2025-12-13
SH00433,O00462,BlueArrow Shipping,2026-05-09,2026-05-10,2026-05-16
SH00434,O00463,BlueArrow Shipping,2026-03-16,2026-03-21,2026-03-19
SH00435,O00464,MetroLogistics,2025-09-12,2025-09-13,2025-09-16
SH00436,O00465,BlueArrow Shipping,2026-06-09,2026-06-13,2026-06-10
SH00437,O00466,FastFreight,2026-01-28,2026-01-30,2026-02-05
SH00438,O00467,RapidRoute,2026-05-15,2026-05-16,2026-05-21
SH00439,O00468,MetroLogistics,2026-07-28,2026-07-31,2026-07-30
SH00440,O00469,RapidRoute,2026-04-14,2026-04-16,2026-04-16
SH00441,O00470,MetroLogistics,2026-05-08,2026-05-11,2026-05-10
SH00442,O00471,RapidRoute,2025-12-06,2025-12-07,2025-12-10
SH00443,O00472,BlueArrow Shipping,2025-11-28,2025-12-02,2025-12-07
SH00444,O00473,RapidRoute,2026-02-09,2026-02-11,2026-02-09
SH00445,O00474,MetroLogistics,2026-07-10,2026-07-11,2026-07-19
SH00446,O00475,BlueArrow Shipping,2026-03-13,2026-03-15,2026-03-16
SH00447,O00476,BlueArrow Shipping,2026-01-16,2026-01-17,2026-01-15
SH00448,O00477,BlueArrow Shipping,2026-06-15,2026-06-18,2026-06-20
SH00449,O00478,MetroLogistics,2026-07-10,2026-07-13,2026-07-15
SH00450,O00479,MetroLogistics,2026-07-28,2026-08-01,2026-08-04
SH00451,O00480,FastFreight,2025-12-23,2025-12-28,2025-12-28
SH00452,O00481,BlueArrow Shipping,2026-05-22,2026-05-23,2026-05-23
SH00453,O00482,MetroLogistics,2026-04-07,2026-04-08,2026-04-15
SH00454,O00483,FastFreight,2026-02-14,2026-02-17,2026-02-21
SH00455,O00484,MetroLogistics,2026-01-27,2026-01-28,2026-02-03
SH00456,O00485,MetroLogistics,2025-10-13,2025-10-18,2025-10-17
SH00457,O00486,BlueArrow Shipping,2025-12-14,2025-12-19,2025-12-15
SH00458,O00487,RapidRoute,2026-03-21,2026-03-24,2026-03-31
SH00459,O00488,RapidRoute,2026-07-24,2026-07-29,2026-08-01
SH00460,O00489,BlueArrow Shipping,2026-07-24,2026-07-27,2026-07-23
SH00461,O00490,RapidRoute,2025-11-12,2025-11-15,2025-11-14
SH00462,O00491,FastFreight,2026-05-07,2026-05-11,2026-05-13
SH00463,O00492,RapidRoute,2025-10-04,2025-10-07,2025-10-11
SH00464,O00493,BlueArrow Shipping,2026-05-10,2026-05-14,2026-05-16
SH00465,O00494,MetroLogistics,2026-01-04,2026-01-06,2026-01-12
SH00466,O00495,MetroLogistics,2026-02-14,2026-02-17,2026-02-19
SH00467,O00496,MetroLogistics,2026-05-24,2026-05-29,2026-05-30
SH00468,O00497,RapidRoute,2026-02-05,2026-02-10,2026-02-09
SH00469,O00498,MetroLogistics,2026-06-25,2026-06-26,2026-06-27
SH00470,O00499,FastFreight,2026-03-17,2026-03-18,2026-03-21
SH00471,O00501,RapidRoute,2026-04-28,2026-05-01,2026-04-29
SH00472,O00503,BlueArrow Shipping,2026-06-14,2026-06-15,2026-06-19
SH00473,O00504,MetroLogistics,2026-02-01,2026-02-05,2026-02-05
SH00474,O00505,BlueArrow Shipping,2026-03-15,2026-03-18,2026-03-24
SH00475,O00506,MetroLogistics,2025-10-24,2025-10-29,2025-10-26
SH00476,O00507,BlueArrow Shipping,2025-10-18,2025-10-19,2025-10-23
SH00477,O00508,FastFreight,2026-03-30,2026-03-31,2026-04-03
SH00478,O00509,MetroLogistics,2025-11-12,2025-11-14,2025-11-19
SH00479,O00510,MetroLogistics,2026-09-03,2026-09-04,2026-09-08
SH00480,O00511,RapidRoute,2026-07-12,2026-07-13,2026-07-21
SH00481,O00512,RapidRoute,2026-05-17,2026-05-21,2026-05-25
SH00482,O00513,RapidRoute,2026-05-28,2026-06-01,2026-06-02
SH00483,O00514,MetroLogistics,2026-04-07,2026-04-11,2026-04-11
SH00484,O00515,MetroLogistics,2025-09-24,2025-09-27,2025-10-04
SH00485,O00516,BlueArrow Shipping,2026-01-23,2026-01-25,2026-01-30
SH00486,O00517,MetroLogistics,2026-03-03,2026-03-08,2026-03-05
SH00487,O00518,BlueArrow Shipping,2026-08-05,2026-08-10,2026-08-10
SH00488,O00519,BlueArrow Shipping,2025-11-26,2025-11-28,2025-12-01
SH00489,O00520,RapidRoute,2026-03-02,2026-03-07,2026-03-10
SH00490,O00521,MetroLogistics,2026-01-06,2026-01-10,2026-01-10
SH00491,O00522,FastFreight,2025-10-23,2025-10-25,2025-10-27
SH00492,O00523,MetroLogistics,2025-10-12,2025-10-14,2025-10-14
SH00493,O00524,RapidRoute,2026-01-24,2026-01-27,2026-01-20
SH00494,O00525,MetroLogistics,2025-10-03,2025-10-04,2025-10-08
SH00495,O00526,MetroLogistics,2025-09-28,2025-09-30,2025-10-02
SH00496,O00528,MetroLogistics,2025-11-15,2025-11-19,2025-11-19
SH00497,O00529,MetroLogistics,2026-03-25,2026-03-28,2026-03-27
SH00498,O00530,RapidRoute,2025-09-08,2025-09-09,2025-09-17
SH00499,O00531,BlueArrow Shipping,2025-12-21,2025-12-22,2025-12-30
SH00500,O00532,RapidRoute,2026-02-17,2026-02-21,2026-02-18
SH00501,O00533,FastFreight,2026-08-19,2026-08-24,2026-08-24
SH00502,O00534,BlueArrow Shipping,2026-04-21,2026-04-25,2026-04-28
SH00503,O00535,FastFreight,2026-07-22,2026-07-23,2026-07-28
SH00504,O00536,FastFreight,2026-01-12,2026-01-16,2026-01-15
SH00505,O00537,RapidRoute,2026-02-16,2026-02-18,2026-02-21
SH00506,O00538,MetroLogistics,2026-02-05,2026-02-08,2026-02-10
SH00507,O00539,MetroLogistics,2026-07-25,2026-07-28,2026-07-31
SH00508,O00540,FastFreight,2026-08-23,2026-08-28,2026-08-26
SH00509,O00541,FastFreight,2026-08-22,2026-08-27,2026-08-29
SH00510,O00542,BlueArrow Shipping,2026-06-04,2026-06-05,2026-06-13
SH00511,O00543,BlueArrow Shipping,2026-03-04,2026-03-05,2026-03-11
SH00512,O00544,BlueArrow Shipping,2026-03-21,2026-03-26,2026-03-22
SH00513,O00545,FastFreight,2026-08-27,2026-08-29,2026-09-04
SH00514,O00546,RapidRoute,2025-12-14,2025-12-15,2025-12-20
SH00515,O00547,FastFreight,2026-01-09,2026-01-10,2026-01-11
SH00516,O00549,MetroLogistics,2026-01-23,2026-01-26,2026-01-25
SH00517,O00550,BlueArrow Shipping,2025-11-27,2025-12-02,2025-12-05
SH00518,O00551,FastFreight,2026-03-25,2026-03-30,2026-03-30
SH00519,O00552,BlueArrow Shipping,2026-01-01,2026-01-05,2026-01-08
SH00520,O00553,BlueArrow Shipping,2026-07-26,2026-07-28,2026-07-29
SH00521,O00554,BlueArrow Shipping,2026-08-02,2026-08-06,2026-08-03
SH00522,O00555,MetroLogistics,2026-01-02,2026-01-07,2025-12-30
SH00523,O00557,RapidRoute,2026-08-30,2026-09-02,2026-09-01
SH00524,O00558,FastFreight,2026-06-02,2026-06-05,2026-06-04
SH00525,O00559,BlueArrow Shipping,2025-11-21,2025-11-24,2025-11-23
SH00526,O00560,MetroLogistics,2026-04-05,2026-04-10,2026-04-13
SH00527,O00561,MetroLogistics,2026-04-17,2026-04-21,2026-04-21
SH00528,O00562,FastFreight,2026-04-30,2026-05-01,2026-05-07
SH00529,O00563,BlueArrow Shipping,2025-09-11,2025-09-16,2025-09-16
SH00530,O00564,FastFreight,2025-12-20,2025-12-23,2025-12-26
SH00531,O00565,MetroLogistics,2026-07-16,2026-07-19,2026-07-17
SH00532,O00566,MetroLogistics,2025-12-06,2025-12-07,2025-12-06
SH00533,O00567,FastFreight,2025-12-21,2025-12-25,2025-12-29
SH00534,O00568,RapidRoute,2025-12-31,2026-01-01,2026-01-01
SH00535,O00569,MetroLogistics,2025-11-17,2025-11-18,2025-11-10
SH00536,O00570,RapidRoute,2025-10-29,2025-11-02,2025-11-06
SH00537,O00571,BlueArrow Shipping,2026-01-06,2026-01-08,2026-01-15
SH00538,O00572,MetroLogistics,2026-07-21,2026-07-25,2026-07-24
SH00539,O00573,BlueArrow Shipping,2025-09-05,2025-09-07,2025-09-06
SH00540,O00574,MetroLogistics,2025-12-16,2025-12-20,2025-12-23
SH00541,O00576,MetroLogistics,2026-03-25,2026-03-29,2026-04-02
SH00542,O00577,RapidRoute,2025-12-03,2025-12-07,2025-12-09
SH00543,O00578,BlueArrow Shipping,2026-06-20,2026-06-24,2026-06-24
SH00544,O00580,RapidRoute,2026-06-18,2026-06-22,2026-06-23
SH00545,O00581,RapidRoute,2026-04-23,2026-04-25,2026-04-27
SH00546,O00582,RapidRoute,2026-02-10,2026-02-13,2026-02-15
SH00547,O00583,MetroLogistics,2026-07-17,2026-07-18,2026-07-22
SH00548,O00584,MetroLogistics,2026-02-22,2026-02-24,2026-02-28
SH00549,O00585,RapidRoute,2026-08-16,2026-08-19,2026-08-24
SH00550,O00586,RapidRoute,2026-09-03,2026-09-07,2026-09-07
SH00551,O00587,MetroLogistics,2026-04-04,2026-04-09,2026-04-11
SH00552,O00588,BlueArrow Shipping,2026-05-07,2026-05-11,2026-05-14
SH00553,O00589,BlueArrow Shipping,2025-12-06,2025-12-07,2025-12-12
SH00554,O00590,FastFreight,2026-06-27,2026-06-29,2026-07-03
SH00555,O00591,FastFreight,2026-05-14,2026-05-17,2026-05-11
SH00556,O00592,FastFreight,2026-07-30,2026-08-02,2026-08-06
SH00557,O00593,MetroLogistics,2025-12-16,2025-12-21,2025-12-17
SH00558,O00594,RapidRoute,2026-06-18,2026-06-19,2026-06-20
SH00559,O00595,MetroLogistics,2026-02-22,2026-02-25,2026-02-28
SH00560,O00596,RapidRoute,2025-11-09,2025-11-13,2025-11-18
SH00561,O00597,MetroLogistics,2025-11-03,2025-11-06,2025-11-10
SH00562,O00598,MetroLogistics,2026-03-26,2026-03-28,2026-04-05
SH00563,O00599,MetroLogistics,2025-12-27,2025-12-28,2026-01-02
SH00564,O00602,BlueArrow Shipping,2026-04-29,2026-05-03,2026-05-03
SH00565,O00603,BlueArrow Shipping,2025-12-29,2026-01-02,2026-01-03
SH00566,O00604,MetroLogistics,2026-08-18,2026-08-22,2026-08-20
SH00567,O00606,RapidRoute,2026-03-11,2026-03-16,2026-03-12
SH00568,O00607,BlueArrow Shipping,2026-08-10,2026-08-15,2026-08-17
SH00569,O00608,BlueArrow Shipping,2026-02-07,2026-02-08,2026-02-11
SH00570,O00609,MetroLogistics,2025-10-26,2025-10-29,2025-10-26
SH00571,O00610,BlueArrow Shipping,2025-09-18,2025-09-20,2025-09-22
SH00572,O00611,MetroLogistics,2026-08-16,2026-08-21,2026-08-15
SH00573,O00612,RapidRoute,2026-08-21,2026-08-22,2026-08-23
SH00574,O00613,MetroLogistics,2026-05-30,2026-06-03,2026-06-05
SH00575,O00614,MetroLogistics,2025-10-12,2025-10-14,2025-10-15
SH00576,O00615,MetroLogistics,2025-12-19,2025-12-20,2025-12-26
SH00577,O00616,RapidRoute,2025-09-16,2025-09-19,2025-09-22
SH00578,O00617,RapidRoute,2025-09-23,2025-09-25,2025-09-25
SH00579,O00618,MetroLogistics,2025-12-01,2025-12-05,2025-12-08
SH00580,O00619,RapidRoute,2026-03-31,2026-04-02,2026-04-08
SH00581,O00620,MetroLogistics,2025-10-06,2025-10-07,2025-10-04
SH00582,O00621,FastFreight,2026-08-27,2026-08-28,2026-09-01
SH00583,O00622,FastFreight,2026-02-18,2026-02-19,2026-02-22
SH00584,O00623,MetroLogistics,2025-12-07,2025-12-10,2025-12-12
SH00585,O00624,MetroLogistics,2026-03-12,2026-03-14,2026-03-13
SH00586,O00625,MetroLogistics,2026-06-18,2026-06-19,2026-06-22
SH00587,O00626,MetroLogistics,2025-12-26,2025-12-28,2026-01-03
SH00588,O00627,FastFreight,2025-09-20,2025-09-25,2025-09-29
SH00589,O00628,MetroLogistics,2025-09-22,2025-09-27,2025-09-28
SH00590,O00629,BlueArrow Shipping,2026-07-09,2026-07-11,2026-07-19
SH00591,O00631,MetroLogistics,2026-04-23,2026-04-26,2026-04-27
SH00592,O00632,MetroLogistics,2026-01-22,2026-01-23,2026-01-24
SH00593,O00633,FastFreight,2026-06-15,2026-06-18,2026-06-22
SH00594,O00635,FastFreight,2026-07-29,2026-08-02,2026-08-04
SH00595,O00636,RapidRoute,2026-05-17,2026-05-18,2026-05-22
SH00596,O00637,RapidRoute,2026-02-19,2026-02-24,2026-02-16
SH00597,O00638,MetroLogistics,2025-11-17,2025-11-22,2025-11-26
SH00598,O00639,RapidRoute,2026-08-27,2026-09-01,2026-08-28
SH00599,O00640,FastFreight,2025-12-24,2025-12-26,2025-12-25
SH00600,O00641,FastFreight,2026-03-02,2026-03-07,2026-03-04
SH00601,O00642,BlueArrow Shipping,2026-01-23,2026-01-24,2026-02-02
SH00602,O00643,BlueArrow Shipping,2025-11-25,2025-11-30,2025-12-04
SH00603,O00644,BlueArrow Shipping,2026-02-02,2026-02-03,2026-02-05
SH00604,O00646,MetroLogistics,2025-09-04,2025-09-06,2025-09-08
SH00605,O00647,RapidRoute,2025-12-19,2025-12-24,2025-12-23
SH00606,O00648,BlueArrow Shipping,2025-10-14,2025-10-17,2025-10-19
SH00607,O00649,MetroLogistics,2026-02-02,2026-02-04,2026-02-05
SH00608,O00650,MetroLogistics,2026-07-16,2026-07-18,2026-07-17
SH00609,O00651,MetroLogistics,2025-11-03,2025-11-05,2025-11-04
SH00610,O00652,FastFreight,2025-09-04,2025-09-09,2025-09-12
SH00611,O00653,FastFreight,2025-10-14,2025-10-17,2025-10-20
SH00612,O00654,MetroLogistics,2026-03-06,2026-03-07,2026-03-16
SH00613,O00655,FastFreight,2025-12-13,2025-12-14,2025-12-21
SH00614,O00656,RapidRoute,2026-02-27,2026-03-02,2026-03-04
SH00615,O00657,RapidRoute,2025-09-13,2025-09-14,2025-09-16
SH00616,O00658,BlueArrow Shipping,2026-01-06,2026-01-08,2026-01-09
SH00617,O00659,RapidRoute,2026-01-29,2026-02-02,2026-02-03
SH00618,O00660,BlueArrow Shipping,2026-02-08,2026-02-13,2026-02-14
SH00619,O00661,BlueArrow Shipping,2026-03-30,2026-03-31,2026-04-01
SH00620,O00662,RapidRoute,2026-06-15,2026-06-17,2026-06-23
SH00621,O00663,BlueArrow Shipping,2026-02-20,2026-02-22,2026-02-24
SH00622,O00664,RapidRoute,2026-07-07,2026-07-12,2026-07-13
SH00623,O00665,FastFreight,2026-03-15,2026-03-19,2026-03-22
SH00624,O00666,RapidRoute,2025-12-06,2025-12-11,2025-12-11
SH00625,O00667,BlueArrow Shipping,2025-11-24,2025-11-28,2025-12-01
SH00626,O00668,FastFreight,2025-12-31,2026-01-01,2026-01-03
SH00627,O00669,FastFreight,2026-04-08,2026-04-13,2026-04-16
SH00628,O00670,FastFreight,2025-11-30,2025-12-04,2025-12-07
SH00629,O00671,FastFreight,2026-08-01,2026-08-05,2026-08-11
SH00630,O00672,RapidRoute,2026-02-26,2026-02-28,2026-03-03
SH00631,O00673,RapidRoute,2026-07-16,2026-07-20,2026-07-20
SH00632,O00674,RapidRoute,2026-05-10,2026-05-13,2026-05-13
SH00633,O00675,FastFreight,2026-01-11,2026-01-13,2026-01-09
SH00634,O00676,BlueArrow Shipping,2025-11-25,2025-11-27,2025-12-03
SH00635,O00677,RapidRoute,2026-06-02,2026-06-06,2026-06-06
SH00636,O00678,RapidRoute,2026-01-01,2026-01-05,2026-01-10
SH00637,O00679,FastFreight,2025-12-03,2025-12-05,2025-12-08
SH00638,O00680,BlueArrow Shipping,2026-08-07,2026-08-09,2026-08-14
SH00639,O00681,FastFreight,2026-03-07,2026-03-09,2026-03-01
SH00640,O00682,FastFreight,2025-09-21,2025-09-25,2025-09-26
SH00641,O00683,RapidRoute,2026-03-09,2026-03-11,2026-03-09
SH00642,O00684,RapidRoute,2026-02-18,2026-02-22,2026-02-24
SH00643,O00685,FastFreight,2026-07-15,2026-07-17,2026-07-21
SH00644,O00686,RapidRoute,2026-05-20,2026-05-22,2026-05-26
SH00645,O00687,RapidRoute,2025-11-19,2025-11-20,2025-11-18
SH00646,O00689,BlueArrow Shipping,2026-04-12,2026-04-13,2026-04-14
SH00647,O00690,FastFreight,2025-09-20,2025-09-21,2025-09-26
SH00648,O00691,BlueArrow Shipping,2025-12-28,2025-12-29,2026-01-03
SH00649,O00692,BlueArrow Shipping,2025-10-24,2025-10-29,2025-10-28
SH00650,O00693,MetroLogistics,2025-09-11,2025-09-13,2025-09-16
SH00651,O00694,RapidRoute,2026-08-04,2026-08-07,2026-08-11
SH00652,O00696,BlueArrow Shipping,2025-09-06,2025-09-11,2025-09-15
SH00653,O00697,MetroLogistics,2026-08-12,2026-08-15,2026-08-13
SH00654,O00698,MetroLogistics,2025-11-14,2025-11-16,2025-11-13
SH00655,O00700,MetroLogistics,2025-09-16,2025-09-20,2025-09-19
SH00656,O00701,BlueArrow Shipping,2025-10-31,2025-11-04,2025-11-03
SH00657,O00702,MetroLogistics,2025-10-13,2025-10-14,2025-10-16
SH00658,O00703,BlueArrow Shipping,2026-05-17,2026-05-22,2026-05-24
SH00659,O00704,MetroLogistics,2026-04-18,2026-04-19,2026-04-23
SH00660,O00705,FastFreight,2026-02-24,2026-02-26,2026-03-03
SH00661,O00706,FastFreight,2025-12-11,2025-12-16,2025-12-07
SH00662,O00708,FastFreight,2026-03-28,2026-03-31,2026-04-04
SH00663,O00709,FastFreight,2025-11-28,2025-12-01,2025-12-03
SH00664,O00710,FastFreight,2026-04-07,2026-04-12,2026-04-11
SH00665,O00711,BlueArrow Shipping,2026-05-13,2026-05-16,2026-05-15
SH00666,O00712,BlueArrow Shipping,2026-07-09,2026-07-13,2026-07-16
SH00667,O00713,FastFreight,2026-03-02,2026-03-05,2026-03-08
SH00668,O00714,MetroLogistics,2025-09-04,2025-09-05,2025-09-09
SH00669,O00715,MetroLogistics,2025-12-14,2025-12-16,2025-12-23
SH00670,O00716,BlueArrow Shipping,2026-07-13,2026-07-17,2026-07-17
SH00671,O00717,BlueArrow Shipping,2026-03-15,2026-03-17,2026-03-22
SH00672,O00718,BlueArrow Shipping,2026-04-15,2026-04-20,2026-04-23
SH00673,O00719,MetroLogistics,2026-02-16,2026-02-21,2026-02-22
SH00674,O00720,FastFreight,2025-11-03,2025-11-07,2025-11-07
SH00675,O00721,RapidRoute,2026-07-31,2026-08-01,2026-08-05
SH00676,O00722,RapidRoute,2026-06-13,2026-06-17,2026-06-19
SH00677,O00723,RapidRoute,2026-08-31,2026-09-05,2026-09-09
SH00678,O00724,BlueArrow Shipping,2026-07-12,2026-07-16,2026-07-15
SH00679,O00725,MetroLogistics,2025-12-19,2025-12-23,2025-12-26
SH00680,O00728,BlueArrow Shipping,2026-08-05,2026-08-09,2026-08-11
SH00681,O00729,RapidRoute,2026-03-24,2026-03-27,2026-04-03
SH00682,O00730,FastFreight,2026-02-15,2026-02-17,2026-02-24
SH00683,O00731,BlueArrow Shipping,2026-08-23,2026-08-26,2026-08-25
SH00684,O00732,BlueArrow Shipping,2026-04-10,2026-04-15,2026-04-17
SH00685,O00733,RapidRoute,2026-07-30,2026-07-31,2026-08-09
SH00686,O00734,BlueArrow Shipping,2026-08-28,2026-08-29,2026-09-05
SH00687,O00735,RapidRoute,2025-10-02,2025-10-07,2025-10-04
SH00688,O00737,RapidRoute,2026-05-28,2026-06-02,2026-06-03
SH00689,O00738,RapidRoute,2026-06-28,2026-07-01,2026-07-01
SH00690,O00739,FastFreight,2025-10-27,2025-10-29,2025-11-03
SH00691,O00740,BlueArrow Shipping,2025-12-28,2025-12-29,2026-01-03
SH00692,O00741,BlueArrow Shipping,2026-03-26,2026-03-30,2026-03-27
SH00693,O00742,FastFreight,2026-06-21,2026-06-24,2026-06-26
SH00694,O00743,RapidRoute,2025-10-14,2025-10-19,2025-10-23
SH00695,O00744,BlueArrow Shipping,2026-04-12,2026-04-14,2026-04-15
SH00696,O00745,RapidRoute,2025-12-19,2025-12-23,2025-12-24
SH00697,O00746,BlueArrow Shipping,2025-11-29,2025-12-04,2025-11-23
SH00698,O00747,RapidRoute,2026-03-10,2026-03-11,2026-03-14
SH00699,O00748,RapidRoute,2026-02-03,2026-02-07,2026-02-04
SH00700,O00749,FastFreight,2026-04-24,2026-04-28,2026-04-26
SH00701,O00750,RapidRoute,2025-12-29,2026-01-01,2026-01-02
SH00702,O00751,BlueArrow Shipping,2026-06-29,2026-07-01,2026-07-06
SH00703,O00753,MetroLogistics,2026-07-16,2026-07-17,2026-07-22
SH00704,O00754,FastFreight,2025-09-13,2025-09-14,2025-09-20
SH00705,O00755,MetroLogistics,2026-05-31,2026-06-02,2026-06-02
SH00706,O00756,BlueArrow Shipping,2026-01-08,2026-01-11,2026-01-14
SH00707,O00759,BlueArrow Shipping,2026-05-16,2026-05-19,2026-05-23
SH00708,O00760,BlueArrow Shipping,2025-11-03,2025-11-08,2025-11-06
SH00709,O00761,BlueArrow Shipping,2026-04-30,2026-05-04,2026-05-08
SH00710,O00762,BlueArrow Shipping,2026-05-24,2026-05-29,2026-06-01
SH00711,O00763,BlueArrow Shipping,2026-07-07,2026-07-11,2026-07-13
SH00712,O00764,RapidRoute,2026-05-21,2026-05-24,2026-05-23
SH00713,O00765,RapidRoute,2025-12-23,2025-12-28,2025-12-25
SH00714,O00766,RapidRoute,2026-05-31,2026-06-04,2026-06-07
SH00715,O00767,BlueArrow Shipping,2026-07-02,2026-07-07,2026-07-05
SH00716,O00768,FastFreight,2025-12-28,2025-12-30,2025-12-31
SH00717,O00769,RapidRoute,2025-10-18,2025-10-22,2025-10-25
SH00718,O00770,RapidRoute,2026-07-24,2026-07-26,2026-07-29
SH00719,O00771,MetroLogistics,2025-10-27,2025-10-29,2025-11-03
SH00720,O00772,RapidRoute,2026-04-09,2026-04-13,2026-04-12
SH00721,O00773,BlueArrow Shipping,2025-11-30,2025-12-03,2025-12-07
SH00722,O00774,BlueArrow Shipping,2025-10-19,2025-10-23,2025-10-23
SH00723,O00775,MetroLogistics,2026-06-15,2026-06-19,2026-06-16
SH00724,O00776,MetroLogistics,2025-10-27,2025-10-31,2025-11-02
SH00725,O00777,MetroLogistics,2026-05-06,2026-05-07,2026-05-12
SH00726,O00778,FastFreight,2026-05-15,2026-05-16,2026-05-22
SH00727,O00779,FastFreight,2025-09-23,2025-09-25,2025-09-27
SH00728,O00780,MetroLogistics,2025-11-04,2025-11-06,2025-11-11
SH00729,O00781,RapidRoute,2026-06-19,2026-06-24,2026-06-26
SH00730,O00782,FastFreight,2026-03-06,2026-03-07,2026-03-12
SH00731,O00783,MetroLogistics,2025-10-17,2025-10-20,2025-10-21
SH00732,O00784,MetroLogistics,2026-08-29,2026-09-02,2026-09-04
SH00733,O00785,FastFreight,2025-12-10,2025-12-12,2025-12-11
SH00734,O00787,FastFreight,2026-08-05,2026-08-07,2026-08-13
SH00735,O00788,FastFreight,2025-09-10,2025-09-12,2025-09-17
SH00736,O00789,BlueArrow Shipping,2026-03-28,2026-03-31,2026-03-29
SH00737,O00790,MetroLogistics,2026-08-31,2026-09-04,2026-09-03
SH00738,O00791,BlueArrow Shipping,2026-04-03,2026-04-06,2026-04-09
SH00739,O00792,RapidRoute,2026-04-06,2026-04-11,2026-04-13
SH00740,O00793,FastFreight,2026-01-24,2026-01-25,2026-01-29
SH00741,O00795,MetroLogistics,2026-03-31,2026-04-02,2026-04-03
SH00742,O00796,RapidRoute,2026-07-29,2026-07-31,2026-08-01
SH00743,O00797,FastFreight,2025-10-06,2025-10-08,2025-10-12
SH00744,O00798,FastFreight,2026-07-21,2026-07-25,2026-07-30
SH00745,O00799,FastFreight,2026-02-01,2026-02-02,2026-02-07
SH00746,O00800,MetroLogistics,2026-03-17,2026-03-19,2026-03-20
SH00747,O00801,MetroLogistics,2025-11-03,2025-11-04,2025-11-09
SH00748,O00802,BlueArrow Shipping,2026-04-16,2026-04-19,2026-04-24
SH00749,O00803,FastFreight,2025-11-10,2025-11-15,2025-11-12
SH00750,O00804,BlueArrow Shipping,2025-12-21,2025-12-26,2025-12-16
SH00751,O00805,RapidRoute,2026-05-23,2026-05-24,2026-05-27
SH00752,O00806,MetroLogistics,2025-09-23,2025-09-24,2025-09-24
SH00753,O00807,BlueArrow Shipping,2026-02-14,2026-02-17,2026-02-18
SH00754,O00808,BlueArrow Shipping,2026-04-08,2026-04-10,2026-04-11
SH00755,O00809,FastFreight,2025-10-25,2025-10-27,2025-10-25
SH00756,O00810,MetroLogistics,2025-12-20,2025-12-24,2025-12-26
SH00757,O00811,BlueArrow Shipping,2026-01-05,2026-01-07,2026-01-11
SH00758,O00812,MetroLogistics,2026-05-07,2026-05-10,2026-05-07
SH00759,O00813,MetroLogistics,2026-08-26,2026-08-27,2026-09-01
SH00760,O00814,MetroLogistics,2026-07-05,2026-07-10,2026-07-13
SH00761,O00815,RapidRoute,2025-11-11,2025-11-12,2025-11-18
SH00762,O00816,FastFreight,2025-09-10,2025-09-11,2025-09-14
SH00763,O00817,BlueArrow Shipping,2025-09-22,2025-09-25,2025-09-29
SH00764,O00818,RapidRoute,2026-04-12,2026-04-17,2026-04-13
SH00765,O00819,RapidRoute,2025-11-01,2025-11-05,2025-11-02
SH00766,O00820,BlueArrow Shipping,2025-11-28,2025-12-01,2025-12-03
SH00767,O00821,MetroLogistics,2026-07-09,2026-07-11,2026-07-17
SH00768,O00822,FastFreight,2026-07-19,2026-07-21,2026-07-22
SH00769,O00823,MetroLogistics,2026-07-08,2026-07-12,2026-07-11
SH00770,O00824,RapidRoute,2025-12-03,2025-12-06,2025-12-07
SH00771,O00825,FastFreight,2026-04-18,2026-04-22,2026-04-23
SH00772,O00826,BlueArrow Shipping,2026-04-15,2026-04-18,2026-04-19
SH00773,O00827,RapidRoute,2025-11-08,2025-11-10,2025-11-13
SH00774,O00828,MetroLogistics,2026-03-27,2026-03-28,2026-03-30
SH00775,O00829,RapidRoute,2026-03-24,2026-03-26,2026-03-20
SH00776,O00830,RapidRoute,2026-01-27,2026-01-29,2026-01-31
SH00777,O00831,RapidRoute,2026-06-06,2026-06-09,2026-06-12
SH00778,O00833,BlueArrow Shipping,2026-03-15,2026-03-17,2026-03-22
SH00779,O00834,BlueArrow Shipping,2026-05-24,2026-05-28,2026-05-30
SH00780,O00835,FastFreight,2026-06-10,2026-06-13,2026-06-15
SH00781,O00836,FastFreight,2026-03-29,2026-03-31,2026-04-01
SH00782,O00837,RapidRoute,2025-12-08,2025-12-09,2025-12-17
SH00783,O00838,BlueArrow Shipping,2026-06-08,2026-06-09,2026-06-13
SH00784,O00839,RapidRoute,2026-05-21,2026-05-22,2026-05-27
SH00785,O00840,BlueArrow Shipping,2026-08-29,2026-08-31,2026-08-31
SH00786,O00841,MetroLogistics,2025-10-29,2025-10-31,2025-11-04
SH00787,O00842,RapidRoute,2026-02-05,2026-02-06,2026-02-06
SH00788,O00843,FastFreight,2026-08-05,2026-08-09,2026-08-09
SH00789,O00844,FastFreight,2026-03-10,2026-03-13,2026-03-16
SH00790,O00845,BlueArrow Shipping,2026-08-15,2026-08-20,2026-08-19
SH00791,O00846,BlueArrow Shipping,2025-09-08,2025-09-13,2025-09-11
SH00792,O00848,BlueArrow Shipping,2026-06-21,2026-06-22,2026-06-25
SH00793,O00851,BlueArrow Shipping,2026-02-06,2026-02-10,2026-02-14
SH00794,O00852,MetroLogistics,2026-02-04,2026-02-09,2026-02-04
SH00795,O00853,FastFreight,2026-08-20,2026-08-25,2026-08-17
SH00796,O00854,RapidRoute,2025-10-17,2025-10-21,2025-10-10
SH00797,O00855,MetroLogistics,2026-06-10,2026-06-11,2026-06-19
SH00798,O00856,FastFreight,2026-07-24,2026-07-29,2026-07-27
SH00799,O00857,FastFreight,2026-05-01,2026-05-06,2026-05-04
SH00800,O00858,RapidRoute,2026-02-02,2026-02-05,2026-01-30
SH00801,O00859,RapidRoute,2025-11-02,2025-11-07,2025-11-06
SH00802,O00860,RapidRoute,2026-05-09,2026-05-12,2026-05-14
SH00803,O00861,RapidRoute,2026-02-20,2026-02-23,2026-03-01
SH00804,O00862,FastFreight,2025-10-29,2025-11-02,2025-11-01
SH00805,O00863,FastFreight,2026-01-12,2026-01-16,2026-01-15
SH00806,O00865,BlueArrow Shipping,2025-12-09,2025-12-12,2025-12-14
SH00807,O00866,BlueArrow Shipping,2025-11-07,2025-11-11,2025-11-10
SH00808,O00867,FastFreight,2026-05-11,2026-05-16,2026-05-13
SH00809,O00868,RapidRoute,2025-11-14,2025-11-18,2025-11-21
SH00810,O00869,BlueArrow Shipping,2026-08-03,2026-08-08,2026-08-11
SH00811,O00870,BlueArrow Shipping,2026-07-15,2026-07-18,2026-07-20
SH00812,O00871,BlueArrow Shipping,2026-08-28,2026-08-31,2026-09-01
SH00813,O00872,RapidRoute,2026-08-02,2026-08-06,2026-08-10
SH00814,O00875,RapidRoute,2026-01-06,2026-01-09,2026-01-09
SH00815,O00876,BlueArrow Shipping,2026-03-03,2026-03-04,2026-02-26
SH00816,O00877,BlueArrow Shipping,2026-07-23,2026-07-26,2026-07-25
SH00817,O00878,RapidRoute,2026-05-30,2026-05-31,2026-05-31
SH00818,O00879,MetroLogistics,2026-04-25,2026-04-29,2026-05-02
SH00819,O00880,RapidRoute,2026-07-19,2026-07-23,2026-07-23
SH00820,O00881,FastFreight,2026-04-25,2026-04-29,2026-05-03
SH00821,O00882,FastFreight,2026-01-20,2026-01-25,2026-01-27
SH00822,O00883,FastFreight,2026-01-31,2026-02-04,2026-02-08
SH00823,O00885,MetroLogistics,2025-10-04,2025-10-06,2025-10-12
SH00824,O00887,BlueArrow Shipping,2026-04-29,2026-04-30,2026-05-03
SH00825,O00888,RapidRoute,2026-05-29,2026-05-30,2026-06-03
SH00826,O00889,RapidRoute,2026-03-15,2026-03-20,2026-03-22
SH00827,O00890,FastFreight,2026-06-15,2026-06-19,2026-06-21
SH00828,O00892,RapidRoute,2026-04-01,2026-04-03,2026-04-05
SH00829,O00893,FastFreight,2026-02-20,2026-02-25,2026-02-15
SH00830,O00894,MetroLogistics,2025-10-12,2025-10-14,2025-10-19
SH00831,O00895,RapidRoute,2026-06-13,2026-06-17,2026-06-22
SH00832,O00896,RapidRoute,2026-07-28,2026-07-30,2026-08-06
SH00833,O00897,RapidRoute,2026-05-16,2026-05-20,2026-05-22
SH00834,O00899,FastFreight,2026-07-15,2026-07-16,2026-07-17
SH00835,O00900,FastFreight,2026-06-20,2026-06-24,2026-06-28
SH00836,O00901,RapidRoute,2026-03-06,2026-03-09,2026-03-14
SH00837,O00902,FastFreight,2025-10-09,2025-10-12,2025-10-12
SH00838,O00903,FastFreight,2025-09-03,2025-09-04,2025-09-09
SH00839,O00904,BlueArrow Shipping,2025-11-18,2025-11-20,2025-11-25
SH00840,O00906,FastFreight,2026-05-31,2026-06-01,2026-06-10
SH00841,O00907,BlueArrow Shipping,2026-02-16,2026-02-20,2026-02-22
SH00842,O00908,RapidRoute,2025-09-20,2025-09-21,2025-09-15
SH00843,O00909,MetroLogistics,2025-11-20,2025-11-25,2025-11-23
SH00844,O00910,MetroLogistics,2026-09-02,2026-09-03,2026-09-01
SH00845,O00911,RapidRoute,2026-08-30,2026-09-02,2026-09-03
SH00846,O00912,RapidRoute,2026-01-19,2026-01-24,2026-01-24
SH00847,O00913,FastFreight,2026-06-25,2026-06-28,2026-06-26
SH00848,O00914,BlueArrow Shipping,2026-05-25,2026-05-28,2026-05-26
SH00849,O00915,FastFreight,2026-08-09,2026-08-14,2026-08-11
SH00850,O00916,FastFreight,2026-07-24,2026-07-25,2026-07-31
SH00851,O00917,BlueArrow Shipping,2026-04-20,2026-04-23,2026-04-29
SH00852,O00918,FastFreight,2026-01-27,2026-01-30,2026-01-28
SH00853,O00919,FastFreight,2026-04-21,2026-04-25,2026-04-28
SH00854,O00920,MetroLogistics,2025-12-30,2026-01-03,2026-01-01
SH00855,O00922,MetroLogistics,2026-04-14,2026-04-17,2026-04-16
SH00856,O00923,BlueArrow Shipping,2026-04-01,2026-04-04,2026-04-04
SH00857,O00924,RapidRoute,2026-04-05,2026-04-07,2026-04-08
SH00858,O00925,MetroLogistics,2026-01-20,2026-01-22,2026-01-30
SH00859,O00926,MetroLogistics,2026-01-29,2026-02-03,2026-02-02
SH00860,O00927,FastFreight,2025-09-08,2025-09-12,2025-09-15
SH00861,O00928,RapidRoute,2026-04-10,2026-04-14,2026-04-19
SH00862,O00929,FastFreight,2026-04-03,2026-04-04,2026-04-07
SH00863,O00930,FastFreight,2026-08-18,2026-08-20,2026-08-17
SH00864,O00931,BlueArrow Shipping,2026-03-06,2026-03-08,2026-03-12
SH00865,O00932,BlueArrow Shipping,2026-02-22,2026-02-27,2026-03-01
SH00866,O00933,FastFreight,2025-09-28,2025-10-03,2025-10-01
SH00867,O00934,BlueArrow Shipping,2025-11-23,2025-11-25,2025-11-22
SH00868,O00935,MetroLogistics,2026-01-04,2026-01-07,2026-01-09
SH00869,O00936,RapidRoute,2026-01-19,2026-01-23,2026-01-27
SH00870,O00937,FastFreight,2026-01-13,2026-01-14,2026-01-22
SH00871,O00938,RapidRoute,2026-02-02,2026-02-05,2026-02-01
SH00872,O00941,RapidRoute,2026-01-03,2026-01-05,2026-01-10
SH00873,O00942,BlueArrow Shipping,2025-11-03,2025-11-06,2025-11-07
SH00874,O00943,BlueArrow Shipping,2025-12-26,2025-12-30,2025-12-31
SH00875,O00944,BlueArrow Shipping,2026-05-09,2026-05-13,2026-05-14
SH00876,O00945,FastFreight,2025-09-22,2025-09-23,2025-09-24
SH00877,O00946,RapidRoute,2026-01-04,2026-01-06,2026-01-12
SH00878,O00947,RapidRoute,2025-09-16,2025-09-18,2025-09-19
SH00879,O00948,RapidRoute,2026-08-18,2026-08-22,2026-08-21
SH00880,O00949,MetroLogistics,2026-05-28,2026-05-30,2026-06-04
SH00881,O00950,FastFreight,2025-11-30,2025-12-03,2025-12-07
SH00882,O00951,BlueArrow Shipping,2025-11-15,2025-11-17,2025-11-23
SH00883,O00952,BlueArrow Shipping,2025-10-10,2025-10-12,2025-10-15
SH00884,O00953,MetroLogistics,2026-02-21,2026-02-24,2026-03-01
SH00885,O00954,RapidRoute,2026-06-07,2026-06-09,2026-06-12
SH00886,O00955,MetroLogistics,2026-04-03,2026-04-04,2026-04-08
SH00887,O00956,RapidRoute,2026-07-23,2026-07-24,2026-07-25
SH00888,O00957,RapidRoute,2026-01-05,2026-01-08,2026-01-15
SH00889,O00958,FastFreight,2025-12-12,2025-12-13,2025-12-20
SH00890,O00959,FastFreight,2026-02-24,2026-02-25,2026-03-02
SH00891,O00960,MetroLogistics,2025-11-14,2025-11-19,2025-11-18
SH00892,O00961,BlueArrow Shipping,2026-08-24,2026-08-29,2026-08-28
SH00893,O00962,FastFreight,2025-11-08,2025-11-11,2025-11-15
SH00894,O00963,FastFreight,2026-02-28,2026-03-04,2026-02-27
SH00895,O00964,RapidRoute,2026-03-12,2026-03-13,2026-03-15
SH00896,O00965,MetroLogistics,2025-09-22,2025-09-23,2025-09-30
SH00897,O00966,BlueArrow Shipping,2026-02-19,2026-02-20,2026-03-01
SH00898,O00967,BlueArrow Shipping,2026-02-21,2026-02-22,2026-02-23
SH00899,O00968,RapidRoute,2025-12-06,2025-12-07,2025-12-12
SH00900,O00969,FastFreight,2025-10-21,2025-10-25,2025-10-28
SH00901,O00970,BlueArrow Shipping,2025-09-21,2025-09-25,2025-09-26
SH00902,O00971,FastFreight,2025-09-05,2025-09-09,2025-09-15
SH00903,O00972,FastFreight,2026-02-27,2026-03-01,2026-03-01
SH00904,O00973,MetroLogistics,2025-10-06,2025-10-08,2025-10-12
SH00905,O00974,RapidRoute,2026-08-21,2026-08-23,2026-08-28
SH00906,O00975,MetroLogistics,2025-12-01,2025-12-02,2025-12-10
SH00907,O00976,BlueArrow Shipping,2026-04-28,2026-05-01,2026-05-08
SH00908,O00977,RapidRoute,2026-05-08,2026-05-11,2026-05-10
SH00909,O00978,FastFreight,2026-03-03,2026-03-05,2026-03-09
SH00910,O00979,BlueArrow Shipping,2026-07-21,2026-07-23,2026-07-25
SH00911,O00980,RapidRoute,2025-10-18,2025-10-21,2025-10-18
SH00912,O00981,RapidRoute,2025-11-26,2025-11-27,2025-11-30
SH00913,O00982,BlueArrow Shipping,2025-12-04,2025-12-07,2025-12-12
SH00914,O00983,RapidRoute,2025-10-22,2025-10-24,2025-10-30
SH00915,O00984,BlueArrow Shipping,2025-12-19,2025-12-23,2025-12-22
SH00916,O00985,FastFreight,2025-12-28,2026-01-01,2026-01-04
SH00917,O00986,RapidRoute,2026-06-11,2026-06-13,2026-06-17
SH00918,O00987,RapidRoute,2025-12-23,2025-12-25,2025-12-30
SH00919,O00988,FastFreight,2026-07-20,2026-07-23,2026-07-25
SH00920,O00989,RapidRoute,2026-06-14,2026-06-15,2026-06-21
SH00921,O00990,BlueArrow Shipping,2026-07-29,2026-07-30,2026-08-07
SH00922,O00991,MetroLogistics,2025-10-12,2025-10-13,2025-10-17
SH00923,O00992,RapidRoute,2026-08-29,2026-08-31,2026-09-02
SH00924,O00993,BlueArrow Shipping,2026-04-15,2026-04-18,2026-04-23
SH00925,O00994,RapidRoute,2026-08-29,2026-08-31,2026-08-30
SH00926,O00995,MetroLogistics,2026-01-09,2026-01-12,2026-01-15
SH00927,O00996,MetroLogistics,2026-08-15,2026-08-19,2026-08-19
SH00928,O00997,FastFreight,2026-04-05,2026-04-09,2026-04-13
SH00929,O00999,RapidRoute,2026-01-30,2026-02-02,2026-02-02
SH00930,O01000,MetroLogistics,2025-10-22,2025-10-25,2025-10-31
SH00931,O01001,FastFreight,2026-08-14,2026-08-17,2026-08-18
SH00932,O01002,FastFreight,2025-12-22,2025-12-25,2025-12-29
SH00933,O01003,MetroLogistics,2025-11-22,2025-11-26,2025-11-30
SH00934,O01004,MetroLogistics,2026-03-25,2026-03-28,2026-03-26
SH00935,O01005,RapidRoute,2026-02-05,2026-02-07,2026-02-13
SH00936,O01006,BlueArrow Shipping,2025-10-07,2025-10-12,2025-10-12
SH00937,O01007,RapidRoute,2026-06-28,2026-07-03,2026-07-06
SH00938,O01008,FastFreight,2026-07-12,2026-07-17,2026-07-17
SH00939,O01009,FastFreight,2026-06-03,2026-06-08,2026-06-07
SH00940,O01010,FastFreight,2026-04-15,2026-04-17,2026-04-23
SH00941,O01011,MetroLogistics,2026-01-27,2026-02-01,2026-02-05
SH00942,O01012,FastFreight,2026-03-20,2026-03-24,2026-03-24
SH00943,O01013,RapidRoute,2026-03-13,2026-03-18,2026-03-17
SH00944,O01014,RapidRoute,2025-11-03,2025-11-04,2025-11-11
SH00945,O01015,MetroLogistics,2025-10-02,2025-10-03,2025-10-07
SH00946,O01016,RapidRoute,2025-12-14,2025-12-15,2025-12-09
SH00947,O01017,FastFreight,2026-02-14,2026-02-19,2026-02-18
SH00948,O01018,FastFreight,2025-11-02,2025-11-04,2025-11-05
SH00949,O01019,RapidRoute,2025-10-13,2025-10-14,2025-10-15
SH00950,O01020,RapidRoute,2026-07-11,2026-07-15,2026-07-18
SH00951,O01021,RapidRoute,2026-01-17,2026-01-21,2026-01-23
SH00952,O01022,RapidRoute,2026-04-04,2026-04-09,2026-04-09
SH00953,O01023,BlueArrow Shipping,2026-03-17,2026-03-20,2026-03-22
SH00954,O01024,RapidRoute,2026-05-28,2026-06-01,2026-06-04
SH00955,O01025,RapidRoute,2026-05-30,2026-06-03,2026-06-05
SH00956,O01026,RapidRoute,2025-12-21,2025-12-25,2025-12-28
SH00957,O01027,RapidRoute,2026-07-10,2026-07-13,2026-07-13
SH00958,O01028,MetroLogistics,2026-01-16,2026-01-17,2026-01-22
SH00959,O01030,RapidRoute,2026-01-27,2026-01-28,2026-02-04
SH00960,O01031,FastFreight,2025-10-15,2025-10-20,2025-10-18
SH00961,O01032,MetroLogistics,2026-06-09,2026-06-10,2026-06-13
SH00962,O01033,RapidRoute,2025-09-13,2025-09-14,2025-09-17
SH00963,O01034,MetroLogistics,2026-06-20,2026-06-25,2026-06-19
SH00964,O01035,RapidRoute,2025-09-19,2025-09-24,2025-09-27
SH00965,O01036,MetroLogistics,2025-11-16,2025-11-19,2025-11-24
SH00966,O01037,MetroLogistics,2026-04-10,2026-04-11,2026-04-17
SH00967,O01038,MetroLogistics,2026-08-14,2026-08-17,2026-08-21
SH00968,O01039,BlueArrow Shipping,2026-01-29,2026-01-30,2026-02-07
SH00969,O01040,FastFreight,2025-10-18,2025-10-20,2025-10-23
SH00970,O01041,BlueArrow Shipping,2025-11-29,2025-12-02,2025-12-04
SH00971,O01042,FastFreight,2026-07-28,2026-08-02,2026-08-05
SH00972,O01043,MetroLogistics,2026-06-03,2026-06-04,2026-05-30
SH00973,O01044,MetroLogistics,2025-10-08,2025-10-12,2025-10-17
SH00974,O01046,BlueArrow Shipping,2025-12-16,2025-12-17,2025-12-13
SH00975,O01047,RapidRoute,2025-11-11,2025-11-14,2025-11-09
SH00976,O01048,FastFreight,2026-07-09,2026-07-13,2026-07-13
SH00977,O01049,FastFreight,2026-04-15,2026-04-16,2026-04-22
SH00978,O01050,MetroLogistics,2025-11-07,2025-11-11,2025-11-15
SH00979,O01051,RapidRoute,2026-04-29,2026-05-04,2026-05-02
SH00980,O01052,MetroLogistics,2026-02-01,2026-02-03,2026-02-06
SH00981,O01053,RapidRoute,2025-09-26,2025-09-30,2025-10-02
SH00982,O01054,FastFreight,2026-02-13,2026-02-16,2026-02-21
SH00983,O01055,MetroLogistics,2025-11-08,2025-11-13,2025-11-17
SH00984,O01056,BlueArrow Shipping,2025-12-03,2025-12-06,2025-12-09
SH00985,O01057,BlueArrow Shipping,2026-07-21,2026-07-26,2026-07-26
SH00986,O01058,MetroLogistics,2026-05-19,2026-05-20,2026-05-24
SH00987,O01059,RapidRoute,2025-10-23,2025-10-25,2025-10-30
SH00988,O01060,MetroLogistics,2026-07-10,2026-07-13,2026-07-19
SH00989,O01061,BlueArrow Shipping,2026-03-31,2026-04-05,2026-04-03
SH00990,O01062,FastFreight,2026-07-18,2026-07-22,2026-07-25
SH00991,O01063,RapidRoute,2026-06-02,2026-06-04,2026-06-10
SH00992,O01064,BlueArrow Shipping,2026-01-09,2026-01-14,2026-01-11
SH00993,O01065,MetroLogistics,2026-03-16,2026-03-20,2026-03-26
SH00994,O01066,MetroLogistics,2026-03-16,2026-03-19,2026-03-19
SH00995,O01067,BlueArrow Shipping,2026-05-22,2026-05-24,2026-06-01
SH00996,O01068,FastFreight,2025-12-01,2025-12-05,2025-12-06
SH00997,O01069,MetroLogistics,2026-01-03,2026-01-08,2026-01-05
SH00998,O01070,RapidRoute,2025-12-02,2025-12-05,2025-12-09
SH00999,O01071,RapidRoute,2025-12-21,2025-12-26,2025-12-29
SH01000,O01072,BlueArrow Shipping,2025-10-30,2025-11-03,2025-11-05
SH01001,O01073,MetroLogistics,2025-09-15,2025-09-16,2025-09-20
SH01002,O01074,BlueArrow Shipping,2026-08-12,2026-08-16,2026-08-21
SH01003,O01076,FastFreight,2026-07-26,2026-07-29,2026-07-27
SH01004,O01078,BlueArrow Shipping,2026-06-14,2026-06-17,2026-06-20
SH01005,O01079,FastFreight,2026-01-04,2026-01-08,2026-01-03
SH01006,O01080,MetroLogistics,2026-03-11,2026-03-12,2026-03-17
SH01007,O01082,BlueArrow Shipping,2026-03-01,2026-03-06,2026-03-04
SH01008,O01083,FastFreight,2026-02-14,2026-02-19,2026-02-19
SH01009,O01084,MetroLogistics,2026-03-17,2026-03-22,2026-03-21
SH01010,O01085,MetroLogistics,2026-01-23,2026-01-27,2026-02-02
SH01011,O01086,RapidRoute,2026-03-19,2026-03-21,2026-03-24
SH01012,O01088,RapidRoute,2026-02-09,2026-02-13,2026-02-17
SH01013,O01089,MetroLogistics,2026-01-13,2026-01-15,2026-01-18
SH01014,O01090,BlueArrow Shipping,2025-10-22,2025-10-25,2025-10-25
SH01015,O01091,FastFreight,2026-01-13,2026-01-18,2026-01-17
SH01016,O01092,RapidRoute,2025-10-20,2025-10-21,2025-10-24
SH01017,O01093,MetroLogistics,2025-11-09,2025-11-12,2025-11-14
SH01018,O01094,RapidRoute,2026-08-16,2026-08-19,2026-08-25
SH01019,O01095,RapidRoute,2025-10-05,2025-10-10,2025-10-14
SH01020,O01096,FastFreight,2026-02-27,2026-03-02,2026-02-28
SH01021,O01097,MetroLogistics,2026-07-04,2026-07-06,2026-07-12
SH01022,O01098,RapidRoute,2026-08-17,2026-08-19,2026-08-21
SH01023,O01099,FastFreight,2025-11-02,2025-11-04,2025-11-02
SH01024,O01100,BlueArrow Shipping,2025-10-31,2025-11-01,2025-11-10
SH01025,O01101,BlueArrow Shipping,2026-01-15,2026-01-19,2026-01-25
SH01026,O01102,BlueArrow Shipping,2026-03-23,2026-03-27,2026-03-30
SH01027,O01103,BlueArrow Shipping,2026-08-18,2026-08-19,2026-08-22
SH01028,O01104,BlueArrow Shipping,2025-11-18,2025-11-21,2025-11-26
SH01029,O01106,MetroLogistics,2025-12-04,2025-12-08,2025-12-13
SH01030,O01107,MetroLogistics,2026-07-18,2026-07-22,2026-07-24
SH01031,O01108,RapidRoute,2025-09-14,2025-09-15,2025-09-16
SH01032,O01109,FastFreight,2026-01-18,2026-01-19,2026-01-25
SH01033,O01110,FastFreight,2025-10-17,2025-10-18,2025-10-24
SH01034,O01111,FastFreight,2025-11-01,2025-11-04,2025-11-05
SH01035,O01112,BlueArrow Shipping,2026-08-03,2026-08-08,2026-08-06
SH01036,O01113,MetroLogistics,2025-09-03,2025-09-04,2025-09-09
SH01037,O01114,FastFreight,2025-12-30,2026-01-03,2026-01-04
SH01038,O01115,FastFreight,2026-08-02,2026-08-06,2026-08-12
SH01039,O01116,MetroLogistics,2026-04-13,2026-04-18,2026-04-20
SH01040,O01117,FastFreight,2025-09-29,2025-10-02,2025-10-06
SH01041,O01118,RapidRoute,2026-02-19,2026-02-24,2026-02-24
SH01042,O01119,FastFreight,2026-08-22,2026-08-25,2026-09-01
SH01043,O01120,RapidRoute,2026-01-29,2026-01-31,2026-01-31
SH01044,O01121,RapidRoute,2026-03-18,2026-03-23,2026-03-19
SH01045,O01122,RapidRoute,2026-03-15,2026-03-18,2026-03-24
SH01046,O01123,FastFreight,2026-05-08,2026-05-10,2026-05-11
SH01047,O01124,FastFreight,2025-11-12,2025-11-16,2025-11-18
SH01048,O01125,RapidRoute,2026-07-07,2026-07-10,2026-07-13
SH01049,O01126,BlueArrow Shipping,2026-08-28,2026-09-01,2026-09-07
SH01050,O01127,BlueArrow Shipping,2025-10-27,2025-10-31,2025-10-28
SH01051,O01128,RapidRoute,2026-06-27,2026-06-28,2026-07-05
SH01052,O01129,FastFreight,2026-06-27,2026-06-30,2026-07-03
SH01053,O01130,MetroLogistics,2026-06-01,2026-06-06,2026-06-07
SH01054,O01131,FastFreight,2026-01-16,2026-01-20,2026-01-20
SH01055,O01132,RapidRoute,2026-02-26,2026-03-02,2026-02-27
SH01056,O01133,FastFreight,2026-07-07,2026-07-12,2026-07-10
SH01057,O01134,FastFreight,2025-11-06,2025-11-08,2025-11-04
SH01058,O01135,MetroLogistics,2026-07-04,2026-07-08,2026-07-11
SH01059,O01136,BlueArrow Shipping,2026-08-04,2026-08-05,2026-08-08
SH01060,O01137,FastFreight,2026-05-11,2026-05-12,2026-05-18
SH01061,O01138,RapidRoute,2026-01-06,2026-01-10,2026-01-12
SH01062,O01139,RapidRoute,2026-03-31,2026-04-02,2026-03-29
SH01063,O01140,RapidRoute,2025-09-22,2025-09-26,2025-09-28
SH01064,O01141,MetroLogistics,2026-08-11,2026-08-16,2026-08-12
SH01065,O01142,MetroLogistics,2026-01-07,2026-01-12,2026-01-13
SH01066,O01143,BlueArrow Shipping,2025-09-29,2025-09-30,2025-09-27
SH01067,O01144,RapidRoute,2026-06-19,2026-06-21,2026-06-22
SH01068,O01145,BlueArrow Shipping,2026-05-10,2026-05-13,2026-05-09
SH01069,O01146,MetroLogistics,2026-04-17,2026-04-18,2026-04-24
SH01070,O01147,BlueArrow Shipping,2025-09-28,2025-10-03,2025-09-29
SH01071,O01148,FastFreight,2026-06-06,2026-06-11,2026-06-12
SH01072,O01149,RapidRoute,2026-04-23,2026-04-27,2026-04-29
SH01073,O01150,BlueArrow Shipping,2026-06-18,2026-06-20,2026-06-27
SH01074,O01152,MetroLogistics,2025-11-20,2025-11-21,2025-11-26
SH01075,O01153,FastFreight,2025-11-19,2025-11-24,2025-11-21
SH01076,O01155,MetroLogistics,2026-03-17,2026-03-21,2026-03-24
SH01077,O01156,BlueArrow Shipping,2026-02-10,2026-02-15,2026-02-18
SH01078,O01157,RapidRoute,2025-12-17,2025-12-19,2025-12-20
SH01079,O01158,MetroLogistics,2026-05-01,2026-05-02,2026-05-01
SH01080,O01159,RapidRoute,2026-06-07,2026-06-12,2026-06-08
SH01081,O01160,BlueArrow Shipping,2025-09-03,2025-09-04,2025-09-07
SH01082,O01161,RapidRoute,2026-04-01,2026-04-04,2026-03-30
SH01083,O01162,FastFreight,2026-09-01,2026-09-04,2026-09-05
SH01084,O01163,RapidRoute,2025-12-15,2025-12-18,2025-12-23
SH01085,O01164,FastFreight,2025-12-14,2025-12-17,2025-12-17
SH01086,O01165,MetroLogistics,2026-07-21,2026-07-22,2026-07-27
SH01087,O01166,MetroLogistics,2025-09-26,2025-09-30,2025-10-02
SH01088,O01167,BlueArrow Shipping,2026-01-28,2026-01-30,2026-02-04
SH01089,O01168,BlueArrow Shipping,2026-02-17,2026-02-18,2026-02-25
SH01090,O01169,MetroLogistics,2026-06-23,2026-06-26,2026-06-30
SH01091,O01170,FastFreight,2025-10-19,2025-10-21,2025-10-28
SH01092,O01171,BlueArrow Shipping,2026-02-10,2026-02-14,2026-02-12
SH01093,O01172,MetroLogistics,2025-10-27,2025-10-29,2025-11-02
SH01094,O01173,RapidRoute,2026-06-24,2026-06-27,2026-06-24
SH01095,O01174,BlueArrow Shipping,2026-04-20,2026-04-23,2026-04-30
SH01096,O01175,MetroLogistics,2026-03-05,2026-03-10,2026-03-12
SH01097,O01176,FastFreight,2026-01-26,2026-01-27,2026-01-31
SH01098,O01177,BlueArrow Shipping,2025-10-30,2025-10-31,2025-10-31
SH01099,O01178,RapidRoute,2026-08-07,2026-08-12,2026-08-10
SH01100,O01179,RapidRoute,2026-04-27,2026-04-29,2026-05-04
SH01101,O01180,MetroLogistics,2025-12-27,2025-12-31,2026-01-05
SH01102,O01181,FastFreight,2026-02-03,2026-02-06,2026-02-05
SH01103,O01182,FastFreight,2026-05-27,2026-05-31,2026-06-01
SH01104,O01184,BlueArrow Shipping,2026-02-19,2026-02-23,2026-02-26
SH01105,O01185,MetroLogistics,2025-12-23,2025-12-25,2025-12-30
SH01106,O01186,RapidRoute,2026-05-01,2026-05-04,2026-05-05
SH01107,O01187,BlueArrow Shipping,2026-05-06,2026-05-08,2026-05-05
SH01108,O01188,FastFreight,2026-04-09,2026-04-11,2026-04-14
SH01109,O01189,BlueArrow Shipping,2025-09-30,2025-10-03,2025-10-06
SH01110,O01190,MetroLogistics,2026-02-23,2026-02-24,2026-03-01
SH01111,O01191,RapidRoute,2026-04-14,2026-04-15,2026-04-23
SH01112,O01192,FastFreight,2026-08-14,2026-08-18,2026-08-21
SH01113,O01194,MetroLogistics,2026-01-07,2026-01-08,2026-01-15
SH01114,O01195,FastFreight,2026-03-25,2026-03-30,2026-03-27
SH01115,O01196,BlueArrow Shipping,2025-11-05,2025-11-09,2025-11-12
SH01116,O01197,MetroLogistics,2025-10-07,2025-10-12,2025-10-10
SH01117,O01198,BlueArrow Shipping,2026-05-07,2026-05-10,2026-05-14
SH01118,O01199,BlueArrow Shipping,2026-08-30,2026-09-03,2026-09-06
SH01119,O01201,RapidRoute,2026-04-05,2026-04-06,2026-04-13
SH01120,O01202,MetroLogistics,2025-09-18,2025-09-22,2025-09-26
SH01121,O01203,BlueArrow Shipping,2026-08-29,2026-08-31,2026-09-04
SH01122,O01204,BlueArrow Shipping,2026-02-16,2026-02-20,2026-02-21
SH01123,O01205,RapidRoute,2025-12-18,2025-12-20,2025-12-23
SH01124,O01207,FastFreight,2026-06-11,2026-06-15,2026-06-05
SH01125,O01208,BlueArrow Shipping,2026-06-10,2026-06-15,2026-06-07
SH01126,O01209,RapidRoute,2025-12-13,2025-12-14,2025-12-21
SH01127,O01210,MetroLogistics,2026-09-02,2026-09-03,2026-09-03
SH01128,O01211,MetroLogistics,2026-02-14,2026-02-16,2026-02-22
SH01129,O01212,MetroLogistics,2026-03-16,2026-03-19,2026-03-21
SH01130,O01213,BlueArrow Shipping,2026-06-05,2026-06-10,2026-06-09
SH01131,O01214,BlueArrow Shipping,2026-05-03,2026-05-06,2026-05-09
SH01132,O01215,FastFreight,2025-11-05,2025-11-10,2025-11-08
SH01133,O01216,FastFreight,2025-12-24,2025-12-28,2025-12-26
SH01134,O01217,RapidRoute,2026-01-12,2026-01-16,2026-01-16
SH01135,O01218,BlueArrow Shipping,2026-08-16,2026-08-21,2026-08-17
SH01136,O01219,BlueArrow Shipping,2026-05-20,2026-05-22,2026-05-24
SH01137,O01220,MetroLogistics,2026-01-16,2026-01-20,2026-01-17
SH01138,O01221,RapidRoute,2026-05-31,2026-06-04,2026-06-05
SH01139,O01223,RapidRoute,2026-01-23,2026-01-28,2026-01-29
SH01140,O01224,MetroLogistics,2026-01-28,2026-01-30,2026-02-02
SH01141,O01225,MetroLogistics,2026-07-25,2026-07-29,2026-08-03
SH01142,O01226,RapidRoute,2026-03-29,2026-03-31,2026-04-02
SH01143,O01227,MetroLogistics,2025-11-05,2025-11-10,2025-10-30
SH01144,O01228,MetroLogistics,2026-05-25,2026-05-28,2026-05-29
SH01145,O01229,RapidRoute,2026-04-08,2026-04-13,2026-04-13
SH01146,O01230,FastFreight,2026-03-06,2026-03-09,2026-03-14
SH01147,O01231,BlueArrow Shipping,2026-05-27,2026-05-28,2026-06-03
SH01148,O01232,BlueArrow Shipping,2026-08-06,2026-08-08,2026-08-07
SH01149,O01233,MetroLogistics,2025-12-31,2026-01-04,2026-01-09
SH01150,O01234,FastFreight,2026-02-03,2026-02-07,2026-02-09
SH01151,O01235,RapidRoute,2025-11-12,2025-11-15,2025-11-18
SH01152,O01237,RapidRoute,2026-01-28,2026-02-01,2026-01-31
SH01153,O01239,RapidRoute,2026-05-15,2026-05-18,2026-05-24
SH01154,O01240,MetroLogistics,2026-01-29,2026-01-30,2026-02-01
SH01155,O01241,RapidRoute,2026-02-20,2026-02-21,2026-02-28
SH01156,O01242,RapidRoute,2026-02-15,2026-02-17,2026-02-17
SH01157,O01243,FastFreight,2025-12-05,2025-12-06,2025-12-11
SH01158,O01244,MetroLogistics,2025-10-17,2025-10-21,2025-10-23
SH01159,O01245,MetroLogistics,2026-06-30,2026-07-05,2026-07-04
SH01160,O01246,BlueArrow Shipping,2025-10-08,2025-10-13,2025-10-11
SH01161,O01247,FastFreight,2025-12-31,2026-01-03,2026-01-02
SH01162,O01248,BlueArrow Shipping,2026-05-04,2026-05-09,2026-05-10
SH01163,O01249,MetroLogistics,2025-10-22,2025-10-26,2025-10-23
SH01164,O01250,BlueArrow Shipping,2026-04-29,2026-04-30,2026-05-03
SH01165,O01251,BlueArrow Shipping,2026-05-27,2026-05-30,2026-06-04
SH01166,O01252,BlueArrow Shipping,2026-05-07,2026-05-10,2026-05-06
SH01167,O01253,RapidRoute,2025-12-22,2025-12-25,2025-12-28
SH01168,O01254,BlueArrow Shipping,2025-09-12,2025-09-17,2025-09-17
SH01169,O01255,BlueArrow Shipping,2026-07-25,2026-07-30,2026-07-29
SH01170,O01256,BlueArrow Shipping,2026-01-01,2026-01-03,2026-01-06
SH01171,O01257,BlueArrow Shipping,2026-06-25,2026-06-26,2026-06-29
SH01172,O01258,RapidRoute,2025-11-14,2025-11-18,2025-11-21
SH01173,O01259,MetroLogistics,2025-10-31,2025-11-01,2025-11-08
SH01174,O01261,MetroLogistics,2026-08-11,2026-08-14,2026-08-15
SH01175,O01262,MetroLogistics,2026-07-16,2026-07-21,2026-07-23
SH01176,O01263,FastFreight,2026-06-05,2026-06-09,2026-06-12
SH01177,O01264,BlueArrow Shipping,2025-12-04,2025-12-09,2025-12-07
SH01178,O01266,BlueArrow Shipping,2026-05-05,2026-05-06,2026-05-09
SH01179,O01267,MetroLogistics,2025-11-04,2025-11-08,2025-11-12
SH01180,O01269,BlueArrow Shipping,2026-07-18,2026-07-20,2026-07-24
SH01181,O01270,MetroLogistics,2025-12-14,2025-12-15,2025-12-20
SH01182,O01272,RapidRoute,2025-10-24,2025-10-26,2025-10-29
SH01183,O01273,RapidRoute,2025-12-15,2025-12-20,2025-12-20
SH01184,O01274,RapidRoute,2025-12-15,2025-12-18,2025-12-21
SH01185,O01275,RapidRoute,2025-12-16,2025-12-21,2025-12-19
SH01186,O01276,RapidRoute,2026-05-09,2026-05-10,2026-05-15
SH01187,O01277,BlueArrow Shipping,2026-08-02,2026-08-06,2026-08-10
SH01188,O01278,BlueArrow Shipping,2026-08-03,2026-08-06,2026-08-04
SH01189,O01279,MetroLogistics,2026-05-31,2026-06-02,2026-06-03
SH01190,O01280,RapidRoute,2025-11-24,2025-11-27,2025-11-18
SH01191,O01281,MetroLogistics,2026-08-25,2026-08-29,2026-08-24
SH01192,O01282,MetroLogistics,2026-03-21,2026-03-22,2026-03-22
SH01193,O01283,RapidRoute,2026-03-23,2026-03-27,2026-03-27
SH01194,O01284,FastFreight,2026-05-17,2026-05-19,2026-05-26
SH01195,O01285,FastFreight,2026-06-11,2026-06-16,2026-06-17
SH01196,O01286,RapidRoute,2026-08-25,2026-08-26,2026-08-25
SH01197,O01287,BlueArrow Shipping,2026-04-05,2026-04-07,2026-04-07
SH01198,O01288,RapidRoute,2026-04-12,2026-04-17,2026-04-20
SH01199,O01289,MetroLogistics,2026-06-03,2026-06-05,2026-06-10
SH01200,O01290,FastFreight,2025-12-06,2025-12-07,2025-12-11
SH01201,O01291,MetroLogistics,2025-12-24,2025-12-27,2026-01-01
SH01202,O01292,RapidRoute,2026-04-19,2026-04-23,2026-04-22
SH01203,O01293,BlueArrow Shipping,2025-09-27,2025-09-30,2025-10-03
SH01204,O01294,RapidRoute,2026-01-05,2026-01-08,2026-01-05
SH01205,O01295,FastFreight,2026-05-22,2026-05-23,2026-05-28
SH01206,O01296,MetroLogistics,2026-08-27,2026-08-29,2026-08-29
SH01207,O01297,BlueArrow Shipping,2026-03-11,2026-03-12,2026-03-14
SH01208,O01298,FastFreight,2026-01-25,2026-01-30,2026-01-30
SH01209,O01299,MetroLogistics,2026-02-09,2026-02-11,2026-02-18
SH01210,O01300,RapidRoute,2026-05-13,2026-05-17,2026-05-19
SH01211,O01301,FastFreight,2026-03-20,2026-03-22,2026-03-27
SH01212,O01302,FastFreight,2025-09-11,2025-09-15,2025-09-15
SH01213,O01303,BlueArrow Shipping,2026-03-18,2026-03-19,2026-03-22
SH01214,O01304,FastFreight,2026-01-26,2026-01-27,2026-02-04
SH01215,O01305,FastFreight,2026-05-17,2026-05-19,2026-05-23
SH01216,O01306,BlueArrow Shipping,2026-07-18,2026-07-20,2026-07-27
SH01217,O01307,BlueArrow Shipping,2026-08-22,2026-08-24,2026-08-25
SH01218,O01308,RapidRoute,2026-04-13,2026-04-15,2026-04-21
SH01219,O01310,FastFreight,2026-02-12,2026-02-16,2026-02-18
SH01220,O01311,RapidRoute,2025-11-11,2025-11-14,2025-11-13
SH01221,O01312,BlueArrow Shipping,2026-08-10,2026-08-11,2026-08-18
SH01222,O01313,BlueArrow Shipping,2026-07-08,2026-07-13,2026-07-14
SH01223,O01314,FastFreight,2026-07-12,2026-07-16,2026-07-19
SH01224,O01316,RapidRoute,2025-12-29,2026-01-01,2026-01-05
SH01225,O01317,FastFreight,2026-07-11,2026-07-14,2026-07-18
SH01226,O01318,BlueArrow Shipping,2026-03-19,2026-03-21,2026-03-28
SH01227,O01319,FastFreight,2026-05-20,2026-05-22,2026-05-24
SH01228,O01320,BlueArrow Shipping,2026-02-28,2026-03-01,2026-03-08
SH01229,O01321,MetroLogistics,2026-02-11,2026-02-16,2026-02-14
SH01230,O01322,FastFreight,2026-04-20,2026-04-22,2026-04-30
SH01231,O01323,FastFreight,2026-06-27,2026-07-01,2026-07-05
SH01232,O01325,MetroLogistics,2026-06-27,2026-06-28,2026-07-04
SH01233,O01326,MetroLogistics,2025-11-30,2025-12-01,2025-12-09
SH01234,O01327,MetroLogistics,2026-01-27,2026-01-29,2026-02-04
SH01235,O01329,MetroLogistics,2026-08-17,2026-08-18,2026-08-25
SH01236,O01330,FastFreight,2026-08-07,2026-08-12,2026-08-15
SH01237,O01331,MetroLogistics,2025-12-26,2025-12-27,2026-01-04
SH01238,O01332,MetroLogistics,2026-07-09,2026-07-12,2026-07-11
SH01239,O01333,MetroLogistics,2026-08-13,2026-08-15,2026-08-14
SH01240,O01334,FastFreight,2026-08-28,2026-08-30,2026-09-04
SH01241,O01335,FastFreight,2025-09-12,2025-09-13,2025-09-13
SH01242,O01336,FastFreight,2026-06-02,2026-06-04,2026-06-10
SH01243,O01337,BlueArrow Shipping,2026-09-01,2026-09-02,2026-09-10
SH01244,O01338,BlueArrow Shipping,2026-06-09,2026-06-12,2026-06-12
SH01245,O01339,RapidRoute,2025-11-28,2025-11-30,2025-12-05
SH01246,O01340,FastFreight,2026-06-07,2026-06-08,2026-06-15
SH01247,O01341,MetroLogistics,2025-10-10,2025-10-11,2025-10-16
SH01248,O01342,FastFreight,2026-02-26,2026-03-03,2026-03-03
SH01249,O01343,RapidRoute,2026-04-18,2026-04-20,2026-04-24
SH01250,O01344,RapidRoute,2026-02-16,2026-02-19,2026-02-24
SH01251,O01345,FastFreight,2026-05-17,2026-05-20,2026-05-21
SH01252,O01346,RapidRoute,2025-11-29,2025-12-02,2025-12-02
SH01253,O01347,RapidRoute,2026-04-14,2026-04-19,2026-04-17
SH01254,O01348,BlueArrow Shipping,2026-04-28,2026-05-02,2026-05-02
SH01255,O01350,RapidRoute,2025-12-16,2025-12-19,2025-12-23
SH01256,O01351,FastFreight,2025-12-25,2025-12-27,2025-12-29
SH01257,O01352,MetroLogistics,2025-12-09,2025-12-14,2025-12-15
SH01258,O01353,BlueArrow Shipping,2026-02-18,2026-02-19,2026-02-23
SH01259,O01354,BlueArrow Shipping,2026-04-14,2026-04-17,2026-04-12
SH01260,O01355,BlueArrow Shipping,2026-01-14,2026-01-18,2026-01-22
SH01261,O01356,RapidRoute,2026-01-30,2026-02-04,2026-02-07
SH01262,O01357,FastFreight,2025-12-23,2025-12-24,2025-12-22
SH01263,O01358,RapidRoute,2025-11-21,2025-11-23,2025-11-30
SH01264,O01359,FastFreight,2026-05-01,2026-05-02,2026-05-05
SH01265,O01360,MetroLogistics,2026-06-26,2026-06-28,2026-07-01
SH01266,O01362,MetroLogistics,2026-07-14,2026-07-19,2026-07-22
SH01267,O01363,RapidRoute,2026-03-30,2026-03-31,2026-04-08
SH01268,O01364,MetroLogistics,2025-11-05,2025-11-09,2025-11-06
SH01269,O01365,RapidRoute,2026-01-16,2026-01-21,2026-01-19
SH01270,O01366,FastFreight,2025-09-06,2025-09-07,2025-09-10
SH01271,O01367,RapidRoute,2025-09-22,2025-09-24,2025-09-25
SH01272,O01368,FastFreight,2026-01-03,2026-01-08,2026-01-07
SH01273,O01370,BlueArrow Shipping,2026-06-21,2026-06-25,2026-06-28
SH01274,O01371,MetroLogistics,2025-10-21,2025-10-22,2025-10-31
SH01275,O01373,FastFreight,2025-11-27,2025-12-02,2025-12-06
SH01276,O01374,BlueArrow Shipping,2025-10-24,2025-10-29,2025-11-01
SH01277,O01375,RapidRoute,2026-05-16,2026-05-18,2026-05-22
SH01278,O01376,BlueArrow Shipping,2026-06-19,2026-06-22,2026-06-19
SH01279,O01377,BlueArrow Shipping,2026-04-12,2026-04-14,2026-04-19
SH01280,O01378,RapidRoute,2025-10-14,2025-10-17,2025-10-20
SH01281,O01379,MetroLogistics,2025-10-14,2025-10-18,2025-10-21
SH01282,O01380,FastFreight,2026-01-24,2026-01-28,2026-01-29
SH01283,O01381,BlueArrow Shipping,2026-02-15,2026-02-20,2026-02-22
SH01284,O01382,RapidRoute,2026-09-04,2026-09-05,2026-09-08
SH01285,O01383,FastFreight,2025-12-17,2025-12-22,2025-12-22
SH01286,O01384,MetroLogistics,2025-11-14,2025-11-19,2025-11-18
SH01287,O01385,MetroLogistics,2026-08-15,2026-08-17,2026-08-18
SH01288,O01386,RapidRoute,2025-10-31,2025-11-01,2025-11-02
SH01289,O01388,RapidRoute,2026-02-05,2026-02-07,2026-02-12
SH01290,O01390,BlueArrow Shipping,2026-04-19,2026-04-24,2026-04-20
SH01291,O01391,MetroLogistics,2026-07-20,2026-07-21,2026-07-27
SH01292,O01392,BlueArrow Shipping,2026-08-11,2026-08-12,2026-08-18
SH01293,O01393,MetroLogistics,2025-12-17,2025-12-18,2025-12-24
SH01294,O01394,BlueArrow Shipping,2026-08-25,2026-08-26,2026-09-02
SH01295,O01396,RapidRoute,2025-10-02,2025-10-06,2025-10-06
SH01296,O01397,BlueArrow Shipping,2026-08-10,2026-08-11,2026-08-15
SH01297,O01398,RapidRoute,2025-10-22,2025-10-27,2025-10-26
SH01298,O01399,BlueArrow Shipping,2026-04-04,2026-04-06,2026-04-14
SH01299,O01400,MetroLogistics,2026-06-20,2026-06-23,2026-06-23
SH01300,O01401,FastFreight,2025-12-05,2025-12-08,2025-12-08
SH01301,O01402,RapidRoute,2025-12-12,2025-12-17,2025-12-14
SH01302,O01403,MetroLogistics,2026-02-22,2026-02-26,2026-03-03
SH01303,O01404,RapidRoute,2026-07-24,2026-07-25,2026-07-25
SH01304,O01405,RapidRoute,2025-11-28,2025-12-03,2025-11-27
SH01305,O01406,BlueArrow Shipping,2026-05-03,2026-05-04,2026-05-07
SH01306,O01407,BlueArrow Shipping,2026-02-16,2026-02-19,2026-02-24
SH01307,O01408,MetroLogistics,2025-10-15,2025-10-20,2025-10-22
SH01308,O01409,FastFreight,2026-05-20,2026-05-23,2026-05-23
SH01309,O01410,RapidRoute,2026-07-02,2026-07-05,2026-07-06
SH01310,O01411,RapidRoute,2026-04-03,2026-04-05,2026-04-10
SH01311,O01412,BlueArrow Shipping,2025-11-05,2025-11-09,2025-11-13
SH01312,O01413,RapidRoute,2025-10-28,2025-11-01,2025-11-06
SH01313,O01414,FastFreight,2026-02-05,2026-02-10,2026-02-10
SH01314,O01416,BlueArrow Shipping,2026-03-25,2026-03-30,2026-03-27
SH01315,O01417,FastFreight,2025-12-02,2025-12-05,2025-12-08
SH01316,O01418,BlueArrow Shipping,2026-03-06,2026-03-08,2026-03-08
SH01317,O01419,RapidRoute,2025-12-18,2025-12-21,2025-12-22
SH01318,O01420,MetroLogistics,2026-05-11,2026-05-13,2026-05-19
SH01319,O01421,MetroLogistics,2026-06-21,2026-06-23,2026-06-25
SH01320,O01422,BlueArrow Shipping,2026-04-29,2026-05-01,2026-05-02
SH01321,O01423,MetroLogistics,2025-09-04,2025-09-07,2025-09-09
SH01322,O01424,RapidRoute,2026-08-31,2026-09-02,2026-09-03
SH01323,O01426,MetroLogistics,2026-09-01,2026-09-03,2026-09-08
SH01324,O01427,MetroLogistics,2025-09-15,2025-09-18,2025-09-21
SH01325,O01428,MetroLogistics,2026-03-12,2026-03-13,2026-03-15
SH01326,O01429,MetroLogistics,2025-10-13,2025-10-14,2025-10-14
SH01327,O01430,MetroLogistics,2025-10-07,2025-10-11,2025-10-16
SH01328,O01431,RapidRoute,2026-05-11,2026-05-16,2026-05-16
SH01329,O01432,BlueArrow Shipping,2026-05-25,2026-05-27,2026-05-29
SH01330,O01434,MetroLogistics,2026-08-25,2026-08-26,2026-09-01
SH01331,O01436,FastFreight,2025-12-29,2026-01-01,2026-01-06
SH01332,O01437,RapidRoute,2025-12-19,2025-12-20,2025-12-23
SH01333,O01438,FastFreight,2026-02-20,2026-02-25,2026-02-26
SH01334,O01439,MetroLogistics,2025-11-07,2025-11-08,2025-11-11
SH01335,O01440,BlueArrow Shipping,2026-02-04,2026-02-07,2026-02-12
SH01336,O01441,FastFreight,2025-11-18,2025-11-20,2025-11-21
SH01337,O01442,MetroLogistics,2025-09-20,2025-09-23,2025-09-30
SH01338,O01443,RapidRoute,2026-01-23,2026-01-27,2026-01-24
SH01339,O01444,FastFreight,2026-05-08,2026-05-10,2026-05-12
SH01340,O01445,FastFreight,2026-06-10,2026-06-15,2026-06-12
SH01341,O01446,FastFreight,2026-01-10,2026-01-15,2026-01-13
SH01342,O01447,BlueArrow Shipping,2025-12-30,2026-01-02,2026-01-06
SH01343,O01448,FastFreight,2026-06-17,2026-06-19,2026-06-25
SH01344,O01449,FastFreight,2026-05-11,2026-05-13,2026-05-16
SH01345,O01450,MetroLogistics,2026-07-02,2026-07-07,2026-07-09
SH01346,O01451,BlueArrow Shipping,2026-08-01,2026-08-05,2026-08-07
SH01347,O01453,RapidRoute,2026-08-12,2026-08-15,2026-08-18
SH01348,O01454,FastFreight,2026-02-03,2026-02-07,2026-02-07
SH01349,O01455,BlueArrow Shipping,2026-01-27,2026-01-29,2026-02-02
SH01350,O01456,RapidRoute,2025-12-28,2026-01-01,2026-01-02
SH01351,O01458,BlueArrow Shipping,2026-06-02,2026-06-07,2026-06-11
SH01352,O01459,RapidRoute,2026-05-20,2026-05-23,2026-05-27
SH01353,O01460,FastFreight,2026-06-21,2026-06-25,2026-06-30
SH01354,O01461,FastFreight,2025-11-04,2025-11-07,2025-11-10
SH01355,O01462,BlueArrow Shipping,2026-02-28,2026-03-01,2026-03-04
SH01356,O01463,MetroLogistics,2025-12-03,2025-12-04,2025-12-01
SH01357,O01464,BlueArrow Shipping,2026-07-24,2026-07-26,2026-08-02
SH01358,O01465,BlueArrow Shipping,2025-12-19,2025-12-21,2025-12-12
SH01359,O01466,MetroLogistics,2025-10-24,2025-10-25,2025-10-29
SH01360,O01467,RapidRoute,2026-03-31,2026-04-05,2026-04-07
SH01361,O01468,RapidRoute,2026-07-22,2026-07-26,2026-07-25
SH01362,O01469,MetroLogistics,2026-08-05,2026-08-06,2026-08-06
SH01363,O01470,FastFreight,2025-10-08,2025-10-13,2025-10-16
SH01364,O01471,RapidRoute,2025-12-31,2026-01-02,2026-01-05
SH01365,O01472,RapidRoute,2025-10-29,2025-11-03,2025-11-03
SH01366,O01473,RapidRoute,2025-12-25,2025-12-27,2025-12-30
SH01367,O01474,FastFreight,2026-03-16,2026-03-17,2026-03-21
SH01368,O01476,BlueArrow Shipping,2025-09-29,2025-09-30,2025-09-30
SH01369,O01477,RapidRoute,2026-03-09,2026-03-11,2026-03-14
SH01370,O01478,MetroLogistics,2025-09-22,2025-09-27,2025-10-01
SH01371,O01479,RapidRoute,2025-11-23,2025-11-26,2025-12-03
SH01372,O01481,BlueArrow Shipping,2025-10-08,2025-10-09,2025-10-11
SH01373,O01482,MetroLogistics,2026-02-11,2026-02-13,2026-02-13
SH01374,O01483,BlueArrow Shipping,2026-07-12,2026-07-15,2026-07-14
SH01375,O01484,BlueArrow Shipping,2026-06-14,2026-06-17,2026-06-17
SH01376,O01485,BlueArrow Shipping,2025-10-10,2025-10-15,2025-10-12
SH01377,O01486,FastFreight,2025-09-14,2025-09-15,2025-09-18
SH01378,O01487,MetroLogistics,2026-01-03,2026-01-04,2026-01-12
SH01379,O01488,BlueArrow Shipping,2026-04-28,2026-05-02,2026-05-05
SH01380,O01489,BlueArrow Shipping,2026-06-02,2026-06-03,2026-06-10
SH01381,O01490,MetroLogistics,2026-07-01,2026-07-05,2026-07-03
SH01382,O01491,RapidRoute,2026-01-07,2026-01-09,2026-01-08
SH01383,O01495,MetroLogistics,2025-09-26,2025-09-28,2025-10-03
SH01384,O01496,MetroLogistics,2026-07-13,2026-07-14,2026-07-18
SH01385,O01497,MetroLogistics,2025-12-09,2025-12-13,2025-12-13
SH01386,O01498,BlueArrow Shipping,2026-07-01,2026-07-02,2026-07-07
SH01387,O01500,BlueArrow Shipping,2026-03-20,2026-03-21,2026-03-27
SH01388,O01501,MetroLogistics,2026-02-25,2026-02-28,2026-02-20
SH01389,O01502,RapidRoute,2026-06-29,2026-06-30,2026-07-07
SH01390,O01504,FastFreight,2025-10-08,2025-10-09,2025-10-11
SH01391,O01505,RapidRoute,2026-02-06,2026-02-08,2026-02-12
SH01392,O01506,FastFreight,2026-01-26,2026-01-30,2026-01-29
SH01393,O01507,MetroLogistics,2026-03-29,2026-04-02,2026-03-25
SH01394,O01508,MetroLogistics,2026-05-29,2026-06-03,2026-06-05
SH01395,O01509,MetroLogistics,2026-04-06,2026-04-11,2026-04-10
SH01396,O01510,BlueArrow Shipping,2025-12-05,2025-12-07,2025-12-09
SH01397,O01511,RapidRoute,2025-12-31,2026-01-02,2026-01-04
SH01398,O01514,RapidRoute,2026-03-08,2026-03-10,2026-03-11
SH01399,O01515,BlueArrow Shipping,2026-03-26,2026-03-27,2026-03-21
SH01400,O01516,FastFreight,2026-06-04,2026-06-05,2026-06-06
SH01401,O01517,RapidRoute,2026-05-20,2026-05-23,2026-05-28
SH01402,O01518,MetroLogistics,2026-02-20,2026-02-21,2026-02-22
SH01403,O01520,BlueArrow Shipping,2026-01-19,2026-01-20,2026-01-23
SH01404,O01521,RapidRoute,2026-01-30,2026-02-01,2026-02-09
SH01405,O01522,BlueArrow Shipping,2025-11-22,2025-11-27,2025-11-26
SH01406,O01523,FastFreight,2026-04-18,2026-04-21,2026-04-22
SH01407,O01526,MetroLogistics,2026-06-06,2026-06-08,2026-06-08
SH01408,O01527,RapidRoute,2026-08-24,2026-08-25,2026-08-23
SH01409,O01528,RapidRoute,2025-10-17,2025-10-21,2025-10-20
SH01410,O01529,BlueArrow Shipping,2026-06-07,2026-06-09,2026-06-16
SH01411,O01530,MetroLogistics,2025-10-07,2025-10-12,2025-10-12
SH01412,O01531,RapidRoute,2026-01-06,2026-01-07,2026-01-13
SH01413,O01532,BlueArrow Shipping,2025-11-05,2025-11-09,2025-11-14
SH01414,O01533,BlueArrow Shipping,2025-11-03,2025-11-07,2025-11-09
SH01415,O01534,RapidRoute,2025-11-05,2025-11-07,2025-11-13
SH01416,O01535,RapidRoute,2025-09-19,2025-09-21,2025-09-22
SH01417,O01536,RapidRoute,2026-06-29,2026-07-04,2026-07-08
SH01418,O01537,BlueArrow Shipping,2025-09-26,2025-09-30,2025-10-02
SH01419,O01539,FastFreight,2026-05-26,2026-05-27,2026-05-25
SH01420,O01540,MetroLogistics,2026-09-01,2026-09-04,2026-09-06
SH01421,O01542,FastFreight,2025-10-25,2025-10-29,2025-10-29
SH01422,O01543,RapidRoute,2026-08-29,2026-08-31,2026-09-06
SH01423,O01544,MetroLogistics,2026-04-28,2026-05-02,2026-05-06
SH01424,O01545,FastFreight,2025-11-06,2025-11-10,2025-11-10
SH01425,O01546,BlueArrow Shipping,2026-02-13,2026-02-15,2026-02-20
SH01426,O01547,BlueArrow Shipping,2026-08-05,2026-08-06,2026-08-09
SH01427,O01548,FastFreight,2026-01-23,2026-01-24,2026-01-28
SH01428,O01549,MetroLogistics,2025-11-11,2025-11-15,2025-11-13
SH01429,O01550,MetroLogistics,2026-07-25,2026-07-29,2026-07-27
SH01430,O01551,RapidRoute,2026-08-15,2026-08-17,2026-08-23
SH01431,O01552,FastFreight,2026-08-27,2026-08-30,2026-08-28
SH01432,O01553,RapidRoute,2026-08-18,2026-08-21,2026-08-22
SH01433,O01554,FastFreight,2026-07-18,2026-07-23,2026-07-25
SH01434,O01555,RapidRoute,2026-02-16,2026-02-19,2026-02-21
SH01435,O01556,FastFreight,2025-11-13,2025-11-16,2025-11-20
SH01436,O01557,FastFreight,2026-04-16,2026-04-19,2026-04-23
SH01437,O01558,MetroLogistics,2025-11-23,2025-11-24,2025-11-25
SH01438,O01559,RapidRoute,2026-02-21,2026-02-25,2026-03-03
SH01439,O01561,MetroLogistics,2026-08-16,2026-08-21,2026-08-20
SH01440,O01562,RapidRoute,2025-12-16,2025-12-17,2025-12-26
SH01441,O01563,MetroLogistics,2025-12-04,2025-12-05,2025-12-07
SH01442,O01564,MetroLogistics,2026-05-29,2026-06-01,2026-06-05
SH01443,O01565,BlueArrow Shipping,2025-09-05,2025-09-09,2025-09-08
SH01444,O01566,FastFreight,2026-03-27,2026-03-28,2026-04-01
SH01445,O01567,FastFreight,2026-06-03,2026-06-07,2026-06-11
SH01446,O01568,MetroLogistics,2026-03-24,2026-03-26,2026-04-01
SH01447,O01569,RapidRoute,2026-01-22,2026-01-23,2026-01-30
SH01448,O01570,FastFreight,2026-07-02,2026-07-03,2026-07-06
SH01449,O01572,RapidRoute,2026-05-21,2026-05-24,2026-05-29
SH01450,O01573,BlueArrow Shipping,2026-02-20,2026-02-23,2026-02-22
SH01451,O01574,MetroLogistics,2025-09-21,2025-09-24,2025-09-17
SH01452,O01575,FastFreight,2026-03-15,2026-03-19,2026-03-21
SH01453,O01576,BlueArrow Shipping,2025-09-22,2025-09-27,2025-09-29
SH01454,O01577,MetroLogistics,2026-08-09,2026-08-14,2026-08-15
SH01455,O01578,FastFreight,2026-04-12,2026-04-16,2026-04-15
SH01456,O01579,BlueArrow Shipping,2026-01-16,2026-01-19,2026-01-20
SH01457,O01580,RapidRoute,2026-02-27,2026-03-01,2026-03-04
SH01458,O01581,MetroLogistics,2026-04-18,2026-04-22,2026-04-22
SH01459,O01582,MetroLogistics,2025-12-07,2025-12-11,2025-12-13
SH01460,O01583,RapidRoute,2025-12-17,2025-12-22,2025-12-20
SH01461,O01584,MetroLogistics,2026-02-01,2026-02-05,2026-02-07
SH01462,O01585,FastFreight,2025-12-10,2025-12-11,2025-12-13
SH01463,O01586,RapidRoute,2026-06-07,2026-06-10,2026-06-13
SH01464,O01587,BlueArrow Shipping,2025-10-12,2025-10-16,2025-10-17
SH01465,O01588,RapidRoute,2026-07-02,2026-07-07,2026-07-06
SH01466,O01589,RapidRoute,2026-01-09,2026-01-11,2026-01-14
SH01467,O01590,RapidRoute,2026-03-25,2026-03-30,2026-03-29
SH01468,O01591,MetroLogistics,2025-10-30,2025-11-01,2025-11-05
SH01469,O01592,BlueArrow Shipping,2026-01-25,2026-01-27,2026-01-30
SH01470,O01593,MetroLogistics,2026-06-06,2026-06-11,2026-06-13
SH01471,O01594,RapidRoute,2025-12-11,2025-12-12,2025-12-17
SH01472,O01595,RapidRoute,2025-10-23,2025-10-25,2025-10-26
SH01473,O01596,BlueArrow Shipping,2026-03-13,2026-03-18,2026-03-21
SH01474,O01597,MetroLogistics,2025-11-06,2025-11-11,2025-11-07
SH01475,O01598,RapidRoute,2025-12-27,2025-12-28,2026-01-03
SH01476,O01599,RapidRoute,2026-02-16,2026-02-21,2026-02-21
SH01477,O01600,FastFreight,2026-03-27,2026-03-30,2026-03-30
SH01478,O01601,RapidRoute,2026-04-25,2026-04-30,2026-05-01
SH01479,O01602,MetroLogistics,2026-05-08,2026-05-11,2026-05-16
SH01480,O01603,MetroLogistics,2026-07-09,2026-07-12,2026-07-16
SH01481,O01604,MetroLogistics,2025-09-28,2025-09-30,2025-10-04
SH01482,O01605,RapidRoute,2026-01-15,2026-01-18,2026-01-16
SH01483,O01606,MetroLogistics,2025-09-08,2025-09-11,2025-09-06
SH01484,O01607,BlueArrow Shipping,2025-09-06,2025-09-09,2025-09-14
SH01485,O01608,MetroLogistics,2025-11-20,2025-11-22,2025-11-25
SH01486,O01609,RapidRoute,2026-04-10,2026-04-13,2026-04-15
SH01487,O01610,FastFreight,2026-07-27,2026-07-28,2026-08-02
SH01488,O01611,BlueArrow Shipping,2026-06-11,2026-06-16,2026-06-21
SH01489,O01612,MetroLogistics,2026-04-28,2026-05-01,2026-05-02
SH01490,O01613,RapidRoute,2026-06-15,2026-06-17,2026-06-20
SH01491,O01614,RapidRoute,2025-11-04,2025-11-09,2025-11-10
SH01492,O01615,MetroLogistics,2026-07-08,2026-07-11,2026-07-12
SH01493,O01616,RapidRoute,2026-07-24,2026-07-28,2026-07-31
SH01494,O01617,BlueArrow Shipping,2025-10-06,2025-10-11,2025-10-11
SH01495,O01618,FastFreight,2026-02-23,2026-02-28,2026-02-26
SH01496,O01619,RapidRoute,2026-07-02,2026-07-04,2026-07-08
SH01497,O01620,BlueArrow Shipping,2026-02-25,2026-02-28,2026-03-01
SH01498,O01621,RapidRoute,2026-07-07,2026-07-12,2026-07-12
SH01499,O01622,MetroLogistics,2026-08-09,2026-08-12,2026-08-15
SH01500,O01623,MetroLogistics,2026-02-23,2026-02-25,2026-03-04
SH01501,O01624,FastFreight,2025-09-29,2025-10-02,2025-10-02
SH01502,O01625,FastFreight,2026-01-07,2026-01-08,2026-01-14
SH01503,O01626,BlueArrow Shipping,2025-11-28,2025-12-03,2025-11-27
SH01504,O01627,RapidRoute,2026-02-25,2026-02-28,2026-03-01
SH01505,O01628,BlueArrow Shipping,2026-04-06,2026-04-08,2026-04-10
SH01506,O01629,BlueArrow Shipping,2026-02-20,2026-02-23,2026-02-28
SH01507,O01630,FastFreight,2025-11-12,2025-11-13,2025-11-20
SH01508,O01631,FastFreight,2025-12-22,2025-12-26,2025-12-29
SH01509,O01632,MetroLogistics,2026-05-09,2026-05-12,2026-05-17
SH01510,O01633,BlueArrow Shipping,2025-09-11,2025-09-12,2025-09-21
SH01511,O01634,MetroLogistics,2025-11-22,2025-11-25,2025-11-26
SH01512,O01636,RapidRoute,2025-10-16,2025-10-17,2025-10-14
SH01513,O01637,MetroLogistics,2026-02-01,2026-02-03,2026-02-10
SH01514,O01638,RapidRoute,2025-11-27,2025-12-02,2025-11-21
SH01515,O01639,MetroLogistics,2025-10-11,2025-10-15,2025-10-16
SH01516,O01640,MetroLogistics,2026-02-04,2026-02-07,2026-02-13
SH01517,O01642,MetroLogistics,2025-11-05,2025-11-08,2025-11-13
SH01518,O01643,RapidRoute,2025-10-03,2025-10-06,2025-10-08
SH01519,O01644,MetroLogistics,2025-11-02,2025-11-03,2025-10-28
SH01520,O01646,MetroLogistics,2026-07-24,2026-07-26,2026-07-20
SH01521,O01647,FastFreight,2025-11-08,2025-11-13,2025-11-16
SH01522,O01648,MetroLogistics,2025-12-30,2026-01-04,2026-01-02
SH01523,O01649,FastFreight,2026-01-07,2026-01-08,2026-01-12
SH01524,O01650,RapidRoute,2026-01-14,2026-01-19,2026-01-15
SH01525,O01651,RapidRoute,2025-11-30,2025-12-01,2025-12-04
SH01526,O01652,MetroLogistics,2025-09-27,2025-09-30,2025-09-27
SH01527,O01653,RapidRoute,2026-03-13,2026-03-18,2026-03-18
SH01528,O01654,MetroLogistics,2026-01-11,2026-01-13,2026-01-16
SH01529,O01655,RapidRoute,2026-01-07,2026-01-12,2026-01-12
SH01530,O01657,FastFreight,2026-08-08,2026-08-13,2026-08-14
SH01531,O01658,RapidRoute,2026-04-14,2026-04-17,2026-04-16
SH01532,O01660,FastFreight,2025-11-15,2025-11-20,2025-11-22
SH01533,O01661,MetroLogistics,2026-06-26,2026-06-27,2026-06-25
SH01534,O01662,MetroLogistics,2026-07-27,2026-07-30,2026-07-30
SH01535,O01663,FastFreight,2025-09-13,2025-09-15,2025-09-17
SH01536,O01664,RapidRoute,2026-08-10,2026-08-14,2026-08-11
SH01537,O01666,MetroLogistics,2025-10-08,2025-10-10,2025-10-17
SH01538,O01667,MetroLogistics,2026-06-06,2026-06-09,2026-06-07
SH01539,O01668,FastFreight,2025-10-13,2025-10-17,2025-10-21
SH01540,O01669,BlueArrow Shipping,2025-09-22,2025-09-24,2025-09-27
SH01541,O01671,FastFreight,2026-02-17,2026-02-22,2026-02-25
SH01542,O01672,MetroLogistics,2026-04-16,2026-04-20,2026-04-21
SH01543,O01673,RapidRoute,2026-01-28,2026-01-30,2026-02-04
SH01544,O01674,RapidRoute,2025-10-16,2025-10-20,2025-10-26
SH01545,O01675,FastFreight,2025-11-15,2025-11-17,2025-11-17
SH01546,O01676,BlueArrow Shipping,2026-07-14,2026-07-17,2026-07-17
SH01547,O01677,BlueArrow Shipping,2026-08-21,2026-08-25,2026-08-23
SH01548,O01678,RapidRoute,2026-06-09,2026-06-14,2026-06-10
SH01549,O01680,FastFreight,2026-06-28,2026-06-30,2026-07-08
SH01550,O01681,MetroLogistics,2026-05-18,2026-05-21,2026-05-19
SH01551,O01682,FastFreight,2026-03-16,2026-03-19,2026-03-19
SH01552,O01683,BlueArrow Shipping,2025-10-28,2025-11-02,2025-11-01
SH01553,O01684,BlueArrow Shipping,2026-09-03,2026-09-08,2026-09-05
SH01554,O01685,FastFreight,2026-02-11,2026-02-13,2026-02-14
SH01555,O01686,FastFreight,2025-09-18,2025-09-19,2025-09-25
SH01556,O01687,FastFreight,2025-11-19,2025-11-24,2025-11-26
SH01557,O01688,FastFreight,2026-01-29,2026-01-30,2026-01-31
SH01558,O01689,BlueArrow Shipping,2025-09-27,2025-09-29,2025-09-28
SH01559,O01690,FastFreight,2026-01-01,2026-01-02,2026-01-06
SH01560,O01692,RapidRoute,2026-08-23,2026-08-24,2026-08-20
SH01561,O01693,BlueArrow Shipping,2025-10-05,2025-10-06,2025-10-13
SH01562,O01694,FastFreight,2026-04-03,2026-04-07,2026-04-06
SH01563,O01695,RapidRoute,2026-08-05,2026-08-08,2026-08-08
SH01564,O01697,BlueArrow Shipping,2026-08-06,2026-08-07,2026-08-12
SH01565,O01698,RapidRoute,2025-11-05,2025-11-09,2025-11-13
SH01566,O01699,BlueArrow Shipping,2026-06-24,2026-06-25,2026-06-29
SH01567,O01700,BlueArrow Shipping,2026-09-01,2026-09-04,2026-09-02
SH01568,O01701,MetroLogistics,2026-01-02,2026-01-06,2026-01-08
SH01569,O01702,BlueArrow Shipping,2026-03-06,2026-03-09,2026-03-12
SH01570,O01703,RapidRoute,2026-03-14,2026-03-16,2026-03-21
SH01571,O01704,RapidRoute,2026-03-04,2026-03-09,2026-03-07
SH01572,O01705,BlueArrow Shipping,2025-12-18,2025-12-23,2025-12-21
SH01573,O01706,RapidRoute,2026-08-25,2026-08-30,2026-08-29
SH01574,O01707,RapidRoute,2026-08-17,2026-08-18,2026-08-25
SH01575,O01708,BlueArrow Shipping,2026-01-21,2026-01-23,2026-01-24
SH01576,O01709,RapidRoute,2026-06-22,2026-06-24,2026-06-29
SH01577,O01710,FastFreight,2026-01-25,2026-01-26,2026-02-01
SH01578,O01711,RapidRoute,2026-06-26,2026-06-28,2026-06-27
SH01579,O01712,RapidRoute,2026-04-10,2026-04-12,2026-04-12
SH01580,O01713,MetroLogistics,2026-02-20,2026-02-23,2026-02-27
SH01581,O01714,RapidRoute,2025-10-19,2025-10-23,2025-10-25
SH01582,O01715,RapidRoute,2026-04-29,2026-05-02,2026-05-04
SH01583,O01716,FastFreight,2025-12-28,2026-01-01,2026-01-03
SH01584,O01717,RapidRoute,2025-11-20,2025-11-22,2025-11-28
SH01585,O01718,BlueArrow Shipping,2025-11-11,2025-11-14,2025-11-19
SH01586,O01719,FastFreight,2026-09-07,2026-09-09,2026-09-02
SH01587,O01720,FastFreight,2025-10-21,2025-10-22,2025-10-15
SH01588,O01721,BlueArrow Shipping,2026-06-22,2026-06-23,2026-06-30
SH01589,O01722,BlueArrow Shipping,2026-07-17,2026-07-18,2026-07-24
SH01590,O01723,RapidRoute,2025-09-13,2025-09-17,2025-09-22
SH01591,O01724,BlueArrow Shipping,2026-04-13,2026-04-14,2026-04-14
SH01592,O01725,MetroLogistics,2026-04-01,2026-04-04,2026-04-07
SH01593,O01726,MetroLogistics,2026-01-13,2026-01-14,2026-01-18
SH01594,O01727,BlueArrow Shipping,2026-05-09,2026-05-11,2026-05-08
SH01595,O01728,MetroLogistics,2026-02-01,2026-02-03,2026-02-07
SH01596,O01729,BlueArrow Shipping,2026-02-10,2026-02-12,2026-02-13
SH01597,O01731,FastFreight,2026-06-30,2026-07-03,2026-06-28
SH01598,O01732,RapidRoute,2026-04-22,2026-04-27,2026-04-26
SH01599,O01733,FastFreight,2026-01-20,2026-01-24,2026-01-26
SH01600,O01734,FastFreight,2026-08-08,2026-08-10,2026-08-11
SH01601,O01735,RapidRoute,2026-06-23,2026-06-28,2026-07-01
SH01602,O01736,MetroLogistics,2026-08-10,2026-08-15,2026-08-12
SH01603,O01737,BlueArrow Shipping,2026-05-29,2026-06-02,2026-06-04
SH01604,O01738,MetroLogistics,2026-01-23,2026-01-25,2026-01-30
SH01605,O01740,RapidRoute,2026-01-02,2026-01-03,2026-01-10
SH01606,O01741,FastFreight,2025-12-10,2025-12-15,2025-12-15
SH01607,O01742,MetroLogistics,2026-02-13,2026-02-18,2026-02-21
SH01608,O01743,FastFreight,2026-08-22,2026-08-25,2026-08-25
SH01609,O01744,BlueArrow Shipping,2026-04-07,2026-04-10,2026-04-05
SH01610,O01745,BlueArrow Shipping,2026-01-22,2026-01-25,2026-01-27
SH01611,O01746,MetroLogistics,2026-02-18,2026-02-23,2026-02-26
SH01612,O01748,RapidRoute,2026-05-01,2026-05-03,2026-05-09
SH01613,O01749,RapidRoute,2026-01-12,2026-01-16,2026-01-14
SH01614,O01750,RapidRoute,2026-03-24,2026-03-29,2026-03-29
SH01615,O01751,RapidRoute,2026-01-17,2026-01-19,2026-01-22
SH01616,O01752,RapidRoute,2025-12-30,2026-01-01,2026-01-07
SH01617,O01753,MetroLogistics,2026-08-24,2026-08-25,2026-08-28
SH01618,O01754,RapidRoute,2026-01-07,2026-01-11,2026-01-15
SH01619,O01755,BlueArrow Shipping,2025-09-30,2025-10-02,2025-10-04
SH01620,O01756,FastFreight,2026-01-19,2026-01-20,2026-01-28
SH01621,O01757,FastFreight,2026-03-18,2026-03-21,2026-03-23
SH01622,O01758,MetroLogistics,2025-10-06,2025-10-09,2025-10-14
SH01623,O01759,BlueArrow Shipping,2025-12-25,2025-12-26,2025-12-30
SH01624,O01760,FastFreight,2025-11-04,2025-11-08,2025-11-10
SH01625,O01761,BlueArrow Shipping,2026-03-03,2026-03-06,2026-03-13
SH01626,O01762,BlueArrow Shipping,2026-05-23,2026-05-26,2026-05-29
SH01627,O01764,BlueArrow Shipping,2026-01-23,2026-01-25,2026-01-31
SH01628,O01766,RapidRoute,2025-11-19,2025-11-23,2025-11-27
SH01629,O01767,MetroLogistics,2026-06-19,2026-06-23,2026-06-21
SH01630,O01768,FastFreight,2026-03-28,2026-04-01,2026-03-31
SH01631,O01769,RapidRoute,2026-06-11,2026-06-13,2026-06-12
SH01632,O01771,BlueArrow Shipping,2026-03-15,2026-03-18,2026-03-20
SH01633,O01772,BlueArrow Shipping,2025-12-05,2025-12-07,2025-12-08
SH01634,O01773,BlueArrow Shipping,2026-03-15,2026-03-17,2026-03-23
SH01635,O01775,MetroLogistics,2026-08-25,2026-08-30,2026-08-31
SH01636,O01776,FastFreight,2026-08-09,2026-08-11,2026-08-13
SH01637,O01777,BlueArrow Shipping,2025-11-07,2025-11-09,2025-11-14
SH01638,O01778,RapidRoute,2026-04-10,2026-04-14,2026-04-12
SH01639,O01779,FastFreight,2025-10-12,2025-10-16,2025-10-16
SH01640,O01780,MetroLogistics,2026-05-12,2026-05-14,2026-05-09
SH01641,O01781,RapidRoute,2026-09-02,2026-09-03,2026-09-06
SH01642,O01782,MetroLogistics,2025-09-24,2025-09-28,2025-09-28
SH01643,O01783,FastFreight,2026-04-29,2026-05-04,2026-05-09
SH01644,O01784,RapidRoute,2026-08-16,2026-08-17,2026-08-22
SH01645,O01785,FastFreight,2026-07-11,2026-07-13,2026-07-16
SH01646,O01786,FastFreight,2026-01-25,2026-01-30,2026-02-02
SH01647,O01787,MetroLogistics,2025-10-10,2025-10-14,2025-10-15
SH01648,O01788,MetroLogistics,2026-08-08,2026-08-12,2026-08-09
SH01649,O01789,MetroLogistics,2026-08-06,2026-08-08,2026-08-11
SH01650,O01790,RapidRoute,2026-04-04,2026-04-07,2026-04-05
SH01651,O01791,BlueArrow Shipping,2026-08-27,2026-08-28,2026-09-04
SH01652,O01792,MetroLogistics,2025-09-06,2025-09-11,2025-09-07
SH01653,O01793,BlueArrow Shipping,2026-04-16,2026-04-19,2026-04-24
SH01654,O01794,BlueArrow Shipping,2025-09-16,2025-09-20,2025-09-24
SH01655,O01795,BlueArrow Shipping,2026-08-18,2026-08-23,2026-08-14
SH01656,O01796,MetroLogistics,2026-05-11,2026-05-12,2026-05-15
SH01657,O01797,BlueArrow Shipping,2026-08-03,2026-08-08,2026-08-08
SH01658,O01798,MetroLogistics,2026-03-28,2026-03-30,2026-04-04
SH01659,O01799,MetroLogistics,2025-10-04,2025-10-06,2025-10-08
SH01660,O01800,FastFreight,2025-09-13,2025-09-16,2025-09-19
SH01661,O01801,FastFreight,2026-01-02,2026-01-04,2026-01-08
SH01662,O01802,RapidRoute,2026-06-01,2026-06-03,2026-06-04
SH01663,O01803,RapidRoute,2025-11-01,2025-11-05,2025-11-04
SH01664,O01804,MetroLogistics,2026-07-11,2026-07-13,2026-07-15
SH01665,O01806,MetroLogistics,2026-03-05,2026-03-09,2026-03-07
SH01666,O01807,RapidRoute,2025-11-15,2025-11-17,2025-11-21
SH01667,O01808,BlueArrow Shipping,2026-02-21,2026-02-23,2026-02-26
SH01668,O01809,FastFreight,2026-02-14,2026-02-15,2026-02-22
SH01669,O01810,BlueArrow Shipping,2025-09-03,2025-09-08,2025-09-12
SH01670,O01811,RapidRoute,2026-03-31,2026-04-01,2026-04-05
SH01671,O01812,FastFreight,2026-06-18,2026-06-21,2026-06-22
SH01672,O01813,RapidRoute,2026-08-17,2026-08-19,2026-08-19
SH01673,O01814,RapidRoute,2025-12-31,2026-01-05,2026-01-07
SH01674,O01815,FastFreight,2026-07-20,2026-07-21,2026-07-25
SH01675,O01817,RapidRoute,2026-08-28,2026-08-31,2026-09-06
SH01676,O01818,BlueArrow Shipping,2026-01-18,2026-01-21,2026-01-26
SH01677,O01819,FastFreight,2026-07-10,2026-07-15,2026-07-15
SH01678,O01820,RapidRoute,2026-03-29,2026-03-30,2026-04-01
SH01679,O01821,RapidRoute,2025-09-23,2025-09-28,2025-09-29
SH01680,O01822,BlueArrow Shipping,2025-12-09,2025-12-10,2025-12-15
SH01681,O01823,RapidRoute,2026-05-05,2026-05-07,2026-05-10
SH01682,O01824,RapidRoute,2025-10-30,2025-11-04,2025-11-03
SH01683,O01826,MetroLogistics,2026-06-12,2026-06-14,2026-06-16
SH01684,O01827,FastFreight,2025-10-29,2025-11-01,2025-11-01
SH01685,O01828,RapidRoute,2026-03-10,2026-03-12,2026-03-07
SH01686,O01829,RapidRoute,2025-11-20,2025-11-25,2025-11-24
SH01687,O01830,MetroLogistics,2026-03-19,2026-03-20,2026-03-26
SH01688,O01831,BlueArrow Shipping,2025-12-06,2025-12-11,2025-12-03
SH01689,O01833,BlueArrow Shipping,2025-10-02,2025-10-04,2025-10-08
SH01690,O01834,MetroLogistics,2026-08-21,2026-08-24,2026-08-27
SH01691,O01835,BlueArrow Shipping,2026-06-21,2026-06-23,2026-06-25
SH01692,O01836,BlueArrow Shipping,2026-07-12,2026-07-16,2026-07-20
SH01693,O01837,RapidRoute,2026-07-15,2026-07-19,2026-07-13
SH01694,O01838,MetroLogistics,2025-11-09,2025-11-10,2025-11-18
SH01695,O01839,FastFreight,2026-08-08,2026-08-10,2026-08-13
SH01696,O01840,MetroLogistics,2026-04-09,2026-04-13,2026-04-15
SH01697,O01841,FastFreight,2026-08-19,2026-08-22,2026-08-29
SH01698,O01844,FastFreight,2026-01-21,2026-01-24,2026-01-25
SH01699,O01845,BlueArrow Shipping,2025-10-14,2025-10-16,2025-10-18
SH01700,O01846,RapidRoute,2025-10-10,2025-10-14,2025-10-18
SH01701,O01847,FastFreight,2026-01-24,2026-01-29,2026-01-31
SH01702,O01848,MetroLogistics,2026-06-27,2026-06-28,2026-06-29
SH01703,O01849,FastFreight,2026-03-14,2026-03-18,2026-03-10
SH01704,O01850,MetroLogistics,2026-02-25,2026-03-02,2026-03-06
SH01705,O01851,BlueArrow Shipping,2025-12-08,2025-12-10,2025-12-09
SH01706,O01852,RapidRoute,2026-03-27,2026-03-30,2026-04-02
SH01707,O01853,RapidRoute,2026-04-23,2026-04-26,2026-05-02
SH01708,O01854,RapidRoute,2026-08-28,2026-09-01,2026-09-02
SH01709,O01856,MetroLogistics,2026-04-11,2026-04-15,2026-04-21
SH01710,O01857,RapidRoute,2026-07-31,2026-08-05,2026-08-08
SH01711,O01858,MetroLogistics,2026-02-05,2026-02-08,2026-02-12
SH01712,O01859,FastFreight,2026-08-10,2026-08-15,2026-08-13
SH01713,O01860,RapidRoute,2026-01-18,2026-01-21,2026-01-25
SH01714,O01861,RapidRoute,2025-10-29,2025-10-31,2025-10-23
SH01715,O01862,FastFreight,2026-02-04,2026-02-08,2026-02-06
SH01716,O01863,FastFreight,2025-10-26,2025-10-29,2025-10-25
SH01717,O01864,RapidRoute,2025-10-16,2025-10-20,2025-10-24
SH01718,O01865,MetroLogistics,2026-07-20,2026-07-24,2026-07-29
SH01719,O01866,RapidRoute,2026-06-23,2026-06-24,2026-06-27
SH01720,O01867,RapidRoute,2025-11-24,2025-11-27,2025-12-01
SH01721,O01868,BlueArrow Shipping,2026-07-05,2026-07-06,2026-07-12
SH01722,O01869,FastFreight,2025-09-29,2025-10-02,2025-10-02
SH01723,O01870,BlueArrow Shipping,2025-12-15,2025-12-19,2025-12-23
SH01724,O01871,FastFreight,2026-05-17,2026-05-21,2026-05-22
SH01725,O01872,BlueArrow Shipping,2025-12-24,2025-12-25,2025-12-28
SH01726,O01873,BlueArrow Shipping,2026-05-28,2026-06-02,2026-06-03
SH01727,O01875,MetroLogistics,2025-09-28,2025-10-02,2025-10-02
SH01728,O01876,MetroLogistics,2025-09-20,2025-09-22,2025-09-16
SH01729,O01877,RapidRoute,2026-08-20,2026-08-23,2026-08-16
SH01730,O01879,MetroLogistics,2026-03-05,2026-03-06,2026-03-11
SH01731,O01880,RapidRoute,2026-02-19,2026-02-21,2026-02-28
SH01732,O01881,RapidRoute,2026-02-08,2026-02-12,2026-02-13
SH01733,O01882,RapidRoute,2026-05-13,2026-05-18,2026-05-18
SH01734,O01885,RapidRoute,2026-04-20,2026-04-23,2026-04-26
SH01735,O01886,BlueArrow Shipping,2026-05-03,2026-05-05,2026-05-08
SH01736,O01888,RapidRoute,2026-01-18,2026-01-23,2026-01-22
SH01737,O01889,BlueArrow Shipping,2026-06-18,2026-06-21,2026-06-22
SH01738,O01891,FastFreight,2025-10-22,2025-10-26,2025-10-25
SH01739,O01892,FastFreight,2025-09-17,2025-09-21,2025-09-23
SH01740,O01893,BlueArrow Shipping,2026-04-13,2026-04-15,2026-04-06
SH01741,O01895,BlueArrow Shipping,2026-08-20,2026-08-21,2026-08-24
SH01742,O01896,RapidRoute,2026-03-11,2026-03-15,2026-03-18
SH01743,O01897,BlueArrow Shipping,2026-08-10,2026-08-15,2026-08-12
SH01744,O01899,FastFreight,2026-02-14,2026-02-19,2026-02-17
SH01745,O01900,RapidRoute,2025-10-24,2025-10-29,2025-10-30
SH01746,O01901,MetroLogistics,2026-03-31,2026-04-02,2026-04-06
SH01747,O01902,RapidRoute,2025-11-10,2025-11-15,2025-11-18
SH01748,O01903,FastFreight,2026-02-28,2026-03-01,2026-03-10
SH01749,O01904,FastFreight,2026-01-06,2026-01-08,2026-01-10
SH01750,O01905,FastFreight,2025-11-09,2025-11-13,2025-11-14
SH01751,O01906,RapidRoute,2025-10-08,2025-10-10,2025-10-14
SH01752,O01907,FastFreight,2026-03-08,2026-03-09,2026-03-12
SH01753,O01908,BlueArrow Shipping,2026-08-15,2026-08-16,2026-08-22
SH01754,O01909,BlueArrow Shipping,2025-11-25,2025-11-30,2025-11-17
SH01755,O01910,RapidRoute,2026-01-30,2026-02-02,2026-02-02
SH01756,O01911,BlueArrow Shipping,2025-11-25,2025-11-26,2025-12-02
SH01757,O01912,FastFreight,2026-06-26,2026-06-30,2026-07-03
SH01758,O01913,FastFreight,2026-02-04,2026-02-06,2026-02-07
SH01759,O01914,FastFreight,2026-08-25,2026-08-27,2026-08-27
SH01760,O01915,BlueArrow Shipping,2025-11-30,2025-12-05,2025-12-09
SH01761,O01916,MetroLogistics,2025-10-04,2025-10-07,2025-10-08
SH01762,O01917,FastFreight,2026-04-09,2026-04-10,2026-04-12
SH01763,O01918,FastFreight,2026-04-27,2026-05-02,2026-05-06
SH01764,O01919,FastFreight,2026-08-30,2026-08-31,2026-09-08
SH01765,O01920,MetroLogistics,2026-07-18,2026-07-22,2026-07-21
SH01766,O01922,RapidRoute,2026-04-27,2026-04-28,2026-05-01
SH01767,O01923,RapidRoute,2026-01-11,2026-01-13,2026-01-19
SH01768,O01924,MetroLogistics,2026-02-06,2026-02-11,2026-02-11
SH01769,O01925,MetroLogistics,2025-10-21,2025-10-22,2025-10-29
SH01770,O01926,RapidRoute,2026-02-09,2026-02-14,2026-02-13
SH01771,O01927,RapidRoute,2026-01-14,2026-01-16,2026-01-21
SH01772,O01928,MetroLogistics,2025-09-16,2025-09-18,2025-09-25
SH01773,O01929,MetroLogistics,2025-11-18,2025-11-23,2025-11-23
SH01774,O01930,FastFreight,2026-03-19,2026-03-23,2026-03-24
SH01775,O01931,FastFreight,2026-01-14,2026-01-16,2026-01-24
SH01776,O01932,RapidRoute,2026-09-02,2026-09-06,2026-09-08
SH01777,O01933,FastFreight,2026-02-23,2026-02-26,2026-03-03
SH01778,O01934,FastFreight,2026-08-18,2026-08-19,2026-08-27
SH01779,O01935,MetroLogistics,2026-05-03,2026-05-05,2026-05-11
SH01780,O01936,MetroLogistics,2025-09-23,2025-09-25,2025-09-24
SH01781,O01937,FastFreight,2025-11-19,2025-11-22,2025-11-19
SH01782,O01938,BlueArrow Shipping,2026-05-24,2026-05-29,2026-05-25
SH01783,O01939,BlueArrow Shipping,2026-03-21,2026-03-24,2026-03-25
SH01784,O01940,BlueArrow Shipping,2025-12-22,2025-12-23,2025-12-29
SH01785,O01941,RapidRoute,2026-03-11,2026-03-15,2026-03-17
SH01786,O01942,RapidRoute,2026-07-30,2026-08-02,2026-08-03
SH01787,O01943,MetroLogistics,2026-01-27,2026-01-29,2026-01-31
SH01788,O01944,RapidRoute,2025-09-19,2025-09-21,2025-09-23
SH01789,O01945,BlueArrow Shipping,2025-12-27,2025-12-31,2025-12-29
SH01790,O01946,FastFreight,2026-08-12,2026-08-15,2026-08-17
SH01791,O01947,MetroLogistics,2026-06-07,2026-06-10,2026-06-15
SH01792,O01949,FastFreight,2026-07-31,2026-08-01,2026-08-10
SH01793,O01950,RapidRoute,2025-10-18,2025-10-19,2025-10-18
SH01794,O01951,BlueArrow Shipping,2025-12-17,2025-12-19,2025-12-24
SH01795,O01952,RapidRoute,2025-09-26,2025-09-30,2025-10-02
SH01796,O01953,FastFreight,2025-09-03,2025-09-04,2025-09-08
SH01797,O01954,BlueArrow Shipping,2026-07-03,2026-07-04,2026-07-12
SH01798,O01955,BlueArrow Shipping,2026-08-09,2026-08-14,2026-08-18
SH01799,O01956,BlueArrow Shipping,2025-10-29,2025-10-31,2025-11-01
SH01800,O01957,MetroLogistics,2026-05-24,2026-05-25,2026-05-27
SH01801,O01958,FastFreight,2026-03-17,2026-03-22,2026-03-24
SH01802,O01959,RapidRoute,2025-09-28,2025-10-01,2025-10-05
SH01803,O01960,MetroLogistics,2026-08-04,2026-08-05,2026-08-12
SH01804,O01961,RapidRoute,2026-07-20,2026-07-23,2026-07-27
SH01805,O01962,MetroLogistics,2026-03-30,2026-03-31,2026-04-01
SH01806,O01963,MetroLogistics,2026-05-19,2026-05-21,2026-05-28
SH01807,O01964,MetroLogistics,2026-01-26,2026-01-31,2026-02-02
SH01808,O01965,FastFreight,2026-06-20,2026-06-24,2026-06-26
SH01809,O01966,BlueArrow Shipping,2026-02-14,2026-02-17,2026-02-17
SH01810,O01967,RapidRoute,2026-09-01,2026-09-03,2026-09-06
SH01811,O01968,MetroLogistics,2025-09-26,2025-09-29,2025-10-02
SH01812,O01969,FastFreight,2025-11-06,2025-11-10,2025-11-09
SH01813,O01970,FastFreight,2026-08-29,2026-09-02,2026-08-25
SH01814,O01971,FastFreight,2025-12-16,2025-12-19,2025-12-25
SH01815,O01972,MetroLogistics,2025-12-26,2025-12-27,2025-12-30
SH01816,O01973,MetroLogistics,2026-06-17,2026-06-22,2026-06-22
SH01817,O01974,BlueArrow Shipping,2025-11-11,2025-11-13,2025-11-16
SH01818,O01975,MetroLogistics,2026-03-08,2026-03-13,2026-03-12
SH01819,O01976,MetroLogistics,2025-12-16,2025-12-21,2025-12-21
SH01820,O01977,FastFreight,2025-11-15,2025-11-17,2025-11-22
SH01821,O01978,BlueArrow Shipping,2026-08-20,2026-08-23,2026-08-28
SH01822,O01979,MetroLogistics,2025-11-19,2025-11-23,2025-11-17
SH01823,O01980,BlueArrow Shipping,2025-10-07,2025-10-09,2025-10-12
SH01824,O01981,FastFreight,2026-05-07,2026-05-11,2026-05-13
SH01825,O01982,BlueArrow Shipping,2026-07-18,2026-07-21,2026-07-25
SH01826,O01983,RapidRoute,2025-10-18,2025-10-23,2025-10-25
SH01827,O01985,BlueArrow Shipping,2026-03-25,2026-03-30,2026-03-28
SH01828,O01986,MetroLogistics,2026-07-01,2026-07-06,2026-07-05
SH01829,O01987,BlueArrow Shipping,2025-10-18,2025-10-20,2025-10-28
SH01830,O01988,RapidRoute,2026-08-27,2026-08-31,2026-08-29
SH01831,O01989,BlueArrow Shipping,2026-04-18,2026-04-22,2026-04-24
SH01832,O01990,BlueArrow Shipping,2026-07-08,2026-07-11,2026-07-10
SH01833,O01991,RapidRoute,2026-01-13,2026-01-14,2026-01-22
SH01834,O01992,MetroLogistics,2026-08-15,2026-08-17,2026-08-17
SH01835,O01994,FastFreight,2025-10-28,2025-10-31,2025-10-24
SH01836,O01995,RapidRoute,2026-08-06,2026-08-11,2026-08-12
SH01837,O01996,MetroLogistics,2026-06-21,2026-06-26,2026-06-23
SH01838,O01997,MetroLogistics,2025-12-21,2025-12-26,2025-12-27
SH01839,O01998,BlueArrow Shipping,2026-03-21,2026-03-26,2026-03-26
SH01840,O01999,FastFreight,2026-01-22,2026-01-23,2026-01-28
SH01841,O02000,MetroLogistics,2026-03-21,2026-03-26,2026-03-25
SH01842,O02001,BlueArrow Shipping,2026-08-22,2026-08-25,2026-08-29
SH01843,O02002,BlueArrow Shipping,2026-07-28,2026-07-29,2026-08-03
SH01844,O02003,FastFreight,2025-11-21,2025-11-22,2025-11-28
SH01845,O02004,RapidRoute,2026-08-22,2026-08-24,2026-08-26
SH01846,O02005,MetroLogistics,2026-02-09,2026-02-11,2026-02-16
SH01847,O02006,RapidRoute,2026-05-20,2026-05-21,2026-05-23
SH01848,O02007,RapidRoute,2026-06-09,2026-06-11,2026-06-15
SH01849,O02009,BlueArrow Shipping,2026-02-18,2026-02-21,2026-02-24
SH01850,O02010,RapidRoute,2026-02-17,2026-02-19,2026-02-23
SH01851,O02011,FastFreight,2026-07-15,2026-07-19,2026-07-19
SH01852,O02012,MetroLogistics,2026-01-27,2026-01-31,2026-01-26
SH01853,O02013,FastFreight,2025-12-16,2025-12-18,2025-12-23
SH01854,O02014,MetroLogistics,2026-01-13,2026-01-14,2026-01-16
SH01855,O02015,BlueArrow Shipping,2025-11-14,2025-11-16,2025-11-16
SH01856,O02016,BlueArrow Shipping,2026-01-22,2026-01-26,2026-01-28
SH01857,O02017,FastFreight,2025-10-16,2025-10-18,2025-10-17
SH01858,O02018,FastFreight,2025-10-05,2025-10-08,2025-10-13
SH01859,O02019,RapidRoute,2026-05-25,2026-05-30,2026-06-03
SH01860,O02020,MetroLogistics,2025-09-30,2025-10-04,2025-10-07
SH01861,O02021,MetroLogistics,2026-03-28,2026-04-01,2026-04-05
SH01862,O02022,BlueArrow Shipping,2026-06-16,2026-06-17,2026-06-23
SH01863,O02023,FastFreight,2026-05-24,2026-05-28,2026-06-03
SH01864,O02024,MetroLogistics,2026-02-11,2026-02-13,2026-02-15
SH01865,O02025,BlueArrow Shipping,2025-11-12,2025-11-15,2025-11-15
SH01866,O02026,FastFreight,2026-08-10,2026-08-14,2026-08-13
SH01867,O02027,RapidRoute,2026-07-06,2026-07-11,2026-07-08
SH01868,O02028,BlueArrow Shipping,2026-04-13,2026-04-17,2026-04-18
SH01869,O02029,RapidRoute,2025-10-04,2025-10-06,2025-10-08
SH01870,O02030,BlueArrow Shipping,2025-09-17,2025-09-20,2025-09-23
SH01871,O02031,RapidRoute,2025-12-28,2025-12-30,2025-12-31
SH01872,O02032,MetroLogistics,2025-11-01,2025-11-04,2025-11-05
SH01873,O02033,BlueArrow Shipping,2026-07-14,2026-07-18,2026-07-17
SH01874,O02034,RapidRoute,2025-11-16,2025-11-21,2025-11-24
SH01875,O02035,RapidRoute,2025-12-17,2025-12-19,2025-12-23
SH01876,O02037,RapidRoute,2026-06-27,2026-06-29,2026-07-05
SH01877,O02038,MetroLogistics,2025-11-21,2025-11-26,2025-11-25
SH01878,O02039,BlueArrow Shipping,2026-01-20,2026-01-21,2026-01-23
SH01879,O02040,BlueArrow Shipping,2026-03-12,2026-03-14,2026-03-15
SH01880,O02041,FastFreight,2026-05-05,2026-05-10,2026-05-11
SH01881,O02042,MetroLogistics,2026-08-10,2026-08-15,2026-08-13
SH01882,O02043,BlueArrow Shipping,2026-07-18,2026-07-23,2026-07-25
SH01883,O02044,BlueArrow Shipping,2026-08-25,2026-08-30,2026-09-03
SH01884,O02045,BlueArrow Shipping,2025-09-19,2025-09-21,2025-09-24
SH01885,O02046,BlueArrow Shipping,2025-11-28,2025-11-29,2025-12-06
SH01886,O02047,BlueArrow Shipping,2026-03-31,2026-04-05,2026-03-31
SH01887,O02048,BlueArrow Shipping,2025-09-22,2025-09-25,2025-09-27
SH01888,O02049,BlueArrow Shipping,2026-01-09,2026-01-11,2026-01-18
SH01889,O02050,MetroLogistics,2025-10-28,2025-10-31,2025-11-06
SH01890,O02051,FastFreight,2026-08-09,2026-08-14,2026-08-16
SH01891,O02052,BlueArrow Shipping,2025-10-03,2025-10-06,2025-09-30
SH01892,O02053,MetroLogistics,2025-10-28,2025-11-01,2025-11-05
SH01893,O02054,RapidRoute,2025-11-12,2025-11-15,2025-11-20
SH01894,O02055,RapidRoute,2025-10-27,2025-10-30,2025-10-30
SH01895,O02056,MetroLogistics,2026-03-30,2026-04-04,2026-04-05
SH01896,O02057,FastFreight,2026-01-15,2026-01-20,2026-01-22
SH01897,O02058,FastFreight,2026-08-02,2026-08-05,2026-08-05
SH01898,O02059,BlueArrow Shipping,2025-12-06,2025-12-11,2025-12-16
SH01899,O02061,RapidRoute,2026-04-30,2026-05-04,2026-05-06
SH01900,O02062,RapidRoute,2026-04-18,2026-04-19,2026-04-24
SH01901,O02063,RapidRoute,2026-06-20,2026-06-25,2026-06-26
SH01902,O02064,FastFreight,2025-11-15,2025-11-19,2025-11-23
SH01903,O02065,FastFreight,2026-03-14,2026-03-19,2026-03-10
SH01904,O02066,RapidRoute,2026-06-24,2026-06-28,2026-06-26
SH01905,O02067,BlueArrow Shipping,2026-07-15,2026-07-20,2026-07-23
SH01906,O02068,RapidRoute,2026-04-17,2026-04-20,2026-04-20
SH01907,O02069,RapidRoute,2026-04-29,2026-04-30,2026-05-03
SH01908,O02070,BlueArrow Shipping,2026-07-14,2026-07-16,2026-07-22
SH01909,O02071,MetroLogistics,2026-04-21,2026-04-22,2026-04-23
SH01910,O02072,BlueArrow Shipping,2026-08-15,2026-08-17,2026-08-18
SH01911,O02073,BlueArrow Shipping,2025-10-21,2025-10-24,2025-10-25
SH01912,O02074,RapidRoute,2026-01-06,2026-01-11,2026-01-10
SH01913,O02075,RapidRoute,2025-10-15,2025-10-19,2025-10-18
SH01914,O02076,FastFreight,2025-10-07,2025-10-10,2025-10-13
SH01915,O02077,RapidRoute,2026-02-21,2026-02-24,2026-03-02
SH01916,O02078,BlueArrow Shipping,2025-11-26,2025-11-29,2025-12-03
SH01917,O02079,BlueArrow Shipping,2026-01-30,2026-02-02,2026-02-07
SH01918,O02080,MetroLogistics,2026-02-11,2026-02-14,2026-02-12
SH01919,O02081,MetroLogistics,2026-04-16,2026-04-21,2026-04-23
SH01920,O02082,RapidRoute,2026-08-16,2026-08-17,2026-08-17
SH01921,O02083,FastFreight,2026-07-12,2026-07-14,2026-07-18
SH01922,O02084,BlueArrow Shipping,2026-01-28,2026-01-29,2026-01-22
SH01923,O02085,RapidRoute,2026-01-07,2026-01-12,2026-01-07
SH01924,O02086,RapidRoute,2026-06-11,2026-06-12,2026-06-14
SH01925,O02087,FastFreight,2025-10-18,2025-10-22,2025-10-21
SH01926,O02088,FastFreight,2026-03-21,2026-03-22,2026-03-28
SH01927,O02089,BlueArrow Shipping,2026-02-06,2026-02-09,2026-02-08
SH01928,O02090,FastFreight,2025-11-07,2025-11-12,2025-11-14
SH01929,O02091,RapidRoute,2026-04-15,2026-04-20,2026-04-22
SH01930,O02092,RapidRoute,2025-12-28,2025-12-29,2026-01-05
SH01931,O02093,RapidRoute,2025-11-10,2025-11-14,2025-11-18
SH01932,O02094,MetroLogistics,2026-05-02,2026-05-04,2026-05-04
SH01933,O02095,MetroLogistics,2025-11-07,2025-11-11,2025-11-12
SH01934,O02096,BlueArrow Shipping,2026-05-08,2026-05-11,2026-05-15
SH01935,O02098,FastFreight,2026-02-09,2026-02-13,2026-02-11
SH01936,O02099,BlueArrow Shipping,2026-06-26,2026-07-01,2026-06-30
SH01937,O02101,RapidRoute,2026-06-11,2026-06-13,2026-06-15
SH01938,O02102,FastFreight,2026-05-24,2026-05-25,2026-06-02
SH01939,O02103,FastFreight,2026-07-31,2026-08-02,2026-08-05
SH01940,O02104,MetroLogistics,2025-11-03,2025-11-05,2025-11-10
SH01941,O02105,RapidRoute,2026-05-24,2026-05-25,2026-05-26
SH01942,O02106,MetroLogistics,2026-08-10,2026-08-14,2026-08-19
SH01943,O02107,BlueArrow Shipping,2026-06-10,2026-06-15,2026-06-11
SH01944,O02108,RapidRoute,2025-11-12,2025-11-15,2025-11-16
SH01945,O02109,MetroLogistics,2026-07-01,2026-07-04,2026-07-07
SH01946,O02110,FastFreight,2025-10-15,2025-10-18,2025-10-21
SH01947,O02111,RapidRoute,2026-04-04,2026-04-09,2026-04-09
SH01948,O02112,MetroLogistics,2026-03-05,2026-03-06,2026-03-08
SH01949,O02113,BlueArrow Shipping,2026-03-17,2026-03-20,2026-03-18
SH01950,O02114,RapidRoute,2026-03-12,2026-03-17,2026-03-18
SH01951,O02115,RapidRoute,2025-09-16,2025-09-17,2025-09-18
SH01952,O02116,RapidRoute,2026-03-09,2026-03-12,2026-03-14
SH01953,O02117,MetroLogistics,2026-08-10,2026-08-11,2026-08-13
SH01954,O02118,BlueArrow Shipping,2026-02-11,2026-02-16,2026-02-15
SH01955,O02119,MetroLogistics,2025-12-15,2025-12-19,2025-12-19
SH01956,O02121,BlueArrow Shipping,2025-10-08,2025-10-13,2025-10-15
SH01957,O02122,MetroLogistics,2026-03-03,2026-03-05,2026-03-04
SH01958,O02123,RapidRoute,2026-03-14,2026-03-18,2026-03-13
SH01959,O02124,RapidRoute,2026-02-24,2026-02-28,2026-03-04
SH01960,O02125,RapidRoute,2026-08-06,2026-08-07,2026-08-14
SH01961,O02126,MetroLogistics,2026-02-05,2026-02-09,2026-02-07
SH01962,O02127,RapidRoute,2026-08-27,2026-08-31,2026-08-30
SH01963,O02128,FastFreight,2025-09-29,2025-10-03,2025-09-30
SH01964,O02129,BlueArrow Shipping,2026-05-28,2026-05-31,2026-06-01
SH01965,O02130,FastFreight,2026-04-08,2026-04-13,2026-04-12
SH01966,O02131,BlueArrow Shipping,2025-12-01,2025-12-02,2025-12-06
SH01967,O02132,RapidRoute,2025-11-24,2025-11-26,2025-12-02
SH01968,O02133,RapidRoute,2026-05-28,2026-05-30,2026-05-31
SH01969,O02135,MetroLogistics,2026-04-14,2026-04-19,2026-04-17
SH01970,O02136,RapidRoute,2025-09-23,2025-09-24,2025-09-24
SH01971,O02137,FastFreight,2026-04-09,2026-04-10,2026-04-13
SH01972,O02138,BlueArrow Shipping,2026-08-28,2026-09-02,2026-09-01
SH01973,O02139,MetroLogistics,2025-09-15,2025-09-17,2025-09-15
SH01974,O02140,FastFreight,2026-02-23,2026-02-27,2026-02-28
SH01975,O02141,RapidRoute,2026-03-03,2026-03-05,2026-03-06
SH01976,O02142,RapidRoute,2026-07-28,2026-08-01,2026-08-04
SH01977,O02143,FastFreight,2025-12-15,2025-12-20,2025-12-23
SH01978,O02144,MetroLogistics,2026-02-23,2026-02-27,2026-02-28
SH01979,O02145,BlueArrow Shipping,2026-05-22,2026-05-24,2026-05-29
SH01980,O02146,FastFreight,2025-09-25,2025-09-29,2025-09-30
SH01981,O02147,MetroLogistics,2026-06-24,2026-06-29,2026-06-25
SH01982,O02148,FastFreight,2026-06-29,2026-07-04,2026-07-08
SH01983,O02149,FastFreight,2026-05-24,2026-05-26,2026-05-26
SH01984,O02150,FastFreight,2026-04-28,2026-04-30,2026-05-01
SH01985,O02151,BlueArrow Shipping,2026-06-04,2026-06-07,2026-06-07
SH01986,O02152,BlueArrow Shipping,2026-06-16,2026-06-18,2026-06-24
SH01987,O02153,MetroLogistics,2026-07-29,2026-08-02,2026-08-05
SH01988,O02154,FastFreight,2026-02-08,2026-02-11,2026-02-14
SH01989,O02155,RapidRoute,2026-02-16,2026-02-19,2026-02-25
SH01990,O02156,BlueArrow Shipping,2026-04-23,2026-04-28,2026-05-02
SH01991,O02157,RapidRoute,2025-11-11,2025-11-13,2025-11-19
SH01992,O02158,RapidRoute,2026-07-16,2026-07-21,2026-07-17
SH01993,O02159,BlueArrow Shipping,2026-06-11,2026-06-14,2026-06-16
SH01994,O02160,FastFreight,2026-04-23,2026-04-28,2026-04-25
SH01995,O02162,RapidRoute,2026-01-09,2026-01-12,2026-01-14
SH01996,O02163,FastFreight,2026-02-08,2026-02-12,2026-02-15
SH01997,O02164,BlueArrow Shipping,2026-05-02,2026-05-03,2026-05-11
SH01998,O02165,FastFreight,2026-06-13,2026-06-15,2026-06-17
SH01999,O02166,RapidRoute,2026-05-17,2026-05-20,2026-05-14
SH02000,O02167,RapidRoute,2026-08-09,2026-08-11,2026-08-12
SH02001,O02168,RapidRoute,2026-08-18,2026-08-19,2026-08-22
SH02002,O02169,MetroLogistics,2026-05-20,2026-05-23,2026-05-23
SH02003,O02170,BlueArrow Shipping,2026-01-15,2026-01-17,2026-01-25
SH02004,O02171,FastFreight,2026-04-17,2026-04-21,2026-04-15
SH02005,O02172,RapidRoute,2026-02-15,2026-02-18,2026-02-09
SH02006,O02173,FastFreight,2026-04-21,2026-04-24,2026-04-25
SH02007,O02174,RapidRoute,2026-06-26,2026-07-01,2026-07-03
SH02008,O02175,FastFreight,2026-01-17,2026-01-18,2026-01-19
SH02009,O02176,MetroLogistics,2026-03-08,2026-03-12,2026-03-10
SH02010,O02177,BlueArrow Shipping,2025-09-21,2025-09-24,2025-09-23
SH02011,O02178,RapidRoute,2026-05-29,2026-06-02,2026-06-01
SH02012,O02179,BlueArrow Shipping,2026-03-02,2026-03-07,2026-03-07
SH02013,O02180,MetroLogistics,2026-02-16,2026-02-18,2026-02-22
SH02014,O02181,MetroLogistics,2026-03-18,2026-03-20,2026-03-21
SH02015,O02182,BlueArrow Shipping,2025-11-21,2025-11-25,2025-11-25
SH02016,O02183,MetroLogistics,2026-04-10,2026-04-14,2026-04-16
SH02017,O02184,FastFreight,2026-05-31,2026-06-01,2026-06-10
SH02018,O02185,BlueArrow Shipping,2026-01-19,2026-01-21,2026-01-16
SH02019,O02186,MetroLogistics,2025-10-20,2025-10-25,2025-10-26
SH02020,O02187,RapidRoute,2026-01-23,2026-01-26,2026-01-29
SH02021,O02188,FastFreight,2025-11-13,2025-11-18,2025-11-18
SH02022,O02189,BlueArrow Shipping,2026-01-19,2026-01-23,2026-01-26
SH02023,O02191,RapidRoute,2025-10-25,2025-10-27,2025-10-21
SH02024,O02192,RapidRoute,2026-06-04,2026-06-06,2026-06-11
SH02025,O02193,BlueArrow Shipping,2025-11-24,2025-11-29,2025-11-27
SH02026,O02194,RapidRoute,2026-07-25,2026-07-29,2026-07-30
SH02027,O02195,MetroLogistics,2026-05-28,2026-05-31,2026-06-05
SH02028,O02196,MetroLogistics,2025-12-12,2025-12-16,2025-12-16
SH02029,O02197,RapidRoute,2026-03-28,2026-03-31,2026-03-31
SH02030,O02198,FastFreight,2025-10-14,2025-10-16,2025-10-21
SH02031,O02199,RapidRoute,2025-10-08,2025-10-13,2025-10-15
SH02032,O02200,BlueArrow Shipping,2026-08-18,2026-08-23,2026-08-25
SH02033,O02201,BlueArrow Shipping,2026-06-21,2026-06-26,2026-06-26
SH02034,O02202,FastFreight,2025-10-29,2025-11-02,2025-11-01
SH02035,O02203,BlueArrow Shipping,2025-12-14,2025-12-19,2025-12-20
SH02036,O02205,MetroLogistics,2026-01-26,2026-01-29,2026-02-03
SH02037,O02206,FastFreight,2025-12-20,2025-12-22,2025-12-25
SH02038,O02207,BlueArrow Shipping,2025-12-31,2026-01-01,2026-01-08
SH02039,O02209,RapidRoute,2025-11-16,2025-11-18,2025-11-19
SH02040,O02210,BlueArrow Shipping,2026-07-24,2026-07-27,2026-07-31
SH02041,O02211,FastFreight,2026-05-28,2026-05-29,2026-06-01
SH02042,O02212,MetroLogistics,2026-06-06,2026-06-08,2026-06-11
SH02043,O02213,BlueArrow Shipping,2025-11-04,2025-11-09,2025-11-12
SH02044,O02214,BlueArrow Shipping,2026-05-19,2026-05-21,2026-05-25
SH02045,O02215,BlueArrow Shipping,2026-07-05,2026-07-07,2026-07-10
SH02046,O02216,FastFreight,2025-11-06,2025-11-10,2025-11-11
SH02047,O02217,RapidRoute,2026-06-06,2026-06-11,2026-06-12
SH02048,O02218,FastFreight,2026-01-10,2026-01-15,2026-01-16
SH02049,O02219,RapidRoute,2026-06-19,2026-06-24,2026-06-25
SH02050,O02220,MetroLogistics,2026-03-02,2026-03-03,2026-02-28
SH02051,O02221,RapidRoute,2026-06-23,2026-06-24,2026-06-27
SH02052,O02222,FastFreight,2025-10-25,2025-10-29,2025-10-29
SH02053,O02223,BlueArrow Shipping,2026-01-22,2026-01-27,2026-02-01
SH02054,O02224,RapidRoute,2025-12-10,2025-12-14,2025-12-20
SH02055,O02225,RapidRoute,2025-12-04,2025-12-09,2025-12-06
SH02056,O02226,MetroLogistics,2025-12-25,2025-12-29,2025-12-30
SH02057,O02227,MetroLogistics,2026-01-21,2026-01-23,2026-01-28
SH02058,O02228,RapidRoute,2025-10-21,2025-10-26,2025-10-26
SH02059,O02229,BlueArrow Shipping,2026-05-21,2026-05-25,2026-05-26
SH02060,O02230,RapidRoute,2026-03-24,2026-03-26,2026-03-26
SH02061,O02231,FastFreight,2026-07-02,2026-07-05,2026-07-05
SH02062,O02232,MetroLogistics,2026-05-28,2026-05-31,2026-05-27
SH02063,O02233,MetroLogistics,2025-10-26,2025-10-27,2025-11-05
SH02064,O02234,MetroLogistics,2025-09-28,2025-09-30,2025-10-07
SH02065,O02235,RapidRoute,2026-02-03,2026-02-05,2026-02-07
SH02066,O02236,RapidRoute,2026-02-24,2026-02-26,2026-03-04
SH02067,O02237,BlueArrow Shipping,2025-12-01,2025-12-04,2025-12-03
SH02068,O02238,FastFreight,2026-06-15,2026-06-18,2026-06-20
SH02069,O02239,MetroLogistics,2026-04-04,2026-04-09,2026-04-08
SH02070,O02240,MetroLogistics,2026-06-05,2026-06-06,2026-06-07
SH02071,O02241,BlueArrow Shipping,2025-10-21,2025-10-26,2025-10-19
SH02072,O02242,MetroLogistics,2026-06-27,2026-06-29,2026-07-04
SH02073,O02244,BlueArrow Shipping,2026-02-12,2026-02-14,2026-02-22
SH02074,O02246,RapidRoute,2026-07-01,2026-07-02,2026-07-07
SH02075,O02247,BlueArrow Shipping,2025-12-14,2025-12-15,2025-12-20
SH02076,O02248,RapidRoute,2025-11-29,2025-11-30,2025-12-08
SH02077,O02249,MetroLogistics,2026-01-06,2026-01-08,2026-01-09
SH02078,O02250,BlueArrow Shipping,2026-01-12,2026-01-14,2026-01-15
SH02079,O02251,MetroLogistics,2025-11-08,2025-11-10,2025-11-17
SH02080,O02252,MetroLogistics,2025-11-08,2025-11-09,2025-11-11
SH02081,O02253,MetroLogistics,2025-11-26,2025-11-28,2025-12-02
SH02082,O02254,BlueArrow Shipping,2026-02-25,2026-02-26,2026-02-25
SH02083,O02255,BlueArrow Shipping,2026-01-05,2026-01-09,2026-01-15
SH02084,O02256,BlueArrow Shipping,2026-01-31,2026-02-04,2026-01-29
SH02085,O02257,RapidRoute,2026-05-23,2026-05-24,2026-05-30
SH02086,O02258,BlueArrow Shipping,2025-11-29,2025-12-03,2025-12-06
SH02087,O02259,BlueArrow Shipping,2026-08-03,2026-08-08,2026-08-07
SH02088,O02260,RapidRoute,2026-06-04,2026-06-09,2026-06-10
SH02089,O02261,FastFreight,2025-11-07,2025-11-08,2025-11-08
SH02090,O02262,FastFreight,2025-12-25,2025-12-30,2026-01-04
SH02091,O02263,FastFreight,2025-11-08,2025-11-11,2025-11-13
SH02092,O02264,FastFreight,2025-12-11,2025-12-16,2025-12-15
SH02093,O02265,FastFreight,2026-01-15,2026-01-17,2026-01-18
SH02094,O02266,FastFreight,2025-10-19,2025-10-23,2025-10-25
SH02095,O02267,BlueArrow Shipping,2025-09-11,2025-09-16,2025-09-15
SH02096,O02268,BlueArrow Shipping,2026-02-11,2026-02-13,2026-02-16
SH02097,O02269,BlueArrow Shipping,2026-05-16,2026-05-20,2026-05-24
SH02098,O02270,RapidRoute,2025-12-24,2025-12-25,2025-12-30
SH02099,O02271,RapidRoute,2026-07-14,2026-07-18,2026-07-19
SH02100,O02272,MetroLogistics,2026-01-17,2026-01-22,2026-01-23
SH02101,O02274,FastFreight,2025-11-30,2025-12-02,2025-12-05
SH02102,O02278,MetroLogistics,2026-08-07,2026-08-12,2026-08-17
SH02103,O02279,RapidRoute,2026-01-13,2026-01-17,2026-01-17
SH02104,O02280,RapidRoute,2026-03-04,2026-03-07,2026-03-09
SH02105,O02281,FastFreight,2026-04-22,2026-04-24,2026-04-27
SH02106,O02282,FastFreight,2026-04-25,2026-04-28,2026-04-29
SH02107,O02283,BlueArrow Shipping,2025-09-12,2025-09-17,2025-09-18
SH02108,O02284,RapidRoute,2026-07-15,2026-07-16,2026-07-24
SH02109,O02285,RapidRoute,2026-04-17,2026-04-22,2026-04-21
SH02110,O02286,RapidRoute,2026-09-04,2026-09-05,2026-09-11
SH02111,O02287,MetroLogistics,2026-02-21,2026-02-26,2026-03-03
SH02112,O02288,RapidRoute,2026-04-14,2026-04-17,2026-04-18
SH02113,O02289,BlueArrow Shipping,2026-02-11,2026-02-16,2026-02-14
SH02114,O02290,MetroLogistics,2026-07-28,2026-07-29,2026-07-28
SH02115,O02291,FastFreight,2026-07-05,2026-07-06,2026-07-06
SH02116,O02292,BlueArrow Shipping,2026-08-01,2026-08-04,2026-08-03
SH02117,O02293,MetroLogistics,2026-03-06,2026-03-10,2026-03-11
SH02118,O02294,MetroLogistics,2026-06-20,2026-06-24,2026-06-25
SH02119,O02295,FastFreight,2026-01-12,2026-01-16,2026-01-18
SH02120,O02296,FastFreight,2026-02-19,2026-02-24,2026-02-24
SH02121,O02297,FastFreight,2026-06-06,2026-06-10,2026-06-14
SH02122,O02298,FastFreight,2025-10-04,2025-10-09,2025-10-05
SH02123,O02299,RapidRoute,2026-05-19,2026-05-20,2026-05-29
SH02124,O02300,FastFreight,2025-09-09,2025-09-11,2025-09-12
SH02125,O02301,MetroLogistics,2026-04-04,2026-04-05,2026-04-07
SH02126,O02302,RapidRoute,2026-03-02,2026-03-05,2026-03-03
SH02127,O02303,FastFreight,2026-02-22,2026-02-24,2026-02-24
SH02128,O02304,BlueArrow Shipping,2026-03-01,2026-03-05,2026-03-08
SH02129,O02306,MetroLogistics,2026-02-07,2026-02-10,2026-02-07
SH02130,O02307,MetroLogistics,2026-02-15,2026-02-18,2026-02-18
SH02131,O02308,MetroLogistics,2026-03-30,2026-04-03,2026-04-05
SH02132,O02309,BlueArrow Shipping,2026-06-09,2026-06-14,2026-06-15
SH02133,O02310,RapidRoute,2026-03-24,2026-03-25,2026-03-26
SH02134,O02311,BlueArrow Shipping,2026-04-25,2026-04-27,2026-04-28
SH02135,O02312,FastFreight,2026-07-04,2026-07-07,2026-07-09
SH02136,O02313,FastFreight,2026-08-29,2026-08-30,2026-09-02
SH02137,O02314,BlueArrow Shipping,2025-10-14,2025-10-19,2025-10-18
SH02138,O02315,MetroLogistics,2026-05-21,2026-05-23,2026-05-25
SH02139,O02316,FastFreight,2025-11-24,2025-11-25,2025-12-01
SH02140,O02318,BlueArrow Shipping,2026-06-18,2026-06-21,2026-06-24
SH02141,O02319,MetroLogistics,2025-09-30,2025-10-01,2025-10-03
SH02142,O02320,RapidRoute,2026-07-08,2026-07-10,2026-07-12
SH02143,O02321,RapidRoute,2026-06-10,2026-06-14,2026-06-19
SH02144,O02322,FastFreight,2026-09-01,2026-09-03,2026-09-04
SH02145,O02323,RapidRoute,2026-05-04,2026-05-09,2026-05-13
SH02146,O02324,RapidRoute,2026-07-17,2026-07-19,2026-07-22
SH02147,O02325,BlueArrow Shipping,2025-10-16,2025-10-17,2025-10-25
SH02148,O02326,BlueArrow Shipping,2026-07-26,2026-07-29,2026-08-01
SH02149,O02327,MetroLogistics,2025-10-31,2025-11-01,2025-11-08
SH02150,O02328,MetroLogistics,2025-12-28,2026-01-01,2026-01-03
SH02151,O02329,FastFreight,2025-10-19,2025-10-22,2025-10-25
SH02152,O02330,FastFreight,2026-01-26,2026-01-27,2026-01-31
SH02153,O02331,BlueArrow Shipping,2026-06-02,2026-06-04,2026-06-10
SH02154,O02332,BlueArrow Shipping,2025-12-11,2025-12-16,2025-12-16
SH02155,O02333,FastFreight,2026-06-30,2026-07-05,2026-07-08
SH02156,O02335,MetroLogistics,2026-04-29,2026-05-03,2026-04-24
SH02157,O02336,BlueArrow Shipping,2026-08-10,2026-08-15,2026-08-19
SH02158,O02337,FastFreight,2026-02-07,2026-02-08,2026-02-16
SH02159,O02338,FastFreight,2026-01-07,2026-01-11,2026-01-14
SH02160,O02339,RapidRoute,2026-08-31,2026-09-01,2026-09-05
SH02161,O02340,MetroLogistics,2026-03-27,2026-03-30,2026-03-29
SH02162,O02341,MetroLogistics,2026-04-14,2026-04-15,2026-04-18
SH02163,O02342,FastFreight,2025-12-28,2025-12-30,2025-12-28
SH02164,O02344,FastFreight,2025-11-04,2025-11-05,2025-11-09
SH02165,O02345,BlueArrow Shipping,2025-11-25,2025-11-27,2025-11-28
SH02166,O02346,MetroLogistics,2025-11-15,2025-11-19,2025-11-17
SH02167,O02347,MetroLogistics,2026-06-03,2026-06-07,2026-06-08
SH02168,O02348,FastFreight,2025-09-25,2025-09-30,2025-09-28
SH02169,O02349,RapidRoute,2026-04-20,2026-04-25,2026-04-28
SH02170,O02350,RapidRoute,2026-08-21,2026-08-22,2026-08-20
SH02171,O02351,MetroLogistics,2026-06-20,2026-06-25,2026-06-15
SH02172,O02352,FastFreight,2026-01-27,2026-01-29,2026-02-04
SH02173,O02353,RapidRoute,2025-10-03,2025-10-08,2025-10-01
SH02174,O02354,BlueArrow Shipping,2026-07-05,2026-07-10,2026-07-07
SH02175,O02355,RapidRoute,2025-09-04,2025-09-09,2025-09-07
SH02176,O02356,BlueArrow Shipping,2026-05-09,2026-05-12,2026-05-13
SH02177,O02357,RapidRoute,2026-05-06,2026-05-10,2026-05-13
SH02178,O02358,FastFreight,2025-11-12,2025-11-15,2025-11-21
SH02179,O02359,BlueArrow Shipping,2026-06-02,2026-06-03,2026-06-09
SH02180,O02360,MetroLogistics,2025-11-05,2025-11-08,2025-11-10
SH02181,O02361,RapidRoute,2025-11-24,2025-11-26,2025-12-02
SH02182,O02363,BlueArrow Shipping,2026-08-26,2026-08-27,2026-08-30
SH02183,O02364,BlueArrow Shipping,2025-12-09,2025-12-10,2025-12-12
SH02184,O02365,RapidRoute,2026-08-06,2026-08-08,2026-08-11
SH02185,O02366,BlueArrow Shipping,2026-08-02,2026-08-06,2026-08-05
SH02186,O02367,BlueArrow Shipping,2026-06-11,2026-06-16,2026-06-13
SH02187,O02368,BlueArrow Shipping,2025-10-23,2025-10-28,2025-11-02
SH02188,O02369,FastFreight,2025-12-22,2025-12-26,2025-12-29
SH02189,O02370,BlueArrow Shipping,2026-05-07,2026-05-12,2026-05-15
SH02190,O02371,MetroLogistics,2026-09-03,2026-09-05,2026-09-06
SH02191,O02372,FastFreight,2026-06-26,2026-07-01,2026-06-30
SH02192,O02373,MetroLogistics,2026-02-05,2026-02-10,2026-02-06
SH02193,O02374,MetroLogistics,2025-11-28,2025-11-29,2025-12-02
SH02194,O02375,MetroLogistics,2026-08-18,2026-08-20,2026-08-27
SH02195,O02376,MetroLogistics,2025-12-11,2025-12-13,2025-12-19
SH02196,O02377,RapidRoute,2026-01-07,2026-01-08,2026-01-13
SH02197,O02378,RapidRoute,2026-08-23,2026-08-24,2026-08-30
SH02198,O02379,FastFreight,2026-03-28,2026-04-02,2026-04-04
SH02199,O02380,MetroLogistics,2025-12-08,2025-12-09,2025-12-11
SH02200,O02381,MetroLogistics,2025-09-04,2025-09-08,2025-09-08
SH02201,O02382,RapidRoute,2026-02-05,2026-02-10,2026-02-11
SH02202,O02383,MetroLogistics,2026-08-31,2026-09-04,2026-09-03
SH02203,O02384,BlueArrow Shipping,2026-02-09,2026-02-12,2026-02-15
SH02204,O02385,FastFreight,2026-05-17,2026-05-18,2026-05-25
SH02205,O02386,BlueArrow Shipping,2025-12-04,2025-12-07,2025-12-13
SH02206,O02387,MetroLogistics,2026-06-12,2026-06-14,2026-06-19
SH02207,O02388,RapidRoute,2026-06-13,2026-06-18,2026-06-22
SH02208,O02389,FastFreight,2026-04-13,2026-04-18,2026-04-22
SH02209,O02390,MetroLogistics,2026-06-10,2026-06-12,2026-06-15
SH02210,O02391,RapidRoute,2026-04-08,2026-04-09,2026-04-09
SH02211,O02392,FastFreight,2026-01-20,2026-01-25,2026-01-25
SH02212,O02393,MetroLogistics,2026-06-01,2026-06-06,2026-06-07
SH02213,O02394,MetroLogistics,2026-07-04,2026-07-09,2026-07-13
SH02214,O02395,BlueArrow Shipping,2026-07-06,2026-07-10,2026-07-10
SH02215,O02396,FastFreight,2025-11-21,2025-11-24,2025-11-26
SH02216,O02397,BlueArrow Shipping,2026-05-07,2026-05-09,2026-05-16
SH02217,O02398,RapidRoute,2025-09-05,2025-09-06,2025-09-11
SH02218,O02399,MetroLogistics,2026-03-31,2026-04-05,2026-04-07
SH02219,O02400,FastFreight,2026-04-01,2026-04-06,2026-04-07
SH02220,O02401,MetroLogistics,2026-01-13,2026-01-18,2026-01-21
SH02221,O02402,BlueArrow Shipping,2026-09-01,2026-09-04,2026-09-08
SH02222,O02403,BlueArrow Shipping,2026-07-21,2026-07-26,2026-07-31
SH02223,O02404,BlueArrow Shipping,2025-09-19,2025-09-20,2025-09-21
SH02224,O02405,RapidRoute,2025-11-17,2025-11-20,2025-11-26
SH02225,O02406,RapidRoute,2025-11-18,2025-11-19,2025-11-22
SH02226,O02407,MetroLogistics,2026-07-26,2026-07-29,2026-08-03
SH02227,O02409,RapidRoute,2026-05-26,2026-05-27,2026-06-03
SH02228,O02410,MetroLogistics,2026-06-26,2026-06-28,2026-07-02
SH02229,O02411,FastFreight,2026-06-10,2026-06-13,2026-06-14
SH02230,O02412,BlueArrow Shipping,2025-10-06,2025-10-07,2025-10-13
SH02231,O02414,RapidRoute,2026-01-30,2026-01-31,2026-02-02
SH02232,O02415,MetroLogistics,2026-01-05,2026-01-10,2026-01-12
SH02233,O02416,BlueArrow Shipping,2026-06-03,2026-06-05,2026-06-09
SH02234,O02417,BlueArrow Shipping,2025-11-03,2025-11-08,2025-11-06
SH02235,O02418,RapidRoute,2026-01-16,2026-01-18,2026-01-20
SH02236,O02419,FastFreight,2025-11-29,2025-11-30,2025-12-05
SH02237,O02420,FastFreight,2025-11-11,2025-11-12,2025-11-14
SH02238,O02421,MetroLogistics,2025-11-04,2025-11-08,2025-11-14
SH02239,O02422,FastFreight,2025-11-12,2025-11-13,2025-11-16
SH02240,O02423,RapidRoute,2026-03-27,2026-04-01,2026-03-30
SH02241,O02424,BlueArrow Shipping,2026-02-05,2026-02-07,2026-02-07
SH02242,O02425,BlueArrow Shipping,2026-02-09,2026-02-13,2026-02-16
SH02243,O02426,BlueArrow Shipping,2026-02-23,2026-02-26,2026-03-02
SH02244,O02427,MetroLogistics,2026-05-30,2026-05-31,2026-06-06
SH02245,O02428,FastFreight,2026-07-13,2026-07-17,2026-07-17
SH02246,O02429,RapidRoute,2026-03-14,2026-03-15,2026-03-22
SH02247,O02430,MetroLogistics,2026-04-24,2026-04-28,2026-05-03
SH02248,O02432,MetroLogistics,2026-05-11,2026-05-14,2026-05-16
SH02249,O02433,MetroLogistics,2025-10-24,2025-10-26,2025-10-25
SH02250,O02434,MetroLogistics,2026-08-28,2026-09-02,2026-09-02
SH02251,O02435,RapidRoute,2025-11-01,2025-11-03,2025-11-06
SH02252,O02436,FastFreight,2026-01-31,2026-02-02,2026-02-03
SH02253,O02437,FastFreight,2026-04-28,2026-05-02,2026-05-02
SH02254,O02438,FastFreight,2026-01-30,2026-02-01,2026-02-04
SH02255,O02439,BlueArrow Shipping,2025-12-06,2025-12-09,2025-12-05
SH02256,O02440,FastFreight,2026-08-08,2026-08-12,2026-08-14
SH02257,O02441,RapidRoute,2025-09-29,2025-10-04,2025-10-04
SH02258,O02442,BlueArrow Shipping,2025-12-03,2025-12-08,2025-12-08
SH02259,O02444,BlueArrow Shipping,2026-05-27,2026-05-28,2026-05-31
SH02260,O02445,MetroLogistics,2025-10-13,2025-10-18,2025-10-10
SH02261,O02446,MetroLogistics,2026-06-11,2026-06-14,2026-06-12
SH02262,O02447,RapidRoute,2026-08-24,2026-08-29,2026-08-27
SH02263,O02448,RapidRoute,2025-10-08,2025-10-10,2025-10-17
SH02264,O02449,FastFreight,2026-01-31,2026-02-03,2026-02-08
SH02265,O02451,MetroLogistics,2025-10-19,2025-10-24,2025-10-24
SH02266,O02452,FastFreight,2025-11-16,2025-11-21,2025-11-24
SH02267,O02453,MetroLogistics,2025-11-04,2025-11-08,2025-11-11
SH02268,O02454,BlueArrow Shipping,2025-11-10,2025-11-14,2025-11-17
SH02269,O02455,FastFreight,2026-01-28,2026-01-29,2026-02-02
SH02270,O02456,FastFreight,2026-02-19,2026-02-23,2026-02-22
SH02271,O02457,MetroLogistics,2025-11-29,2025-12-02,2025-12-04
SH02272,O02458,BlueArrow Shipping,2025-12-18,2025-12-19,2025-12-23
SH02273,O02459,BlueArrow Shipping,2025-11-14,2025-11-19,2025-11-20
SH02274,O02460,FastFreight,2026-06-20,2026-06-23,2026-06-28
SH02275,O02461,BlueArrow Shipping,2025-11-21,2025-11-25,2025-11-26
SH02276,O02463,FastFreight,2026-03-20,2026-03-21,2026-03-24
SH02277,O02465,MetroLogistics,2026-04-25,2026-04-27,2026-04-26
SH02278,O02466,BlueArrow Shipping,2025-12-17,2025-12-22,2025-12-16
SH02279,O02467,FastFreight,2026-04-11,2026-04-16,2026-04-19
SH02280,O02468,BlueArrow Shipping,2025-12-14,2025-12-15,2025-12-21
SH02281,O02470,FastFreight,2025-12-06,2025-12-11,2025-12-07
SH02282,O02471,FastFreight,2025-12-13,2025-12-15,2025-12-21
SH02283,O02472,BlueArrow Shipping,2025-10-22,2025-10-24,2025-10-26
SH02284,O02473,MetroLogistics,2025-09-13,2025-09-18,2025-09-14
SH02285,O02474,MetroLogistics,2026-08-12,2026-08-15,2026-08-16
SH02286,O02475,MetroLogistics,2026-03-15,2026-03-19,2026-03-15
SH02287,O02476,BlueArrow Shipping,2026-01-29,2026-01-30,2026-01-31
SH02288,O02477,FastFreight,2026-08-07,2026-08-11,2026-08-15
SH02289,O02478,FastFreight,2025-11-24,2025-11-26,2025-11-30
SH02290,O02479,RapidRoute,2026-01-29,2026-02-02,2026-02-05
SH02291,O02480,MetroLogistics,2026-07-08,2026-07-12,2026-07-13
SH02292,O02481,BlueArrow Shipping,2026-04-23,2026-04-24,2026-04-25
SH02293,O02482,FastFreight,2026-02-01,2026-02-06,2026-02-01
SH02294,O02483,FastFreight,2025-12-05,2025-12-07,2025-12-08
SH02295,O02484,RapidRoute,2025-09-15,2025-09-17,2025-09-21
SH02296,O02485,MetroLogistics,2025-10-12,2025-10-16,2025-10-11
SH02297,O02486,MetroLogistics,2025-10-31,2025-11-05,2025-11-08
SH02298,O02487,FastFreight,2026-06-18,2026-06-23,2026-06-23
SH02299,O02489,MetroLogistics,2026-02-08,2026-02-11,2026-02-11
SH02300,O02490,FastFreight,2026-06-14,2026-06-16,2026-06-19
SH02301,O02491,RapidRoute,2025-11-01,2025-11-06,2025-11-03
SH02302,O02492,RapidRoute,2025-11-19,2025-11-21,2025-11-27
SH02303,O02493,FastFreight,2026-01-27,2026-01-31,2026-01-31
SH02304,O02494,FastFreight,2026-08-04,2026-08-06,2026-08-08
SH02305,O02495,BlueArrow Shipping,2026-04-14,2026-04-16,2026-04-20
SH02306,O02496,RapidRoute,2026-07-09,2026-07-12,2026-07-13
SH02307,O02497,MetroLogistics,2025-12-02,2025-12-07,2025-12-08
SH02308,O02498,RapidRoute,2026-07-10,2026-07-12,2026-07-12
SH02309,O02499,FastFreight,2025-09-30,2025-10-04,2025-10-06
SH02310,O02500,BlueArrow Shipping,2025-12-03,2025-12-04,2025-11-29
SH02311,O02501,RapidRoute,2026-03-11,2026-03-15,2026-03-15
SH02312,O02502,MetroLogistics,2025-09-21,2025-09-23,2025-09-24
SH02313,O02504,BlueArrow Shipping,2026-07-23,2026-07-24,2026-07-19
SH02314,O02505,MetroLogistics,2026-03-18,2026-03-21,2026-03-24
SH02315,O02506,RapidRoute,2025-12-25,2025-12-27,2025-12-26
SH02316,O02507,RapidRoute,2025-10-08,2025-10-12,2025-10-12
SH02317,O02508,RapidRoute,2026-04-18,2026-04-19,2026-04-20
SH02318,O02510,RapidRoute,2026-06-06,2026-06-08,2026-06-13
SH02319,O02511,FastFreight,2026-04-10,2026-04-12,2026-04-14
SH02320,O02512,BlueArrow Shipping,2025-10-28,2025-10-30,2025-10-24
SH02321,O02513,BlueArrow Shipping,2025-10-19,2025-10-20,2025-10-23
SH02322,O02515,FastFreight,2025-10-31,2025-11-02,2025-11-07
SH02323,O02516,RapidRoute,2026-08-13,2026-08-14,2026-08-14
SH02324,O02517,FastFreight,2025-10-10,2025-10-14,2025-10-20
SH02325,O02518,MetroLogistics,2026-05-28,2026-05-31,2026-05-29
SH02326,O02519,FastFreight,2026-08-26,2026-08-28,2026-09-02
SH02327,O02520,RapidRoute,2026-02-11,2026-02-15,2026-02-15
SH02328,O02521,FastFreight,2025-09-22,2025-09-27,2025-09-28
SH02329,O02522,BlueArrow Shipping,2026-07-21,2026-07-24,2026-07-22
SH02330,O02524,BlueArrow Shipping,2026-03-14,2026-03-16,2026-03-19
SH02331,O02525,FastFreight,2026-08-27,2026-08-30,2026-09-06
SH02332,O02526,RapidRoute,2026-06-01,2026-06-05,2026-06-08
SH02333,O02527,FastFreight,2025-09-18,2025-09-19,2025-09-26
SH02334,O02528,BlueArrow Shipping,2026-06-30,2026-07-02,2026-07-04
SH02335,O02529,FastFreight,2025-11-01,2025-11-04,2025-11-09
SH02336,O02532,BlueArrow Shipping,2025-12-24,2025-12-28,2025-12-25
SH02337,O02533,FastFreight,2026-02-03,2026-02-06,2026-02-08
SH02338,O02536,BlueArrow Shipping,2025-12-05,2025-12-09,2025-12-05
SH02339,O02537,BlueArrow Shipping,2025-12-26,2025-12-31,2025-12-29
SH02340,O02538,BlueArrow Shipping,2026-03-07,2026-03-08,2026-03-09
SH02341,O02539,RapidRoute,2026-05-12,2026-05-15,2026-05-13
SH02342,O02540,MetroLogistics,2026-03-06,2026-03-08,2026-03-11
SH02343,O02542,RapidRoute,2026-04-04,2026-04-05,2026-04-06
SH02344,O02543,RapidRoute,2026-07-15,2026-07-16,2026-07-22
SH02345,O02544,MetroLogistics,2026-01-26,2026-01-30,2026-02-01
SH02346,O02545,MetroLogistics,2026-07-04,2026-07-07,2026-07-09
SH02347,O02547,BlueArrow Shipping,2026-08-20,2026-08-22,2026-08-28
SH02348,O02548,RapidRoute,2026-08-04,2026-08-09,2026-08-09
SH02349,O02549,FastFreight,2026-06-23,2026-06-25,2026-06-30
SH02350,O02550,FastFreight,2025-12-03,2025-12-06,2025-12-09
SH02351,O02551,FastFreight,2026-06-11,2026-06-16,2026-06-16
SH02352,O02552,BlueArrow Shipping,2026-06-06,2026-06-10,2026-06-04
SH02353,O02553,MetroLogistics,2025-12-18,2025-12-22,2025-12-23
SH02354,O02554,BlueArrow Shipping,2026-05-10,2026-05-12,2026-05-13
SH02355,O02555,MetroLogistics,2025-12-06,2025-12-11,2025-12-09
SH02356,O02556,MetroLogistics,2026-03-12,2026-03-15,2026-03-19
SH02357,O02557,RapidRoute,2026-06-21,2026-06-23,2026-06-25
SH02358,O02558,MetroLogistics,2025-11-09,2025-11-13,2025-11-13
SH02359,O02559,MetroLogistics,2026-01-09,2026-01-12,2026-01-10
SH02360,O02560,FastFreight,2026-06-19,2026-06-20,2026-06-27
SH02361,O02563,MetroLogistics,2025-09-04,2025-09-05,2025-09-13
SH02362,O02564,RapidRoute,2026-05-26,2026-05-27,2026-05-27
SH02363,O02565,FastFreight,2026-06-29,2026-06-30,2026-07-03
SH02364,O02566,MetroLogistics,2026-08-04,2026-08-06,2026-08-13
SH02365,O02567,MetroLogistics,2025-10-30,2025-11-01,2025-11-03
SH02366,O02568,MetroLogistics,2026-08-27,2026-08-29,2026-09-05
SH02367,O02569,RapidRoute,2026-01-26,2026-01-31,2026-01-29
SH02368,O02570,RapidRoute,2026-01-08,2026-01-13,2026-01-13
SH02369,O02571,MetroLogistics,2026-01-12,2026-01-17,2026-01-17
SH02370,O02572,BlueArrow Shipping,2026-04-28,2026-04-29,2026-05-01
SH02371,O02573,RapidRoute,2026-05-03,2026-05-06,2026-05-10
SH02372,O02574,RapidRoute,2026-02-22,2026-02-23,2026-03-02
SH02373,O02575,BlueArrow Shipping,2025-09-30,2025-10-04,2025-10-03
SH02374,O02576,FastFreight,2026-08-29,2026-08-30,2026-09-06
SH02375,O02577,MetroLogistics,2025-11-23,2025-11-25,2025-11-26
SH02376,O02578,MetroLogistics,2025-10-07,2025-10-09,2025-10-12
SH02377,O02579,BlueArrow Shipping,2026-04-11,2026-04-14,2026-04-13
SH02378,O02580,FastFreight,2026-01-31,2026-02-02,2026-02-06
SH02379,O02581,FastFreight,2026-04-15,2026-04-18,2026-04-22
SH02380,O02582,RapidRoute,2026-07-20,2026-07-21,2026-07-26
SH02381,O02583,FastFreight,2025-10-09,2025-10-12,2025-10-12
SH02382,O02584,RapidRoute,2025-12-16,2025-12-17,2025-12-20
SH02383,O02585,RapidRoute,2026-03-10,2026-03-11,2026-03-13
SH02384,O02586,RapidRoute,2026-06-16,2026-06-17,2026-06-23
SH02385,O02587,MetroLogistics,2026-04-12,2026-04-14,2026-04-18
SH02386,O02588,BlueArrow Shipping,2026-01-20,2026-01-24,2026-01-24
SH02387,O02589,BlueArrow Shipping,2026-04-15,2026-04-17,2026-04-19
SH02388,O02590,FastFreight,2026-08-26,2026-08-29,2026-09-04
SH02389,O02591,MetroLogistics,2026-02-26,2026-03-02,2026-02-28
SH02390,O02592,MetroLogistics,2026-07-23,2026-07-27,2026-07-31
SH02391,O02593,MetroLogistics,2026-06-16,2026-06-19,2026-06-19
SH02392,O02594,BlueArrow Shipping,2025-12-20,2025-12-21,2025-12-26
SH02393,O02595,MetroLogistics,2025-12-04,2025-12-08,2025-12-10
SH02394,O02596,FastFreight,2026-06-10,2026-06-12,2026-06-16
SH02395,O02597,FastFreight,2025-11-19,2025-11-22,2025-11-22
SH02396,O02598,BlueArrow Shipping,2026-01-04,2026-01-09,2026-01-07
SH02397,O02599,BlueArrow Shipping,2025-11-29,2025-11-30,2025-11-30
SH02398,O02601,RapidRoute,2025-12-18,2025-12-19,2025-12-28
SH02399,O02602,FastFreight,2026-05-02,2026-05-04,2026-05-04
SH02400,O02603,MetroLogistics,2026-08-09,2026-08-12,2026-08-14
SH02401,O02604,MetroLogistics,2026-07-02,2026-07-05,2026-07-10
SH02402,O02605,BlueArrow Shipping,2026-08-15,2026-08-17,2026-08-23
SH02403,O02606,MetroLogistics,2025-09-10,2025-09-15,2025-09-15
SH02404,O02607,MetroLogistics,2026-02-15,2026-02-16,2026-02-24
SH02405,O02608,RapidRoute,2025-11-23,2025-11-26,2025-11-30
SH02406,O02609,FastFreight,2026-08-06,2026-08-09,2026-08-09
SH02407,O02610,RapidRoute,2026-05-20,2026-05-24,2026-05-23
SH02408,O02611,MetroLogistics,2025-12-28,2025-12-31,2026-01-05
SH02409,O02612,FastFreight,2026-03-26,2026-03-27,2026-04-03
SH02410,O02613,BlueArrow Shipping,2026-04-12,2026-04-14,2026-04-17
SH02411,O02614,FastFreight,2026-03-04,2026-03-05,2026-03-06
SH02412,O02615,BlueArrow Shipping,2026-02-28,2026-03-03,2026-02-28
SH02413,O02616,RapidRoute,2025-09-23,2025-09-28,2025-09-27
SH02414,O02618,MetroLogistics,2026-01-14,2026-01-16,2026-01-17
SH02415,O02620,RapidRoute,2026-07-14,2026-07-16,2026-07-19
SH02416,O02621,FastFreight,2026-06-03,2026-06-06,2026-06-09
SH02417,O02622,MetroLogistics,2025-09-16,2025-09-17,2025-09-21
SH02418,O02623,FastFreight,2026-07-08,2026-07-13,2026-07-10
SH02419,O02624,BlueArrow Shipping,2026-01-27,2026-01-31,2026-01-31
SH02420,O02626,BlueArrow Shipping,2026-08-12,2026-08-16,2026-08-20
SH02421,O02627,RapidRoute,2026-07-17,2026-07-19,2026-07-22
SH02422,O02628,MetroLogistics,2025-09-22,2025-09-24,2025-09-28
SH02423,O02629,RapidRoute,2026-01-12,2026-01-15,2026-01-18
SH02424,O02630,BlueArrow Shipping,2026-06-04,2026-06-06,2026-06-10
SH02425,O02631,BlueArrow Shipping,2026-03-17,2026-03-18,2026-03-27
SH02426,O02632,FastFreight,2025-12-06,2025-12-10,2025-12-11
SH02427,O02633,RapidRoute,2026-03-13,2026-03-18,2026-03-18
SH02428,O02634,RapidRoute,2026-07-16,2026-07-18,2026-07-23
SH02429,O02635,RapidRoute,2025-11-24,2025-11-28,2025-11-26
SH02430,O02636,MetroLogistics,2026-06-04,2026-06-09,2026-06-07
SH02431,O02637,BlueArrow Shipping,2026-06-04,2026-06-08,2026-06-02
SH02432,O02638,FastFreight,2026-07-24,2026-07-29,2026-07-29
SH02433,O02639,BlueArrow Shipping,2025-12-20,2025-12-25,2025-12-23
SH02434,O02640,BlueArrow Shipping,2025-11-22,2025-11-24,2025-11-24
SH02435,O02641,RapidRoute,2026-03-23,2026-03-24,2026-03-26
SH02436,O02642,BlueArrow Shipping,2026-03-25,2026-03-30,2026-03-22
SH02437,O02643,RapidRoute,2026-02-01,2026-02-05,2026-02-05
SH02438,O02644,RapidRoute,2026-06-16,2026-06-17,2026-06-22
SH02439,O02645,FastFreight,2026-06-23,2026-06-28,2026-06-29
SH02440,O02646,RapidRoute,2025-12-02,2025-12-03,2025-12-04
SH02441,O02647,FastFreight,2026-06-21,2026-06-23,2026-06-27
SH02442,O02649,MetroLogistics,2026-02-01,2026-02-06,2026-02-01
SH02443,O02650,RapidRoute,2025-09-14,2025-09-16,2025-09-16
SH02444,O02651,BlueArrow Shipping,2026-01-06,2026-01-10,2026-01-13
SH02445,O02652,RapidRoute,2026-08-19,2026-08-20,2026-08-25
SH02446,O02655,BlueArrow Shipping,2025-10-14,2025-10-17,2025-10-17
SH02447,O02656,BlueArrow Shipping,2026-04-23,2026-04-27,2026-04-26
SH02448,O02657,BlueArrow Shipping,2026-01-26,2026-01-31,2026-01-21
SH02449,O02658,RapidRoute,2026-05-31,2026-06-03,2026-06-09
SH02450,O02659,FastFreight,2026-08-06,2026-08-07,2026-08-13
SH02451,O02660,MetroLogistics,2026-03-27,2026-03-30,2026-03-19
SH02452,O02661,BlueArrow Shipping,2025-10-11,2025-10-15,2025-10-16
SH02453,O02662,MetroLogistics,2026-02-24,2026-02-27,2026-02-27
SH02454,O02663,RapidRoute,2025-10-17,2025-10-22,2025-10-20
SH02455,O02664,BlueArrow Shipping,2026-02-15,2026-02-17,2026-02-17
SH02456,O02665,FastFreight,2025-09-26,2025-10-01,2025-10-03
SH02457,O02666,BlueArrow Shipping,2026-04-23,2026-04-27,2026-04-28
SH02458,O02667,MetroLogistics,2025-12-26,2025-12-29,2025-12-29
SH02459,O02669,MetroLogistics,2025-09-09,2025-09-10,2025-09-18
SH02460,O02670,FastFreight,2026-07-24,2026-07-26,2026-08-01
SH02461,O02671,RapidRoute,2026-07-07,2026-07-11,2026-07-11
SH02462,O02672,MetroLogistics,2026-06-27,2026-07-02,2026-07-04
SH02463,O02673,RapidRoute,2025-09-24,2025-09-27,2025-09-27
SH02464,O02674,MetroLogistics,2026-01-09,2026-01-11,2026-01-12
SH02465,O02675,RapidRoute,2026-08-22,2026-08-26,2026-08-28
SH02466,O02676,MetroLogistics,2026-04-02,2026-04-07,2026-04-10
SH02467,O02677,FastFreight,2025-10-20,2025-10-21,2025-10-22
SH02468,O02678,MetroLogistics,2025-10-27,2025-10-29,2025-10-31
SH02469,O02679,FastFreight,2025-12-07,2025-12-11,2025-12-11
SH02470,O02680,RapidRoute,2026-08-24,2026-08-25,2026-09-01
SH02471,O02681,RapidRoute,2025-11-05,2025-11-10,2025-11-07
SH02472,O02682,FastFreight,2026-07-29,2026-07-31,2026-08-05
SH02473,O02683,FastFreight,2026-05-19,2026-05-22,2026-05-15
SH02474,O02684,RapidRoute,2026-08-07,2026-08-10,2026-08-10
SH02475,O02685,BlueArrow Shipping,2026-07-02,2026-07-04,2026-07-09
SH02476,O02686,RapidRoute,2026-01-04,2026-01-05,2026-01-09
SH02477,O02687,BlueArrow Shipping,2026-07-02,2026-07-03,2026-07-08
SH02478,O02688,BlueArrow Shipping,2025-11-08,2025-11-10,2025-11-10
SH02479,O02689,MetroLogistics,2025-12-17,2025-12-19,2025-12-23
SH02480,O02690,MetroLogistics,2025-11-19,2025-11-24,2025-11-27
SH02481,O02691,BlueArrow Shipping,2025-10-22,2025-10-26,2025-10-28
SH02482,O02692,RapidRoute,2025-10-04,2025-10-05,2025-10-11
SH02483,O02693,MetroLogistics,2025-11-18,2025-11-22,2025-11-17
SH02484,O02694,MetroLogistics,2025-10-18,2025-10-22,2025-10-24
SH02485,O02695,BlueArrow Shipping,2026-01-18,2026-01-19,2026-01-26
SH02486,O02696,FastFreight,2025-10-01,2025-10-04,2025-10-04
SH02487,O02697,BlueArrow Shipping,2025-09-24,2025-09-28,2025-09-29
SH02488,O02699,FastFreight,2025-10-07,2025-10-11,2025-10-14
SH02489,O02700,BlueArrow Shipping,2025-10-01,2025-10-04,2025-10-08
SH02490,O02702,RapidRoute,2025-10-21,2025-10-24,2025-10-26
SH02491,O02703,RapidRoute,2026-03-21,2026-03-25,2026-03-22
SH02492,O02704,FastFreight,2026-06-30,2026-07-05,2026-07-04
SH02493,O02705,BlueArrow Shipping,2026-05-30,2026-05-31,2026-06-05
SH02494,O02706,MetroLogistics,2026-04-04,2026-04-07,2026-04-06
SH02495,O02707,MetroLogistics,2025-10-05,2025-10-10,2025-10-09
SH02496,O02708,BlueArrow Shipping,2026-06-14,2026-06-17,2026-06-21
SH02497,O02709,RapidRoute,2025-09-16,2025-09-17,2025-09-19
SH02498,O02710,BlueArrow Shipping,2026-04-23,2026-04-24,2026-04-29
SH02499,O02711,BlueArrow Shipping,2026-01-31,2026-02-04,2026-02-04
SH02500,O02712,BlueArrow Shipping,2026-07-23,2026-07-26,2026-07-27
SH02501,O02713,BlueArrow Shipping,2025-12-24,2025-12-28,2025-12-30
SH02502,O02714,MetroLogistics,2026-04-24,2026-04-25,2026-05-03
SH02503,O02715,RapidRoute,2026-02-09,2026-02-13,2026-02-16
SH02504,O02716,BlueArrow Shipping,2026-03-14,2026-03-17,2026-03-16
SH02505,O02717,BlueArrow Shipping,2026-08-10,2026-08-13,2026-08-14
SH02506,O02718,FastFreight,2026-05-22,2026-05-25,2026-05-25
SH02507,O02719,MetroLogistics,2026-02-03,2026-02-05,2026-02-05
SH02508,O02720,MetroLogistics,2026-02-13,2026-02-17,2026-02-16
SH02509,O02721,BlueArrow Shipping,2026-05-25,2026-05-27,2026-05-27
SH02510,O02722,FastFreight,2026-01-08,2026-01-11,2026-01-13
SH02511,O02723,MetroLogistics,2025-11-05,2025-11-10,2025-11-12
SH02512,O02724,MetroLogistics,2026-02-19,2026-02-23,2026-02-26
SH02513,O02725,BlueArrow Shipping,2025-09-27,2025-09-28,2025-10-01
SH02514,O02726,FastFreight,2025-11-04,2025-11-05,2025-11-07
SH02515,O02727,BlueArrow Shipping,2026-02-02,2026-02-05,2026-02-11
SH02516,O02728,BlueArrow Shipping,2026-06-25,2026-06-29,2026-06-23
SH02517,O02729,BlueArrow Shipping,2026-06-24,2026-06-27,2026-06-18
SH02518,O02730,FastFreight,2025-12-06,2025-12-11,2025-12-12
SH02519,O02731,BlueArrow Shipping,2026-02-03,2026-02-08,2026-02-09
SH02520,O02732,MetroLogistics,2025-11-06,2025-11-09,2025-11-02
SH02521,O02733,MetroLogistics,2026-06-06,2026-06-08,2026-06-11
SH02522,O02734,FastFreight,2025-12-02,2025-12-03,2025-12-08
SH02523,O02736,MetroLogistics,2026-07-08,2026-07-09,2026-07-13
SH02524,O02737,MetroLogistics,2026-05-12,2026-05-16,2026-05-18
SH02525,O02738,FastFreight,2026-01-01,2026-01-03,2026-01-08
SH02526,O02739,RapidRoute,2026-08-15,2026-08-16,2026-08-20
SH02527,O02741,BlueArrow Shipping,2026-04-27,2026-04-28,2026-05-01
SH02528,O02742,MetroLogistics,2026-07-13,2026-07-16,2026-07-15
SH02529,O02743,FastFreight,2026-07-20,2026-07-23,2026-07-30
SH02530,O02744,BlueArrow Shipping,2025-09-30,2025-10-01,2025-10-08
SH02531,O02746,FastFreight,2026-06-18,2026-06-21,2026-06-17
SH02532,O02747,MetroLogistics,2025-11-18,2025-11-21,2025-11-25
SH02533,O02748,FastFreight,2025-12-25,2025-12-26,2025-12-27
SH02534,O02751,FastFreight,2026-02-17,2026-02-22,2026-02-21
SH02535,O02752,RapidRoute,2026-05-13,2026-05-15,2026-05-21
SH02536,O02753,MetroLogistics,2026-04-30,2026-05-01,2026-05-05
SH02537,O02754,FastFreight,2026-08-02,2026-08-03,2026-08-08
SH02538,O02755,MetroLogistics,2025-10-15,2025-10-18,2025-10-22
SH02539,O02756,FastFreight,2025-12-20,2025-12-24,2025-12-27
SH02540,O02757,BlueArrow Shipping,2026-09-04,2026-09-06,2026-09-05
SH02541,O02758,MetroLogistics,2026-03-30,2026-04-03,2026-04-06
SH02542,O02759,FastFreight,2025-12-02,2025-12-04,2025-12-07
SH02543,O02760,MetroLogistics,2025-12-17,2025-12-18,2025-12-26
SH02544,O02761,RapidRoute,2026-01-08,2026-01-12,2026-01-12
SH02545,O02762,BlueArrow Shipping,2026-03-24,2026-03-28,2026-03-27
SH02546,O02763,BlueArrow Shipping,2025-12-14,2025-12-18,2025-12-21
SH02547,O02764,RapidRoute,2026-04-22,2026-04-25,2026-04-21
SH02548,O02765,MetroLogistics,2026-02-14,2026-02-19,2026-02-18
SH02549,O02766,MetroLogistics,2026-04-22,2026-04-27,2026-04-21
SH02550,O02767,RapidRoute,2025-10-30,2025-11-01,2025-11-05
SH02551,O02768,BlueArrow Shipping,2026-04-18,2026-04-22,2026-04-26
SH02552,O02770,FastFreight,2025-10-21,2025-10-22,2025-10-28
SH02553,O02771,RapidRoute,2026-01-02,2026-01-03,2026-01-03
SH02554,O02772,RapidRoute,2026-05-15,2026-05-18,2026-05-23
SH02555,O02773,MetroLogistics,2026-04-18,2026-04-22,2026-04-19
SH02556,O02774,MetroLogistics,2026-05-06,2026-05-09,2026-05-11
SH02557,O02775,BlueArrow Shipping,2026-03-28,2026-03-29,2026-04-03
SH02558,O02776,BlueArrow Shipping,2026-05-12,2026-05-16,2026-05-15
SH02559,O02777,FastFreight,2026-04-13,2026-04-17,2026-04-19
SH02560,O02778,FastFreight,2025-10-01,2025-10-05,2025-10-03
SH02561,O02779,RapidRoute,2026-06-05,2026-06-09,2026-06-08
SH02562,O02780,RapidRoute,2026-02-12,2026-02-17,2026-02-20
SH02563,O02781,RapidRoute,2025-09-22,2025-09-24,2025-09-27
SH02564,O02782,MetroLogistics,2026-01-31,2026-02-01,2026-02-03
SH02565,O02783,BlueArrow Shipping,2026-02-15,2026-02-18,2026-02-13
SH02566,O02784,BlueArrow Shipping,2025-10-10,2025-10-15,2025-10-09
SH02567,O02785,MetroLogistics,2026-09-02,2026-09-03,2026-09-10
SH02568,O02786,RapidRoute,2025-11-25,2025-11-30,2025-12-02
SH02569,O02787,MetroLogistics,2025-12-31,2026-01-04,2026-01-07
SH02570,O02788,FastFreight,2026-02-12,2026-02-13,2026-02-14
SH02571,O02789,FastFreight,2026-07-05,2026-07-08,2026-07-09
SH02572,O02790,RapidRoute,2026-06-03,2026-06-05,2026-06-04
SH02573,O02791,FastFreight,2026-06-10,2026-06-14,2026-06-18
SH02574,O02792,BlueArrow Shipping,2025-12-07,2025-12-11,2025-12-05
SH02575,O02793,MetroLogistics,2026-07-08,2026-07-10,2026-07-17
SH02576,O02794,RapidRoute,2026-07-04,2026-07-07,2026-07-08
SH02577,O02795,RapidRoute,2026-02-20,2026-02-21,2026-02-25
SH02578,O02796,MetroLogistics,2026-03-26,2026-03-27,2026-03-24
SH02579,O02797,BlueArrow Shipping,2025-09-15,2025-09-19,2025-09-24
SH02580,O02798,RapidRoute,2026-06-09,2026-06-11,2026-06-12
SH02581,O02799,RapidRoute,2026-08-19,2026-08-24,2026-08-27
SH02582,O02801,RapidRoute,2026-03-21,2026-03-24,2026-03-23
SH02583,O02802,BlueArrow Shipping,2026-03-06,2026-03-08,2026-03-09
SH02584,O02803,MetroLogistics,2025-10-07,2025-10-12,2025-10-07
SH02585,O02804,BlueArrow Shipping,2026-04-18,2026-04-19,2026-04-26
SH02586,O02805,BlueArrow Shipping,2026-05-25,2026-05-30,2026-06-01
SH02587,O02806,MetroLogistics,2026-08-07,2026-08-08,2026-08-14
SH02588,O02807,RapidRoute,2026-08-09,2026-08-14,2026-08-13
SH02589,O02808,MetroLogistics,2026-03-08,2026-03-11,2026-03-09
SH02590,O02809,RapidRoute,2026-08-21,2026-08-24,2026-08-25
SH02591,O02810,BlueArrow Shipping,2026-03-15,2026-03-19,2026-03-22
SH02592,O02811,RapidRoute,2026-04-28,2026-05-02,2026-04-29
SH02593,O02812,BlueArrow Shipping,2026-04-12,2026-04-14,2026-04-16
SH02594,O02813,BlueArrow Shipping,2026-09-04,2026-09-05,2026-09-11
SH02595,O02814,RapidRoute,2026-05-29,2026-06-03,2026-06-02
SH02596,O02815,MetroLogistics,2025-10-16,2025-10-19,2025-10-24
SH02597,O02816,MetroLogistics,2025-09-30,2025-10-02,2025-10-06
SH02598,O02817,RapidRoute,2026-01-31,2026-02-05,2026-02-04
SH02599,O02818,MetroLogistics,2026-03-11,2026-03-12,2026-03-19
SH02600,O02819,BlueArrow Shipping,2026-05-06,2026-05-11,2026-05-13
SH02601,O02820,BlueArrow Shipping,2026-02-24,2026-02-25,2026-03-03
SH02602,O02821,FastFreight,2026-03-08,2026-03-12,2026-03-14
SH02603,O02822,MetroLogistics,2026-08-07,2026-08-08,2026-08-12
SH02604,O02825,FastFreight,2026-03-25,2026-03-26,2026-03-28
SH02605,O02826,FastFreight,2026-02-20,2026-02-22,2026-02-24
SH02606,O02827,MetroLogistics,2026-08-22,2026-08-23,2026-08-28
SH02607,O02828,MetroLogistics,2026-08-21,2026-08-22,2026-08-24
SH02608,O02829,BlueArrow Shipping,2026-03-10,2026-03-14,2026-03-15
SH02609,O02830,MetroLogistics,2026-02-13,2026-02-17,2026-02-23
SH02610,O02831,RapidRoute,2026-04-05,2026-04-07,2026-04-10
SH02611,O02832,FastFreight,2025-11-10,2025-11-14,2025-11-13
SH02612,O02833,RapidRoute,2026-02-06,2026-02-08,2026-02-10
SH02613,O02834,BlueArrow Shipping,2025-11-23,2025-11-25,2025-11-29
SH02614,O02835,FastFreight,2025-10-26,2025-10-31,2025-11-02
SH02615,O02836,FastFreight,2025-10-07,2025-10-10,2025-10-11
SH02616,O02838,FastFreight,2025-09-10,2025-09-11,2025-09-12
SH02617,O02839,MetroLogistics,2026-05-04,2026-05-08,2026-05-03
SH02618,O02840,MetroLogistics,2026-02-07,2026-02-09,2026-02-16
SH02619,O02841,FastFreight,2026-01-15,2026-01-16,2026-01-23
SH02620,O02842,BlueArrow Shipping,2026-06-10,2026-06-12,2026-06-17
SH02621,O02843,RapidRoute,2026-03-18,2026-03-20,2026-03-25
SH02622,O02844,RapidRoute,2026-05-30,2026-05-31,2026-06-04
SH02623,O02845,FastFreight,2026-05-27,2026-05-31,2026-05-26
SH02624,O02846,RapidRoute,2025-09-14,2025-09-16,2025-09-20
SH02625,O02847,MetroLogistics,2025-11-19,2025-11-20,2025-11-24
SH02626,O02848,FastFreight,2026-03-30,2026-03-31,2026-04-04
SH02627,O02849,FastFreight,2026-08-27,2026-08-31,2026-09-01
SH02628,O02850,RapidRoute,2025-10-29,2025-11-01,2025-11-06
SH02629,O02851,MetroLogistics,2025-10-11,2025-10-16,2025-10-17
SH02630,O02852,BlueArrow Shipping,2026-08-13,2026-08-16,2026-08-15
SH02631,O02853,BlueArrow Shipping,2026-08-23,2026-08-27,2026-08-24
SH02632,O02854,RapidRoute,2025-11-05,2025-11-08,2025-11-12
SH02633,O02855,BlueArrow Shipping,2026-01-27,2026-01-30,2026-01-30
SH02634,O02856,RapidRoute,2026-04-18,2026-04-23,2026-04-23
SH02635,O02857,MetroLogistics,2025-11-14,2025-11-18,2025-11-16
SH02636,O02858,BlueArrow Shipping,2025-12-31,2026-01-03,2026-01-04
SH02637,O02859,FastFreight,2026-01-29,2026-02-03,2026-02-02
SH02638,O02860,RapidRoute,2026-04-24,2026-04-28,2026-04-29
SH02639,O02861,RapidRoute,2025-12-26,2025-12-31,2026-01-01
SH02640,O02862,MetroLogistics,2026-01-30,2026-02-03,2026-02-08
SH02641,O02863,FastFreight,2025-12-17,2025-12-21,2025-12-24
SH02642,O02864,RapidRoute,2026-06-07,2026-06-10,2026-06-11
SH02643,O02865,RapidRoute,2025-10-27,2025-11-01,2025-11-06
SH02644,O02868,RapidRoute,2026-07-31,2026-08-02,2026-08-06
SH02645,O02869,FastFreight,2026-08-12,2026-08-15,2026-08-21
SH02646,O02870,RapidRoute,2026-03-03,2026-03-08,2026-03-09
SH02647,O02871,MetroLogistics,2025-10-29,2025-10-31,2025-11-06
SH02648,O02873,FastFreight,2026-03-02,2026-03-05,2026-03-08
SH02649,O02874,BlueArrow Shipping,2026-07-12,2026-07-13,2026-07-17
SH02650,O02875,RapidRoute,2026-01-17,2026-01-20,2026-01-19
SH02651,O02876,RapidRoute,2026-09-05,2026-09-07,2026-09-09
SH02652,O02877,FastFreight,2026-06-23,2026-06-26,2026-07-03
SH02653,O02878,RapidRoute,2025-11-22,2025-11-24,2025-12-02
SH02654,O02879,RapidRoute,2026-05-27,2026-06-01,2026-05-30
SH02655,O02880,RapidRoute,2025-12-18,2025-12-23,2025-12-25
SH02656,O02881,RapidRoute,2026-01-09,2026-01-12,2026-01-13
SH02657,O02882,BlueArrow Shipping,2025-12-02,2025-12-06,2025-12-07
SH02658,O02883,FastFreight,2026-05-17,2026-05-20,2026-05-14
SH02659,O02884,FastFreight,2025-12-09,2025-12-11,2025-12-14
SH02660,O02885,BlueArrow Shipping,2026-04-23,2026-04-26,2026-04-30
SH02661,O02886,FastFreight,2026-04-05,2026-04-08,2026-04-11
SH02662,O02887,BlueArrow Shipping,2026-06-05,2026-06-09,2026-06-12
SH02663,O02889,FastFreight,2025-09-07,2025-09-11,2025-09-12
SH02664,O02890,RapidRoute,2026-08-29,2026-08-31,2026-09-03
SH02665,O02891,MetroLogistics,2025-10-13,2025-10-17,2025-10-15
SH02666,O02892,FastFreight,2026-03-13,2026-03-18,2026-03-23
SH02667,O02893,MetroLogistics,2026-01-05,2026-01-08,2026-01-10
SH02668,O02894,RapidRoute,2026-04-26,2026-05-01,2026-04-27
SH02669,O02895,BlueArrow Shipping,2026-05-26,2026-05-29,2026-05-29
SH02670,O02896,RapidRoute,2026-07-22,2026-07-23,2026-07-21
SH02671,O02898,MetroLogistics,2026-08-09,2026-08-10,2026-08-12
SH02672,O02899,BlueArrow Shipping,2025-12-28,2025-12-30,2026-01-05
SH02673,O02900,FastFreight,2025-11-17,2025-11-20,2025-11-21
SH02674,O02901,MetroLogistics,2026-01-19,2026-01-24,2026-01-28
SH02675,O02902,MetroLogistics,2026-03-13,2026-03-15,2026-03-20
SH02676,O02903,BlueArrow Shipping,2026-05-05,2026-05-07,2026-05-10
SH02677,O02904,BlueArrow Shipping,2026-07-04,2026-07-08,2026-07-09
SH02678,O02907,FastFreight,2026-08-12,2026-08-14,2026-08-18
SH02679,O02908,BlueArrow Shipping,2026-02-11,2026-02-14,2026-02-13
SH02680,O02909,RapidRoute,2025-11-29,2025-12-01,2025-12-03
SH02681,O02910,MetroLogistics,2026-08-28,2026-08-30,2026-09-04
SH02682,O02911,FastFreight,2026-02-13,2026-02-14,2026-02-18
SH02683,O02912,MetroLogistics,2026-08-30,2026-09-02,2026-09-01
SH02684,O02913,MetroLogistics,2026-08-04,2026-08-07,2026-08-12
SH02685,O02914,RapidRoute,2026-08-05,2026-08-06,2026-08-07
SH02686,O02915,FastFreight,2026-04-04,2026-04-08,2026-04-06
SH02687,O02916,MetroLogistics,2026-06-20,2026-06-22,2026-06-25
SH02688,O02917,BlueArrow Shipping,2026-08-21,2026-08-25,2026-08-27
SH02689,O02918,RapidRoute,2025-12-11,2025-12-12,2025-12-16
SH02690,O02919,BlueArrow Shipping,2025-09-15,2025-09-16,2025-09-21
SH02691,O02920,FastFreight,2025-12-28,2025-12-29,2026-01-04
SH02692,O02921,BlueArrow Shipping,2026-04-25,2026-04-28,2026-04-28
SH02693,O02922,FastFreight,2026-03-21,2026-03-22,2026-03-24
SH02694,O02923,FastFreight,2025-10-01,2025-10-03,2025-10-09
SH02695,O02924,BlueArrow Shipping,2026-03-27,2026-03-30,2026-04-02
SH02696,O02925,MetroLogistics,2025-11-04,2025-11-08,2025-11-08
SH02697,O02926,FastFreight,2026-03-05,2026-03-09,2026-03-10
SH02698,O02927,MetroLogistics,2026-04-03,2026-04-06,2026-04-08
SH02699,O02928,MetroLogistics,2026-04-22,2026-04-23,2026-05-01
SH02700,O02929,BlueArrow Shipping,2026-02-02,2026-02-07,2026-02-09
SH02701,O02930,RapidRoute,2026-01-31,2026-02-04,2026-02-06
SH02702,O02931,FastFreight,2026-05-08,2026-05-13,2026-05-11
SH02703,O02932,BlueArrow Shipping,2026-06-03,2026-06-08,2026-06-08
SH02704,O02933,BlueArrow Shipping,2026-06-28,2026-07-02,2026-06-28
SH02705,O02934,RapidRoute,2026-01-03,2026-01-08,2026-01-11
SH02706,O02935,MetroLogistics,2026-02-06,2026-02-09,2026-02-07
SH02707,O02936,FastFreight,2026-01-01,2026-01-04,2026-01-06
SH02708,O02937,RapidRoute,2026-03-19,2026-03-22,2026-03-20
SH02709,O02938,FastFreight,2025-10-25,2025-10-28,2025-10-24
SH02710,O02939,MetroLogistics,2026-02-05,2026-02-08,2026-02-14
SH02711,O02941,BlueArrow Shipping,2026-03-24,2026-03-26,2026-03-19
SH02712,O02942,FastFreight,2026-07-12,2026-07-16,2026-07-19
SH02713,O02943,MetroLogistics,2026-08-28,2026-08-30,2026-09-02
SH02714,O02945,FastFreight,2025-09-25,2025-09-30,2025-09-28
SH02715,O02946,RapidRoute,2025-11-24,2025-11-28,2025-12-04
SH02716,O02947,MetroLogistics,2025-10-13,2025-10-18,2025-10-15
SH02717,O02948,BlueArrow Shipping,2026-06-07,2026-06-11,2026-06-13
SH02718,O02949,FastFreight,2026-08-28,2026-08-31,2026-08-31
SH02719,O02950,BlueArrow Shipping,2026-03-24,2026-03-26,2026-03-30
SH02720,O02951,RapidRoute,2025-11-07,2025-11-11,2025-11-11
SH02721,O02952,FastFreight,2025-09-09,2025-09-12,2025-09-18
SH02722,O02953,BlueArrow Shipping,2026-08-26,2026-08-28,2026-08-31
SH02723,O02954,BlueArrow Shipping,2025-12-26,2025-12-27,2026-01-03
SH02724,O02955,FastFreight,2025-10-12,2025-10-13,2025-10-22
SH02725,O02956,MetroLogistics,2025-11-08,2025-11-10,2025-11-15
SH02726,O02957,RapidRoute,2025-12-05,2025-12-09,2025-12-09
SH02727,O02958,MetroLogistics,2026-05-02,2026-05-07,2026-05-06
SH02728,O02959,FastFreight,2026-07-26,2026-07-31,2026-08-02
SH02729,O02960,BlueArrow Shipping,2025-12-14,2025-12-17,2025-12-15
SH02730,O02962,RapidRoute,2025-09-28,2025-10-03,2025-10-02
SH02731,O02963,MetroLogistics,2025-09-08,2025-09-09,2025-09-12
SH02732,O02964,FastFreight,2025-09-23,2025-09-28,2025-10-02
SH02733,O02965,FastFreight,2026-08-04,2026-08-09,2026-08-08
SH02734,O02966,MetroLogistics,2026-04-02,2026-04-05,2026-04-12
SH02735,O02967,MetroLogistics,2026-06-24,2026-06-25,2026-06-27
SH02736,O02968,RapidRoute,2025-09-09,2025-09-13,2025-09-19
SH02737,O02969,BlueArrow Shipping,2025-09-10,2025-09-11,2025-09-18
SH02738,O02970,MetroLogistics,2026-07-10,2026-07-14,2026-07-14
SH02739,O02971,BlueArrow Shipping,2025-10-11,2025-10-13,2025-10-13
SH02740,O02972,FastFreight,2025-10-31,2025-11-03,2025-11-03
SH02741,O02973,FastFreight,2026-03-13,2026-03-18,2026-03-19
SH02742,O02974,RapidRoute,2026-04-12,2026-04-13,2026-04-16
SH02743,O02975,RapidRoute,2025-11-25,2025-11-26,2025-12-02
SH02744,O02976,BlueArrow Shipping,2026-02-11,2026-02-14,2026-02-16
SH02745,O02977,MetroLogistics,2026-05-06,2026-05-10,2026-05-10
SH02746,O02978,RapidRoute,2026-02-11,2026-02-13,2026-02-18
SH02747,O02979,MetroLogistics,2026-01-31,2026-02-01,2026-01-28
SH02748,O02981,BlueArrow Shipping,2026-02-16,2026-02-20,2026-02-23
SH02749,O02982,BlueArrow Shipping,2026-06-27,2026-07-01,2026-06-29
SH02750,O02983,FastFreight,2026-04-20,2026-04-25,2026-04-26
SH02751,O02984,RapidRoute,2026-07-26,2026-07-31,2026-08-01
SH02752,O02985,BlueArrow Shipping,2025-10-18,2025-10-22,2025-10-24
SH02753,O02986,FastFreight,2025-09-07,2025-09-08,2025-09-10
SH02754,O02987,RapidRoute,2026-03-27,2026-03-29,2026-03-26
SH02755,O02988,MetroLogistics,2025-11-13,2025-11-17,2025-11-12
SH02756,O02990,FastFreight,2026-07-29,2026-08-01,2026-08-05
SH02757,O02991,BlueArrow Shipping,2026-01-03,2026-01-04,2026-01-09
SH02758,O02992,FastFreight,2026-03-24,2026-03-27,2026-03-26
SH02759,O02993,BlueArrow Shipping,2026-05-11,2026-05-15,2026-05-18
SH02760,O02994,BlueArrow Shipping,2025-10-29,2025-11-02,2025-10-30
SH02761,O02996,FastFreight,2025-11-16,2025-11-21,2025-11-24
SH02762,O02997,RapidRoute,2026-06-24,2026-06-25,2026-06-28
SH02763,O02998,MetroLogistics,2026-05-01,2026-05-06,2026-05-06
SH02764,O02999,MetroLogistics,2025-10-26,2025-10-29,2025-11-01
SH02765,O03000,FastFreight,2026-05-24,2026-05-26,2026-06-02
SH02766,O03001,BlueArrow Shipping,2025-11-14,2025-11-19,2025-11-18
SH02767,O03002,FastFreight,2026-04-08,2026-04-09,2026-04-12
SH02768,O03003,FastFreight,2026-08-19,2026-08-20,2026-08-28
SH02769,O03004,MetroLogistics,2026-08-15,2026-08-19,2026-08-25
SH02770,O03005,MetroLogistics,2026-07-17,2026-07-21,2026-07-24
SH02771,O03006,RapidRoute,2026-03-01,2026-03-02,2026-03-05
SH02772,O03008,BlueArrow Shipping,2025-12-22,2025-12-27,2025-12-28
SH02773,O03009,BlueArrow Shipping,2026-08-14,2026-08-19,2026-08-13
SH02774,O03010,FastFreight,2026-02-26,2026-03-02,2026-03-04
SH02775,O03011,BlueArrow Shipping,2026-06-11,2026-06-13,2026-06-19
SH02776,O03012,MetroLogistics,2026-01-22,2026-01-27,2026-01-21
SH02777,O03013,MetroLogistics,2026-06-01,2026-06-02,2026-06-06
SH02778,O03014,BlueArrow Shipping,2025-11-24,2025-11-28,2025-11-27
SH02779,O03015,FastFreight,2026-06-02,2026-06-07,2026-06-04
SH02780,O03016,MetroLogistics,2025-09-21,2025-09-24,2025-09-23
SH02781,O03017,MetroLogistics,2025-10-12,2025-10-14,2025-10-18
SH02782,O03018,RapidRoute,2026-01-11,2026-01-14,2026-01-13
SH02783,O03019,RapidRoute,2026-02-26,2026-02-27,2026-02-28
SH02784,O03020,RapidRoute,2026-05-20,2026-05-21,2026-05-26
SH02785,O03021,BlueArrow Shipping,2026-01-14,2026-01-16,2026-01-19
SH02786,O03022,BlueArrow Shipping,2025-09-08,2025-09-09,2025-09-13
SH02787,O03023,BlueArrow Shipping,2026-01-08,2026-01-12,2026-01-07
SH02788,O03024,RapidRoute,2026-02-09,2026-02-13,2026-02-17
SH02789,O03025,BlueArrow Shipping,2026-03-28,2026-04-02,2026-03-28
SH02790,O03026,RapidRoute,2026-04-28,2026-04-30,2026-05-01
SH02791,O03027,MetroLogistics,2025-12-04,2025-12-09,2025-12-09
SH02792,O03028,BlueArrow Shipping,2026-04-12,2026-04-14,2026-04-22
SH02793,O03029,BlueArrow Shipping,2026-04-21,2026-04-24,2026-04-25
SH02794,O03030,RapidRoute,2026-06-13,2026-06-18,2026-06-21
SH02795,O03031,RapidRoute,2026-03-11,2026-03-13,2026-03-19
SH02796,O03032,FastFreight,2026-06-26,2026-06-27,2026-07-03
SH02797,O03033,RapidRoute,2025-11-21,2025-11-26,2025-11-29
SH02798,O03034,RapidRoute,2026-05-30,2026-06-01,2026-05-27
SH02799,O03035,RapidRoute,2025-09-20,2025-09-22,2025-09-27
SH02800,O03036,MetroLogistics,2025-10-11,2025-10-15,2025-10-13
SH02801,O03037,BlueArrow Shipping,2026-07-17,2026-07-20,2026-07-18
SH02802,O03038,FastFreight,2026-02-25,2026-02-26,2026-02-26
SH02803,O03039,FastFreight,2026-04-17,2026-04-22,2026-04-26
SH02804,O03040,BlueArrow Shipping,2026-04-12,2026-04-15,2026-04-17
SH02805,O03041,RapidRoute,2026-05-16,2026-05-18,2026-05-23
SH02806,O03042,FastFreight,2025-12-11,2025-12-12,2025-12-10
SH02807,O03043,RapidRoute,2025-11-12,2025-11-16,2025-11-12
SH02808,O03044,FastFreight,2025-09-17,2025-09-21,2025-09-21
SH02809,O03046,FastFreight,2025-11-25,2025-11-29,2025-12-01
SH02810,O03047,BlueArrow Shipping,2026-04-06,2026-04-10,2026-04-05
SH02811,O03048,MetroLogistics,2026-02-17,2026-02-22,2026-02-21
SH02812,O03049,FastFreight,2025-11-02,2025-11-06,2025-11-09
SH02813,O03050,RapidRoute,2026-01-31,2026-02-02,2026-02-07
SH02814,O03051,RapidRoute,2025-10-03,2025-10-05,2025-10-08
SH02815,O03052,FastFreight,2025-11-11,2025-11-13,2025-11-11
SH02816,O03053,RapidRoute,2025-10-24,2025-10-28,2025-11-01
SH02817,O03054,FastFreight,2026-07-02,2026-07-03,2026-07-05
SH02818,O03055,BlueArrow Shipping,2026-03-29,2026-03-31,2026-04-07
SH02819,O03056,RapidRoute,2026-08-08,2026-08-11,2026-08-13
SH02820,O03057,MetroLogistics,2026-02-10,2026-02-13,2026-02-12
SH02821,O03058,FastFreight,2025-11-17,2025-11-18,2025-11-18
SH02822,O03059,BlueArrow Shipping,2026-04-13,2026-04-14,2026-04-20
SH02823,O03061,RapidRoute,2026-03-15,2026-03-20,2026-03-19
SH02824,O03062,FastFreight,2025-09-12,2025-09-13,2025-09-13
SH02825,O03063,RapidRoute,2025-12-21,2025-12-22,2025-12-28
SH02826,O03064,BlueArrow Shipping,2026-08-05,2026-08-06,2026-08-12
SH02827,O03065,RapidRoute,2026-03-11,2026-03-13,2026-03-20
SH02828,O03066,MetroLogistics,2026-08-18,2026-08-20,2026-08-25
SH02829,O03067,BlueArrow Shipping,2026-03-07,2026-03-12,2026-03-16
SH02830,O03068,MetroLogistics,2025-09-09,2025-09-10,2025-09-10
SH02831,O03069,BlueArrow Shipping,2026-07-20,2026-07-21,2026-07-26
SH02832,O03070,FastFreight,2026-06-10,2026-06-11,2026-06-17
SH02833,O03071,MetroLogistics,2026-05-23,2026-05-27,2026-05-29
SH02834,O03072,RapidRoute,2026-08-25,2026-08-30,2026-09-01
SH02835,O03073,RapidRoute,2025-11-13,2025-11-14,2025-11-21
SH02836,O03074,FastFreight,2026-07-31,2026-08-03,2026-08-06
SH02837,O03075,FastFreight,2025-11-28,2025-11-30,2025-12-01
SH02838,O03076,MetroLogistics,2026-08-22,2026-08-26,2026-08-28
SH02839,O03077,FastFreight,2025-11-10,2025-11-14,2025-11-16
SH02840,O03078,MetroLogistics,2026-03-21,2026-03-23,2026-03-26
SH02841,O03079,FastFreight,2026-06-19,2026-06-23,2026-06-25
SH02842,O03080,BlueArrow Shipping,2025-10-01,2025-10-02,2025-10-07
SH02843,O03081,FastFreight,2025-09-27,2025-09-30,2025-10-02
SH02844,O03082,RapidRoute,2026-07-12,2026-07-17,2026-07-14
SH02845,O03083,FastFreight,2025-09-24,2025-09-29,2025-10-01
SH02846,O03084,FastFreight,2026-04-14,2026-04-15,2026-04-18
SH02847,O03085,BlueArrow Shipping,2026-08-11,2026-08-12,2026-08-16
SH02848,O03086,FastFreight,2026-04-17,2026-04-22,2026-04-18
SH02849,O03087,BlueArrow Shipping,2026-02-26,2026-02-28,2026-03-02
SH02850,O03089,FastFreight,2026-04-24,2026-04-28,2026-04-30
SH02851,O03090,RapidRoute,2026-03-30,2026-04-02,2026-04-06
SH02852,O03091,BlueArrow Shipping,2026-03-05,2026-03-08,2026-03-08
SH02853,O03092,MetroLogistics,2025-10-31,2025-11-02,2025-11-05
SH02854,O03093,BlueArrow Shipping,2026-05-03,2026-05-07,2026-05-07
SH02855,O03094,BlueArrow Shipping,2026-06-01,2026-06-03,2026-06-06
SH02856,O03095,RapidRoute,2026-05-18,2026-05-22,2026-05-26
SH02857,O03096,BlueArrow Shipping,2025-10-01,2025-10-03,2025-10-03
SH02858,O03097,RapidRoute,2026-05-17,2026-05-22,2026-05-21
SH02859,O03098,RapidRoute,2026-05-27,2026-05-31,2026-05-31
SH02860,O03099,FastFreight,2025-11-09,2025-11-12,2025-11-13
SH02861,O03100,RapidRoute,2026-07-09,2026-07-10,2026-07-12
SH02862,O03101,RapidRoute,2026-03-14,2026-03-16,2026-03-16
SH02863,O03102,FastFreight,2026-02-21,2026-02-25,2026-02-28
SH02864,O03103,RapidRoute,2026-05-23,2026-05-26,2026-05-27
SH02865,O03104,BlueArrow Shipping,2026-03-09,2026-03-10,2026-03-14
SH02866,O03105,BlueArrow Shipping,2026-03-22,2026-03-23,2026-03-24
SH02867,O03106,BlueArrow Shipping,2025-12-27,2025-12-31,2026-01-03
SH02868,O03107,MetroLogistics,2026-08-07,2026-08-09,2026-08-10
SH02869,O03108,RapidRoute,2026-08-24,2026-08-27,2026-08-28
SH02870,O03109,BlueArrow Shipping,2025-10-20,2025-10-24,2025-10-26
SH02871,O03110,MetroLogistics,2026-05-30,2026-06-04,2026-06-05
SH02872,O03111,BlueArrow Shipping,2025-09-11,2025-09-13,2025-09-14
SH02873,O03112,RapidRoute,2026-01-14,2026-01-18,2026-01-24
SH02874,O03113,MetroLogistics,2026-08-22,2026-08-27,2026-08-28
SH02875,O03114,RapidRoute,2025-11-07,2025-11-12,2025-11-08
SH02876,O03115,FastFreight,2026-01-19,2026-01-24,2026-01-26
SH02877,O03116,RapidRoute,2025-11-21,2025-11-22,2025-11-28
SH02878,O03117,BlueArrow Shipping,2026-05-28,2026-05-29,2026-06-02
SH02879,O03119,BlueArrow Shipping,2026-04-07,2026-04-12,2026-04-16
SH02880,O03120,BlueArrow Shipping,2026-08-14,2026-08-16,2026-08-18
SH02881,O03121,MetroLogistics,2026-03-14,2026-03-16,2026-03-21
SH02882,O03122,FastFreight,2026-06-08,2026-06-11,2026-06-06
SH02883,O03123,FastFreight,2025-10-09,2025-10-13,2025-10-14
SH02884,O03124,RapidRoute,2025-11-22,2025-11-23,2025-11-28
SH02885,O03125,MetroLogistics,2026-08-25,2026-08-29,2026-08-17
SH02886,O03126,FastFreight,2026-07-23,2026-07-24,2026-07-20
SH02887,O03127,FastFreight,2026-04-29,2026-05-01,2026-05-03
SH02888,O03128,MetroLogistics,2026-01-25,2026-01-30,2026-01-25
SH02889,O03129,BlueArrow Shipping,2025-11-13,2025-11-14,2025-11-22
SH02890,O03130,MetroLogistics,2026-07-09,2026-07-10,2026-07-13
SH02891,O03131,MetroLogistics,2026-06-17,2026-06-20,2026-06-21
SH02892,O03132,BlueArrow Shipping,2025-11-29,2025-12-01,2025-12-05
SH02893,O03133,BlueArrow Shipping,2026-04-13,2026-04-15,2026-04-10
SH02894,O03134,FastFreight,2026-04-17,2026-04-20,2026-04-22
SH02895,O03135,MetroLogistics,2026-02-25,2026-02-26,2026-03-04
SH02896,O03136,BlueArrow Shipping,2026-08-07,2026-08-08,2026-08-16
SH02897,O03137,BlueArrow Shipping,2025-10-17,2025-10-22,2025-10-27
SH02898,O03138,MetroLogistics,2025-12-05,2025-12-10,2025-12-15
SH02899,O03140,FastFreight,2026-05-13,2026-05-16,2026-05-17
SH02900,O03141,FastFreight,2026-04-27,2026-05-02,2026-04-29
SH02901,O03142,FastFreight,2026-08-30,2026-09-04,2026-09-02
SH02902,O03143,FastFreight,2026-03-19,2026-03-21,2026-03-28
SH02903,O03144,RapidRoute,2025-10-28,2025-10-29,2025-10-31
SH02904,O03145,MetroLogistics,2026-02-23,2026-02-25,2026-02-22
SH02905,O03146,MetroLogistics,2025-10-05,2025-10-10,2025-10-10
SH02906,O03147,MetroLogistics,2026-05-07,2026-05-12,2026-05-12
SH02907,O03148,BlueArrow Shipping,2026-05-07,2026-05-11,2026-05-15
SH02908,O03149,FastFreight,2026-07-14,2026-07-18,2026-07-22
SH02909,O03150,RapidRoute,2026-01-06,2026-01-08,2026-01-08
SH02910,O03151,MetroLogistics,2025-12-24,2025-12-27,2025-12-30
SH02911,O03152,BlueArrow Shipping,2025-09-30,2025-10-02,2025-10-02
SH02912,O03153,BlueArrow Shipping,2026-02-03,2026-02-05,2026-02-06
SH02913,O03154,RapidRoute,2026-02-23,2026-02-27,2026-02-28
SH02914,O03155,RapidRoute,2026-06-07,2026-06-10,2026-06-14
SH02915,O03156,FastFreight,2026-06-04,2026-06-07,2026-06-12
SH02916,O03157,BlueArrow Shipping,2025-10-23,2025-10-25,2025-10-27
SH02917,O03158,FastFreight,2025-12-18,2025-12-22,2025-12-22
SH02918,O03159,FastFreight,2026-03-10,2026-03-13,2026-03-15
SH02919,O03160,BlueArrow Shipping,2026-01-05,2026-01-06,2026-01-11
SH02920,O03161,MetroLogistics,2025-09-13,2025-09-17,2025-09-20
SH02921,O03162,MetroLogistics,2026-07-13,2026-07-15,2026-07-12
SH02922,O03163,FastFreight,2026-05-27,2026-05-30,2026-06-05
SH02923,O03164,BlueArrow Shipping,2026-03-12,2026-03-17,2026-03-20
SH02924,O03165,BlueArrow Shipping,2025-12-26,2025-12-30,2025-12-31
SH02925,O03166,FastFreight,2026-07-08,2026-07-09,2026-07-14
SH02926,O03167,MetroLogistics,2025-09-21,2025-09-25,2025-09-22
SH02927,O03168,FastFreight,2026-02-11,2026-02-13,2026-02-21
SH02928,O03169,RapidRoute,2026-06-21,2026-06-25,2026-06-25
SH02929,O03170,BlueArrow Shipping,2026-08-18,2026-08-20,2026-08-20
SH02930,O03171,MetroLogistics,2025-12-02,2025-12-05,2025-12-12
SH02931,O03172,FastFreight,2026-04-30,2026-05-04,2026-05-01
SH02932,O03173,RapidRoute,2025-11-13,2025-11-14,2025-11-17
SH02933,O03174,MetroLogistics,2025-10-16,2025-10-17,2025-10-20
SH02934,O03175,BlueArrow Shipping,2026-01-15,2026-01-19,2026-01-16
SH02935,O03176,BlueArrow Shipping,2026-07-22,2026-07-23,2026-07-29
SH02936,O03177,MetroLogistics,2026-05-14,2026-05-19,2026-05-20
SH02937,O03179,RapidRoute,2025-12-17,2025-12-20,2025-12-18
SH02938,O03180,FastFreight,2025-10-24,2025-10-25,2025-10-30
SH02939,O03181,MetroLogistics,2025-12-09,2025-12-13,2025-12-16
SH02940,O03182,FastFreight,2025-10-29,2025-11-03,2025-11-03
SH02941,O03183,MetroLogistics,2025-11-10,2025-11-11,2025-11-13
SH02942,O03184,RapidRoute,2026-05-11,2026-05-16,2026-05-17
SH02943,O03185,MetroLogistics,2025-10-21,2025-10-24,2025-10-30
SH02944,O03186,RapidRoute,2025-09-19,2025-09-23,2025-09-27
SH02945,O03187,RapidRoute,2026-03-21,2026-03-23,2026-03-22
SH02946,O03188,MetroLogistics,2025-12-15,2025-12-16,2025-12-24
SH02947,O03189,RapidRoute,2026-02-17,2026-02-22,2026-02-24
SH02948,O03190,MetroLogistics,2025-10-26,2025-10-30,2025-11-01
SH02949,O03191,MetroLogistics,2025-11-17,2025-11-19,2025-11-21
SH02950,O03193,MetroLogistics,2026-05-18,2026-05-20,2026-05-15
SH02951,O03194,FastFreight,2026-02-03,2026-02-07,2026-02-05
SH02952,O03195,MetroLogistics,2026-03-20,2026-03-22,2026-03-24
SH02953,O03196,BlueArrow Shipping,2026-03-11,2026-03-15,2026-03-21
SH02954,O03197,RapidRoute,2025-12-12,2025-12-13,2025-12-16
SH02955,O03198,MetroLogistics,2025-12-16,2025-12-21,2025-12-23
SH02956,O03199,FastFreight,2026-02-12,2026-02-16,2026-02-08
SH02957,O03200,MetroLogistics,2025-09-14,2025-09-16,2025-09-22
SH02958,O03201,MetroLogistics,2026-05-13,2026-05-16,2026-05-19
SH02959,O03202,RapidRoute,2026-04-16,2026-04-17,2026-04-24
SH02960,O03204,BlueArrow Shipping,2026-01-17,2026-01-20,2026-01-23
SH02961,O03205,RapidRoute,2026-01-08,2026-01-10,2026-01-07
SH02962,O03206,MetroLogistics,2026-04-29,2026-05-01,2026-05-01
SH02963,O03207,MetroLogistics,2026-06-08,2026-06-13,2026-06-16
SH02964,O03208,FastFreight,2025-10-11,2025-10-14,2025-10-19
SH02965,O03209,FastFreight,2026-01-31,2026-02-01,2026-02-07
SH02966,O03210,MetroLogistics,2025-09-07,2025-09-10,2025-09-13
SH02967,O03211,MetroLogistics,2026-02-15,2026-02-16,2026-02-18
SH02968,O03212,BlueArrow Shipping,2025-12-10,2025-12-13,2025-12-10
SH02969,O03213,FastFreight,2026-01-13,2026-01-17,2026-01-11
SH02970,O03214,RapidRoute,2026-02-15,2026-02-16,2026-02-20
SH02971,O03215,RapidRoute,2025-12-31,2026-01-01,2026-01-07
SH02972,O03216,RapidRoute,2026-01-23,2026-01-25,2026-01-27
SH02973,O03217,MetroLogistics,2026-06-08,2026-06-11,2026-06-16
SH02974,O03218,BlueArrow Shipping,2026-06-27,2026-06-28,2026-06-28
SH02975,O03219,BlueArrow Shipping,2025-09-04,2025-09-06,2025-09-13
SH02976,O03221,RapidRoute,2026-07-08,2026-07-12,2026-07-15
SH02977,O03222,RapidRoute,2026-03-16,2026-03-19,2026-03-20
SH02978,O03223,BlueArrow Shipping,2025-11-17,2025-11-20,2025-11-24
SH02979,O03225,RapidRoute,2025-10-27,2025-10-28,2025-11-02
SH02980,O03226,MetroLogistics,2025-09-11,2025-09-15,2025-09-17
SH02981,O03228,MetroLogistics,2026-03-09,2026-03-12,2026-03-18
SH02982,O03229,FastFreight,2026-06-08,2026-06-11,2026-06-09
SH02983,O03230,MetroLogistics,2026-01-14,2026-01-18,2026-01-14
SH02984,O03231,MetroLogistics,2026-07-10,2026-07-11,2026-07-18
SH02985,O03232,FastFreight,2026-02-04,2026-02-08,2026-02-07
SH02986,O03233,MetroLogistics,2026-05-30,2026-06-01,2026-06-05
SH02987,O03234,MetroLogistics,2025-10-09,2025-10-10,2025-10-16
SH02988,O03235,RapidRoute,2025-10-08,2025-10-10,2025-10-16
SH02989,O03236,MetroLogistics,2026-06-17,2026-06-19,2026-06-21
SH02990,O03237,BlueArrow Shipping,2026-07-03,2026-07-06,2026-07-08
SH02991,O03238,RapidRoute,2026-08-14,2026-08-16,2026-08-16
SH02992,O03239,RapidRoute,2025-12-29,2026-01-02,2026-01-07
SH02993,O03240,BlueArrow Shipping,2025-09-10,2025-09-12,2025-09-20
SH02994,O03241,MetroLogistics,2026-08-27,2026-08-28,2026-09-02
SH02995,O03243,BlueArrow Shipping,2025-12-04,2025-12-06,2025-12-10
SH02996,O03244,FastFreight,2026-06-09,2026-06-12,2026-06-15
SH02997,O03245,MetroLogistics,2026-07-29,2026-07-30,2026-08-04
SH02998,O03246,RapidRoute,2025-12-15,2025-12-16,2025-12-20
SH02999,O03247,FastFreight,2026-06-12,2026-06-13,2026-06-16
SH03000,O03248,MetroLogistics,2026-06-19,2026-06-21,2026-06-20
SH03001,O03249,FastFreight,2026-03-06,2026-03-11,2026-03-12
SH03002,O03250,BlueArrow Shipping,2026-04-20,2026-04-23,2026-04-25
SH03003,O03251,RapidRoute,2025-12-11,2025-12-12,2025-12-19
SH03004,O03252,FastFreight,2026-08-07,2026-08-08,2026-08-16
SH03005,O03253,FastFreight,2026-08-27,2026-08-28,2026-09-02
SH03006,O03254,RapidRoute,2026-08-28,2026-08-29,2026-09-03
SH03007,O03255,MetroLogistics,2026-05-30,2026-06-02,2026-06-02
SH03008,O03257,FastFreight,2026-01-16,2026-01-20,2026-01-21
SH03009,O03258,FastFreight,2026-02-11,2026-02-14,2026-02-20
SH03010,O03259,RapidRoute,2026-08-21,2026-08-24,2026-08-25
SH03011,O03260,RapidRoute,2026-03-31,2026-04-03,2026-03-30
SH03012,O03261,FastFreight,2026-03-25,2026-03-27,2026-03-20
SH03013,O03262,MetroLogistics,2025-10-26,2025-10-31,2025-11-04
SH03014,O03264,FastFreight,2026-01-02,2026-01-06,2026-01-08
SH03015,O03265,MetroLogistics,2025-10-05,2025-10-10,2025-10-09
SH03016,O03266,RapidRoute,2026-08-30,2026-08-31,2026-09-05
SH03017,O03267,RapidRoute,2025-11-21,2025-11-24,2025-11-18
SH03018,O03268,MetroLogistics,2025-09-08,2025-09-13,2025-09-11
SH03019,O03269,BlueArrow Shipping,2025-10-03,2025-10-07,2025-10-06
SH03020,O03270,MetroLogistics,2026-02-16,2026-02-20,2026-02-24
SH03021,O03271,RapidRoute,2025-10-09,2025-10-12,2025-10-14
SH03022,O03272,BlueArrow Shipping,2026-07-07,2026-07-09,2026-07-10
SH03023,O03273,RapidRoute,2026-03-10,2026-03-14,2026-03-17
SH03024,O03274,MetroLogistics,2025-12-30,2026-01-02,2026-01-06
SH03025,O03275,RapidRoute,2025-09-03,2025-09-06,2025-09-10
SH03026,O03276,MetroLogistics,2026-02-24,2026-02-26,2026-03-02
SH03027,O03277,BlueArrow Shipping,2025-10-29,2025-10-30,2025-11-06
SH03028,O03278,FastFreight,2026-08-27,2026-08-31,2026-09-03
SH03029,O03279,FastFreight,2025-12-18,2025-12-23,2025-12-21
SH03030,O03280,BlueArrow Shipping,2026-02-25,2026-02-26,2026-03-03
SH03031,O03281,BlueArrow Shipping,2025-09-10,2025-09-13,2025-09-15
SH03032,O03282,FastFreight,2025-10-20,2025-10-24,2025-10-25
SH03033,O03283,FastFreight,2025-11-18,2025-11-19,2025-11-22
SH03034,O03284,RapidRoute,2025-09-21,2025-09-23,2025-09-27
SH03035,O03285,FastFreight,2026-05-27,2026-06-01,2026-06-01
SH03036,O03286,RapidRoute,2026-08-16,2026-08-20,2026-08-23
SH03037,O03287,FastFreight,2026-08-30,2026-09-04,2026-08-31
SH03038,O03288,MetroLogistics,2025-12-08,2025-12-13,2025-12-16
SH03039,O03289,FastFreight,2026-06-16,2026-06-20,2026-06-20
SH03040,O03290,BlueArrow Shipping,2026-03-07,2026-03-09,2026-03-08
SH03041,O03291,BlueArrow Shipping,2025-09-21,2025-09-26,2025-09-24
SH03042,O03292,BlueArrow Shipping,2025-10-07,2025-10-10,2025-10-14
SH03043,O03293,BlueArrow Shipping,2026-03-20,2026-03-23,2026-03-26
SH03044,O03294,BlueArrow Shipping,2026-02-06,2026-02-09,2026-02-09
SH03045,O03295,FastFreight,2025-09-06,2025-09-09,2025-09-15
SH03046,O03296,MetroLogistics,2026-08-08,2026-08-11,2026-08-12
SH03047,O03299,FastFreight,2026-08-29,2026-09-02,2026-09-06
SH03048,O03300,BlueArrow Shipping,2026-08-23,2026-08-24,2026-08-31
SH03049,O03301,MetroLogistics,2026-08-25,2026-08-28,2026-08-31
SH03050,O03302,FastFreight,2025-12-05,2025-12-08,2025-12-15
SH03051,O03303,RapidRoute,2026-07-21,2026-07-24,2026-07-30
SH03052,O03305,MetroLogistics,2026-05-27,2026-05-31,2026-05-29
SH03053,O03306,FastFreight,2026-07-15,2026-07-17,2026-07-17
SH03054,O03307,FastFreight,2025-11-03,2025-11-08,2025-11-06
SH03055,O03308,MetroLogistics,2026-02-19,2026-02-20,2026-02-20
SH03056,O03309,RapidRoute,2025-10-21,2025-10-25,2025-10-24
SH03057,O03310,FastFreight,2025-12-13,2025-12-14,2025-12-21
SH03058,O03311,MetroLogistics,2026-01-31,2026-02-04,2026-02-09
SH03059,O03312,MetroLogistics,2026-07-12,2026-07-13,2026-07-15
SH03060,O03313,BlueArrow Shipping,2026-07-15,2026-07-17,2026-07-23
SH03061,O03314,BlueArrow Shipping,2026-01-23,2026-01-25,2026-01-29
SH03062,O03315,MetroLogistics,2026-01-02,2026-01-03,2026-01-10
SH03063,O03316,RapidRoute,2026-03-21,2026-03-23,2026-03-22
SH03064,O03317,FastFreight,2026-08-03,2026-08-07,2026-08-04
SH03065,O03318,MetroLogistics,2026-08-24,2026-08-25,2026-09-03
SH03066,O03319,FastFreight,2025-11-29,2025-12-03,2025-11-27
SH03067,O03320,MetroLogistics,2025-11-17,2025-11-20,2025-11-14
SH03068,O03321,MetroLogistics,2026-05-26,2026-05-31,2026-05-24
SH03069,O03322,RapidRoute,2025-12-24,2025-12-28,2025-12-31
SH03070,O03323,BlueArrow Shipping,2025-11-13,2025-11-16,2025-11-18
SH03071,O03324,FastFreight,2025-09-13,2025-09-18,2025-09-20
SH03072,O03325,BlueArrow Shipping,2026-01-31,2026-02-01,2026-01-31
SH03073,O03326,RapidRoute,2026-01-26,2026-01-29,2026-01-29
SH03074,O03327,FastFreight,2026-03-27,2026-03-29,2026-03-31
SH03075,O03328,BlueArrow Shipping,2025-11-15,2025-11-18,2025-11-20
SH03076,O03329,MetroLogistics,2026-05-22,2026-05-25,2026-05-28
SH03077,O03330,RapidRoute,2026-05-09,2026-05-12,2026-05-17
SH03078,O03331,MetroLogistics,2026-02-19,2026-02-21,2026-02-25
SH03079,O03332,BlueArrow Shipping,2025-11-10,2025-11-14,2025-11-11
SH03080,O03333,BlueArrow Shipping,2026-03-07,2026-03-08,2026-03-15
SH03081,O03334,MetroLogistics,2026-05-09,2026-05-10,2026-05-14
SH03082,O03335,MetroLogistics,2026-01-18,2026-01-19,2026-01-20
SH03083,O03336,RapidRoute,2025-12-13,2025-12-16,2025-12-17
SH03084,O03338,RapidRoute,2026-01-10,2026-01-13,2026-01-18
SH03085,O03339,MetroLogistics,2026-01-26,2026-01-31,2026-02-03
SH03086,O03340,MetroLogistics,2026-01-08,2026-01-10,2026-01-14
SH03087,O03341,FastFreight,2025-12-24,2025-12-27,2025-12-30
SH03088,O03342,MetroLogistics,2026-05-23,2026-05-28,2026-05-27
SH03089,O03343,RapidRoute,2026-02-18,2026-02-22,2026-02-25
SH03090,O03344,BlueArrow Shipping,2026-02-21,2026-02-26,2026-02-27
SH03091,O03345,MetroLogistics,2026-04-28,2026-05-01,2026-05-06
SH03092,O03347,RapidRoute,2025-10-09,2025-10-10,2025-10-17
SH03093,O03348,BlueArrow Shipping,2026-07-13,2026-07-16,2026-07-15
SH03094,O03349,MetroLogistics,2025-09-22,2025-09-26,2025-09-26
SH03095,O03350,FastFreight,2026-03-31,2026-04-01,2026-04-05
SH03096,O03351,FastFreight,2025-12-11,2025-12-14,2025-12-17
SH03097,O03352,BlueArrow Shipping,2025-11-19,2025-11-22,2025-11-24
SH03098,O03353,FastFreight,2025-09-17,2025-09-22,2025-09-24
SH03099,O03354,FastFreight,2026-07-30,2026-08-04,2026-08-06
SH03100,O03356,MetroLogistics,2026-01-07,2026-01-11,2026-01-13
SH03101,O03357,BlueArrow Shipping,2026-06-02,2026-06-04,2026-06-03
SH03102,O03358,BlueArrow Shipping,2025-09-25,2025-09-27,2025-09-26
SH03103,O03359,RapidRoute,2026-04-02,2026-04-05,2026-04-06
SH03104,O03360,BlueArrow Shipping,2026-03-03,2026-03-04,2026-03-09
SH03105,O03361,RapidRoute,2026-03-25,2026-03-29,2026-03-31
SH03106,O03363,MetroLogistics,2026-08-17,2026-08-22,2026-08-23
SH03107,O03364,BlueArrow Shipping,2025-12-01,2025-12-02,2025-12-06
SH03108,O03365,FastFreight,2026-05-07,2026-05-12,2026-05-13
SH03109,O03366,FastFreight,2026-06-02,2026-06-03,2026-06-09
SH03110,O03367,BlueArrow Shipping,2026-01-05,2026-01-08,2026-01-12
SH03111,O03368,MetroLogistics,2025-10-21,2025-10-23,2025-10-28
SH03112,O03369,BlueArrow Shipping,2025-12-19,2025-12-22,2025-12-28
SH03113,O03370,RapidRoute,2026-06-26,2026-06-29,2026-07-01
SH03114,O03371,RapidRoute,2026-08-01,2026-08-04,2026-08-08
SH03115,O03372,MetroLogistics,2026-08-12,2026-08-13,2026-08-16
SH03116,O03373,BlueArrow Shipping,2025-11-26,2025-11-30,2025-12-02
SH03117,O03374,RapidRoute,2026-04-11,2026-04-16,2026-04-17
SH03118,O03375,FastFreight,2025-10-29,2025-11-01,2025-11-05
SH03119,O03377,BlueArrow Shipping,2026-02-02,2026-02-07,2026-02-05
SH03120,O03378,BlueArrow Shipping,2026-05-23,2026-05-24,2026-05-28
SH03121,O03379,BlueArrow Shipping,2026-05-12,2026-05-16,2026-05-14
SH03122,O03380,MetroLogistics,2026-08-30,2026-09-01,2026-09-08
SH03123,O03381,MetroLogistics,2026-03-02,2026-03-06,2026-03-05
SH03124,O03382,BlueArrow Shipping,2026-01-05,2026-01-08,2026-01-09
SH03125,O03383,MetroLogistics,2026-03-14,2026-03-15,2026-03-19
SH03126,O03384,MetroLogistics,2025-11-02,2025-11-04,2025-11-06
SH03127,O03385,RapidRoute,2025-10-15,2025-10-18,2025-10-16
SH03128,O03386,RapidRoute,2026-03-12,2026-03-17,2026-03-17
SH03129,O03387,BlueArrow Shipping,2026-06-30,2026-07-01,2026-07-04
SH03130,O03388,FastFreight,2026-03-17,2026-03-22,2026-03-22
SH03131,O03389,BlueArrow Shipping,2026-06-24,2026-06-25,2026-06-20
SH03132,O03390,FastFreight,2025-11-05,2025-11-07,2025-11-13
SH03133,O03391,FastFreight,2026-02-15,2026-02-16,2026-02-18
SH03134,O03392,FastFreight,2026-04-16,2026-04-21,2026-04-23
SH03135,O03393,FastFreight,2026-01-09,2026-01-12,2026-01-10
SH03136,O03394,RapidRoute,2025-09-11,2025-09-15,2025-09-16
SH03137,O03395,BlueArrow Shipping,2025-09-30,2025-10-04,2025-10-04
SH03138,O03396,BlueArrow Shipping,2026-08-09,2026-08-12,2026-08-15
SH03139,O03397,RapidRoute,2026-04-12,2026-04-14,2026-04-18
SH03140,O03398,MetroLogistics,2025-12-08,2025-12-09,2025-12-16
SH03141,O03399,FastFreight,2025-12-05,2025-12-08,2025-12-12
SH03142,O03400,FastFreight,2025-09-16,2025-09-19,2025-09-25
SH03143,O03401,FastFreight,2026-08-14,2026-08-17,2026-08-20
SH03144,O03402,FastFreight,2025-10-14,2025-10-19,2025-10-19
SH03145,O03403,BlueArrow Shipping,2026-06-12,2026-06-13,2026-06-14
SH03146,O03404,BlueArrow Shipping,2025-12-01,2025-12-05,2025-12-03
SH03147,O03405,MetroLogistics,2026-01-04,2026-01-05,2026-01-11
SH03148,O03406,BlueArrow Shipping,2025-12-11,2025-12-14,2025-12-19
SH03149,O03407,FastFreight,2026-07-01,2026-07-05,2026-07-08
SH03150,O03408,BlueArrow Shipping,2025-09-14,2025-09-15,2025-09-18
SH03151,O03409,BlueArrow Shipping,2026-01-12,2026-01-15,2026-01-14
SH03152,O03410,BlueArrow Shipping,2025-12-23,2025-12-25,2025-12-21
SH03153,O03412,BlueArrow Shipping,2025-11-14,2025-11-17,2025-11-16
SH03154,O03413,RapidRoute,2026-08-10,2026-08-13,2026-08-05
SH03155,O03414,FastFreight,2026-01-19,2026-01-22,2026-01-24
SH03156,O03415,MetroLogistics,2026-02-01,2026-02-05,2026-02-08
SH03157,O03416,FastFreight,2026-01-23,2026-01-25,2026-01-30
SH03158,O03417,RapidRoute,2026-08-28,2026-09-02,2026-08-31
SH03159,O03418,FastFreight,2026-01-04,2026-01-09,2026-01-08
SH03160,O03419,MetroLogistics,2026-01-07,2026-01-10,2026-01-12
SH03161,O03420,FastFreight,2026-01-01,2026-01-06,2026-01-09
SH03162,O03421,BlueArrow Shipping,2025-12-31,2026-01-02,2026-01-08
SH03163,O03422,MetroLogistics,2025-10-05,2025-10-07,2025-10-12
SH03164,O03423,BlueArrow Shipping,2026-04-12,2026-04-14,2026-04-14
SH03165,O03425,RapidRoute,2025-11-23,2025-11-27,2025-12-01
SH03166,O03426,RapidRoute,2025-11-17,2025-11-18,2025-11-18
SH03167,O03427,MetroLogistics,2025-12-17,2025-12-19,2025-12-26
SH03168,O03429,MetroLogistics,2026-04-18,2026-04-19,2026-04-18
SH03169,O03430,MetroLogistics,2026-09-01,2026-09-04,2026-09-06
SH03170,O03431,BlueArrow Shipping,2026-01-11,2026-01-13,2026-01-13
SH03171,O03432,RapidRoute,2026-08-06,2026-08-11,2026-08-12
SH03172,O03433,BlueArrow Shipping,2025-09-21,2025-09-25,2025-09-27
SH03173,O03434,BlueArrow Shipping,2026-03-06,2026-03-11,2026-03-14
SH03174,O03435,RapidRoute,2026-06-20,2026-06-23,2026-06-29
SH03175,O03436,FastFreight,2026-03-18,2026-03-21,2026-03-19
SH03176,O03437,FastFreight,2026-08-09,2026-08-14,2026-08-17
SH03177,O03438,FastFreight,2025-12-27,2025-12-31,2026-01-04
SH03178,O03439,BlueArrow Shipping,2025-09-14,2025-09-19,2025-09-18
SH03179,O03440,RapidRoute,2026-06-11,2026-06-16,2026-06-18
SH03180,O03441,FastFreight,2025-09-29,2025-09-30,2025-10-05
SH03181,O03442,BlueArrow Shipping,2026-06-10,2026-06-12,2026-06-15
SH03182,O03444,RapidRoute,2026-07-07,2026-07-11,2026-07-17
SH03183,O03445,RapidRoute,2026-02-26,2026-02-27,2026-03-03
SH03184,O03446,RapidRoute,2026-07-28,2026-07-29,2026-07-31
SH03185,O03447,MetroLogistics,2025-11-05,2025-11-06,2025-11-10
SH03186,O03448,BlueArrow Shipping,2026-02-07,2026-02-08,2026-02-15
SH03187,O03449,BlueArrow Shipping,2025-10-16,2025-10-20,2025-10-25
SH03188,O03450,MetroLogistics,2026-06-10,2026-06-12,2026-06-13
SH03189,O03451,BlueArrow Shipping,2026-05-20,2026-05-25,2026-05-30
SH03190,O03452,BlueArrow Shipping,2026-06-23,2026-06-24,2026-07-03
SH03191,O03453,RapidRoute,2026-06-10,2026-06-13,2026-06-12
SH03192,O03454,BlueArrow Shipping,2025-12-25,2025-12-29,2025-12-28
SH03193,O03455,BlueArrow Shipping,2025-09-29,2025-10-01,2025-10-02
SH03194,O03456,MetroLogistics,2026-08-10,2026-08-14,2026-08-13
SH03195,O03457,MetroLogistics,2026-02-28,2026-03-05,2026-03-05
SH03196,O03458,RapidRoute,2025-10-09,2025-10-13,2025-10-11
SH03197,O03459,RapidRoute,2026-08-06,2026-08-10,2026-08-14
SH03198,O03460,BlueArrow Shipping,2026-08-31,2026-09-03,2026-09-09
SH03199,O03461,BlueArrow Shipping,2026-02-12,2026-02-17,2026-02-15
SH03200,O03462,MetroLogistics,2026-06-10,2026-06-14,2026-06-17
SH03201,O03463,MetroLogistics,2025-09-17,2025-09-18,2025-09-20
SH03202,O03464,BlueArrow Shipping,2025-10-06,2025-10-10,2025-10-11
SH03203,O03465,FastFreight,2025-12-14,2025-12-15,2025-12-19
SH03204,O03466,FastFreight,2026-05-02,2026-05-07,2026-05-03
SH03205,O03467,BlueArrow Shipping,2025-10-22,2025-10-24,2025-10-24
SH03206,O03468,BlueArrow Shipping,2025-09-14,2025-09-18,2025-09-24
SH03207,O03469,RapidRoute,2026-05-06,2026-05-10,2026-05-11
SH03208,O03471,MetroLogistics,2026-05-30,2026-06-01,2026-06-02
SH03209,O03472,FastFreight,2026-06-21,2026-06-26,2026-06-30
SH03210,O03473,BlueArrow Shipping,2026-06-23,2026-06-26,2026-06-30
SH03211,O03474,MetroLogistics,2026-04-12,2026-04-15,2026-04-18
SH03212,O03475,FastFreight,2026-03-10,2026-03-13,2026-03-18
SH03213,O03477,BlueArrow Shipping,2026-01-08,2026-01-10,2026-01-14
SH03214,O03478,BlueArrow Shipping,2025-10-09,2025-10-10,2025-10-16
SH03215,O03479,FastFreight,2026-06-03,2026-06-08,2026-06-09
SH03216,O03480,BlueArrow Shipping,2025-12-14,2025-12-19,2025-12-19
SH03217,O03481,BlueArrow Shipping,2026-08-26,2026-08-31,2026-09-04
SH03218,O03482,BlueArrow Shipping,2026-02-03,2026-02-08,2026-02-09
SH03219,O03483,BlueArrow Shipping,2026-07-09,2026-07-13,2026-07-16
SH03220,O03484,MetroLogistics,2025-09-19,2025-09-24,2025-09-21
SH03221,O03485,MetroLogistics,2026-05-02,2026-05-07,2026-05-04
SH03222,O03486,BlueArrow Shipping,2026-02-15,2026-02-17,2026-02-19
SH03223,O03487,FastFreight,2026-02-17,2026-02-20,2026-02-25
SH03224,O03489,BlueArrow Shipping,2026-08-22,2026-08-23,2026-08-26
SH03225,O03490,RapidRoute,2026-01-24,2026-01-28,2026-01-29
SH03226,O03491,FastFreight,2026-07-09,2026-07-10,2026-07-15
SH03227,O03492,FastFreight,2026-02-13,2026-02-17,2026-02-11
SH03228,O03493,FastFreight,2025-09-22,2025-09-27,2025-09-26
SH03229,O03494,BlueArrow Shipping,2026-07-21,2026-07-24,2026-07-24
SH03230,O03495,MetroLogistics,2025-11-11,2025-11-15,2025-11-16
SH03231,O03497,BlueArrow Shipping,2026-07-15,2026-07-20,2026-07-20
SH03232,O03498,RapidRoute,2026-08-03,2026-08-07,2026-08-04
SH03233,O03499,RapidRoute,2026-08-05,2026-08-08,2026-08-08
SH03234,O03500,MetroLogistics,2026-02-04,2026-02-09,2026-02-14
SH03235,O03501,FastFreight,2026-06-05,2026-06-06,2026-06-15
SH03236,O03502,BlueArrow Shipping,2026-01-01,2026-01-03,2026-01-05
SH03237,O03503,FastFreight,2026-06-01,2026-06-03,2026-06-05
SH03238,O03505,BlueArrow Shipping,2025-09-22,2025-09-24,2025-09-28
SH03239,O03506,MetroLogistics,2026-02-03,2026-02-07,2026-02-08
SH03240,O03507,MetroLogistics,2026-02-20,2026-02-24,2026-02-27
SH03241,O03508,FastFreight,2025-12-13,2025-12-14,2025-12-09
SH03242,O03509,FastFreight,2026-01-18,2026-01-20,2026-01-26
SH03243,O03510,FastFreight,2026-03-05,2026-03-10,2026-03-12
SH03244,O03511,MetroLogistics,2025-09-20,2025-09-23,2025-09-24
SH03245,O03512,MetroLogistics,2025-10-28,2025-10-30,2025-11-01
SH03246,O03513,MetroLogistics,2026-06-11,2026-06-14,2026-06-16
SH03247,O03514,FastFreight,2026-01-09,2026-01-13,2026-01-14
SH03248,O03515,FastFreight,2026-04-14,2026-04-17,2026-04-18
SH03249,O03516,BlueArrow Shipping,2026-03-28,2026-04-02,2026-04-04
SH03250,O03517,RapidRoute,2026-03-24,2026-03-29,2026-03-28
SH03251,O03518,BlueArrow Shipping,2026-02-01,2026-02-06,2026-02-09
SH03252,O03519,RapidRoute,2026-03-03,2026-03-04,2026-03-05
SH03253,O03520,BlueArrow Shipping,2026-07-01,2026-07-04,2026-07-05
SH03254,O03521,FastFreight,2026-08-28,2026-08-31,2026-08-25
SH03255,O03522,BlueArrow Shipping,2025-12-07,2025-12-11,2025-12-10
SH03256,O03523,FastFreight,2026-05-07,2026-05-12,2026-05-08
SH03257,O03524,RapidRoute,2026-08-21,2026-08-24,2026-08-25
SH03258,O03525,BlueArrow Shipping,2025-09-07,2025-09-09,2025-09-13
SH03259,O03526,RapidRoute,2026-06-17,2026-06-22,2026-06-24
SH03260,O03527,RapidRoute,2026-03-03,2026-03-07,2026-03-06
SH03261,O03529,BlueArrow Shipping,2026-04-01,2026-04-04,2026-04-08
SH03262,O03530,RapidRoute,2026-07-07,2026-07-12,2026-07-10
SH03263,O03531,BlueArrow Shipping,2025-11-04,2025-11-06,2025-11-09
SH03264,O03532,RapidRoute,2025-10-23,2025-10-25,2025-10-31
SH03265,O03533,FastFreight,2026-08-08,2026-08-09,2026-08-15
SH03266,O03534,MetroLogistics,2026-03-15,2026-03-16,2026-03-21
SH03267,O03535,RapidRoute,2026-03-24,2026-03-29,2026-03-29
SH03268,O03536,RapidRoute,2025-11-05,2025-11-06,2025-11-11
SH03269,O03537,RapidRoute,2025-11-29,2025-12-03,2025-12-02
SH03270,O03538,MetroLogistics,2026-06-28,2026-06-29,2026-07-07
SH03271,O03539,BlueArrow Shipping,2025-12-23,2025-12-25,2025-12-29
SH03272,O03540,FastFreight,2026-04-06,2026-04-08,2026-04-09
SH03273,O03541,FastFreight,2025-12-27,2025-12-29,2026-01-02
SH03274,O03542,BlueArrow Shipping,2025-12-07,2025-12-08,2025-12-11
SH03275,O03543,MetroLogistics,2025-11-02,2025-11-07,2025-11-09
SH03276,O03544,BlueArrow Shipping,2026-08-07,2026-08-10,2026-08-11
SH03277,O03545,FastFreight,2026-08-12,2026-08-15,2026-08-16
SH03278,O03546,RapidRoute,2025-10-22,2025-10-26,2025-10-21
SH03279,O03547,FastFreight,2026-01-08,2026-01-13,2026-01-15
SH03280,O03548,BlueArrow Shipping,2026-03-28,2026-03-30,2026-04-01
SH03281,O03549,BlueArrow Shipping,2026-01-22,2026-01-25,2026-01-27
SH03282,O03551,RapidRoute,2025-12-08,2025-12-11,2025-12-15
SH03283,O03552,MetroLogistics,2025-09-24,2025-09-26,2025-10-03
SH03284,O03553,MetroLogistics,2026-01-04,2026-01-05,2026-01-09
SH03285,O03554,BlueArrow Shipping,2026-04-08,2026-04-13,2026-04-15
SH03286,O03555,MetroLogistics,2025-11-07,2025-11-11,2025-11-13
SH03287,O03556,BlueArrow Shipping,2026-06-29,2026-07-03,2026-07-06
SH03288,O03557,RapidRoute,2025-09-08,2025-09-10,2025-09-16
SH03289,O03558,RapidRoute,2025-09-28,2025-10-02,2025-09-30
SH03290,O03559,MetroLogistics,2026-03-08,2026-03-09,2026-03-15
SH03291,O03561,BlueArrow Shipping,2025-12-27,2025-12-28,2025-12-22
SH03292,O03562,FastFreight,2025-12-06,2025-12-11,2025-12-13
SH03293,O03564,FastFreight,2026-05-04,2026-05-06,2026-05-07
SH03294,O03565,MetroLogistics,2026-01-18,2026-01-22,2026-01-25
SH03295,O03567,FastFreight,2026-01-31,2026-02-02,2026-02-03
SH03296,O03568,RapidRoute,2026-08-10,2026-08-14,2026-08-15
SH03297,O03569,MetroLogistics,2025-12-12,2025-12-16,2025-12-10
SH03298,O03570,RapidRoute,2026-07-27,2026-07-31,2026-08-01
SH03299,O03571,MetroLogistics,2025-12-07,2025-12-12,2025-12-14
SH03300,O03572,RapidRoute,2025-11-11,2025-11-14,2025-11-12
SH03301,O03573,FastFreight,2025-12-16,2025-12-21,2025-12-12
SH03302,O03574,BlueArrow Shipping,2026-01-05,2026-01-07,2026-01-04
SH03303,O03575,MetroLogistics,2025-10-18,2025-10-23,2025-10-21
SH03304,O03576,RapidRoute,2026-04-11,2026-04-14,2026-04-13
SH03305,O03577,FastFreight,2026-01-02,2026-01-07,2026-01-09
SH03306,O03578,FastFreight,2026-05-25,2026-05-30,2026-05-29
SH03307,O03579,RapidRoute,2026-03-01,2026-03-05,2026-03-04
SH03308,O03580,BlueArrow Shipping,2026-02-10,2026-02-15,2026-02-14
SH03309,O03581,BlueArrow Shipping,2026-02-21,2026-02-25,2026-02-25
SH03310,O03582,BlueArrow Shipping,2025-11-01,2025-11-05,2025-11-02
SH03311,O03583,MetroLogistics,2026-05-23,2026-05-25,2026-05-27
SH03312,O03584,RapidRoute,2025-10-12,2025-10-14,2025-10-20
SH03313,O03585,BlueArrow Shipping,2026-05-24,2026-05-25,2026-06-01
SH03314,O03586,FastFreight,2026-09-11,2026-09-15,2026-09-06
SH03315,O03587,MetroLogistics,2026-06-09,2026-06-13,2026-06-12
SH03316,O03588,RapidRoute,2026-02-18,2026-02-22,2026-02-22
SH03317,O03589,MetroLogistics,2025-12-27,2025-12-31,2026-01-03
SH03318,O03590,BlueArrow Shipping,2026-07-19,2026-07-21,2026-07-26
SH03319,O03591,FastFreight,2025-12-07,2025-12-12,2025-12-11
SH03320,O03592,FastFreight,2026-02-28,2026-03-03,2026-03-02
SH03321,O03593,FastFreight,2026-06-12,2026-06-16,2026-06-17
SH03322,O03594,BlueArrow Shipping,2026-08-04,2026-08-05,2026-08-13
SH03323,O03596,BlueArrow Shipping,2025-10-06,2025-10-09,2025-10-14
SH03324,O03597,FastFreight,2026-07-28,2026-07-31,2026-07-30
SH03325,O03599,RapidRoute,2026-04-07,2026-04-12,2026-04-12
SH03326,O03600,BlueArrow Shipping,2026-08-10,2026-08-14,2026-08-16
SH03327,O03601,MetroLogistics,2026-05-02,2026-05-07,2026-05-04
SH03328,O03602,MetroLogistics,2026-08-13,2026-08-15,2026-08-17
SH03329,O03603,BlueArrow Shipping,2026-01-09,2026-01-13,2026-01-11
SH03330,O03604,RapidRoute,2026-01-04,2026-01-08,2025-12-30
SH03331,O03605,FastFreight,2026-01-02,2026-01-04,2026-01-03
SH03332,O03606,BlueArrow Shipping,2026-01-12,2026-01-14,2026-01-14
SH03333,O03607,BlueArrow Shipping,2026-05-10,2026-05-14,2026-05-14
SH03334,O03608,RapidRoute,2026-02-15,2026-02-16,2026-02-24
SH03335,O03609,MetroLogistics,2026-05-30,2026-06-02,2026-06-02
SH03336,O03610,MetroLogistics,2026-01-31,2026-02-04,2026-02-07
SH03337,O03612,RapidRoute,2025-11-11,2025-11-16,2025-11-16
SH03338,O03613,RapidRoute,2026-03-22,2026-03-25,2026-03-31
SH03339,O03614,RapidRoute,2026-07-28,2026-08-01,2026-08-02
SH03340,O03615,RapidRoute,2026-07-15,2026-07-20,2026-07-20
SH03341,O03616,FastFreight,2025-12-04,2025-12-06,2025-12-09
SH03342,O03617,BlueArrow Shipping,2026-02-24,2026-02-28,2026-03-04
SH03343,O03618,BlueArrow Shipping,2026-05-18,2026-05-22,2026-05-25
SH03344,O03620,MetroLogistics,2025-09-28,2025-10-03,2025-10-03
SH03345,O03621,MetroLogistics,2026-04-06,2026-04-10,2026-04-11
SH03346,O03623,RapidRoute,2025-10-15,2025-10-16,2025-10-21
SH03347,O03624,FastFreight,2026-05-01,2026-05-02,2026-05-03
SH03348,O03626,RapidRoute,2026-01-07,2026-01-11,2026-01-11
SH03349,O03627,MetroLogistics,2026-04-05,2026-04-07,2026-04-10
SH03350,O03628,RapidRoute,2026-05-05,2026-05-07,2026-05-05
SH03351,O03630,BlueArrow Shipping,2025-10-09,2025-10-12,2025-10-13
SH03352,O03631,FastFreight,2026-06-22,2026-06-26,2026-06-30
SH03353,O03632,FastFreight,2026-08-16,2026-08-18,2026-08-21
SH03354,O03634,RapidRoute,2026-06-04,2026-06-07,2026-06-12
SH03355,O03635,RapidRoute,2026-01-28,2026-01-31,2026-02-02
SH03356,O03636,FastFreight,2026-07-18,2026-07-19,2026-07-22
SH03357,O03637,BlueArrow Shipping,2026-03-01,2026-03-05,2026-03-07
SH03358,O03638,BlueArrow Shipping,2025-10-27,2025-10-30,2025-10-31
SH03359,O03639,FastFreight,2026-07-09,2026-07-11,2026-07-19
SH03360,O03640,BlueArrow Shipping,2025-12-29,2026-01-02,2026-01-01
SH03361,O03641,FastFreight,2026-08-12,2026-08-13,2026-08-15
SH03362,O03642,MetroLogistics,2026-01-15,2026-01-17,2026-01-22
SH03363,O03643,FastFreight,2026-07-16,2026-07-18,2026-07-23
SH03364,O03644,FastFreight,2026-03-17,2026-03-21,2026-03-26
SH03365,O03645,RapidRoute,2026-02-19,2026-02-24,2026-02-26
SH03366,O03647,BlueArrow Shipping,2026-07-04,2026-07-09,2026-07-09
SH03367,O03648,BlueArrow Shipping,2025-09-26,2025-09-27,2025-09-30
SH03368,O03649,MetroLogistics,2026-02-21,2026-02-22,2026-02-24
SH03369,O03650,FastFreight,2026-01-14,2026-01-18,2026-01-20
SH03370,O03651,BlueArrow Shipping,2026-03-19,2026-03-22,2026-03-28
SH03371,O03652,FastFreight,2025-12-05,2025-12-07,2025-12-08
SH03372,O03653,FastFreight,2026-05-05,2026-05-10,2026-05-09
SH03373,O03654,MetroLogistics,2026-01-29,2026-01-30,2026-01-25
SH03374,O03656,MetroLogistics,2025-11-13,2025-11-14,2025-11-19
SH03375,O03657,FastFreight,2026-05-16,2026-05-19,2026-05-24
SH03376,O03658,BlueArrow Shipping,2025-12-06,2025-12-08,2025-12-15
SH03377,O03659,MetroLogistics,2025-12-23,2025-12-25,2026-01-01
SH03378,O03660,RapidRoute,2026-04-18,2026-04-22,2026-04-23
SH03379,O03661,FastFreight,2025-12-31,2026-01-02,2026-01-06
SH03380,O03662,MetroLogistics,2026-01-22,2026-01-25,2026-01-25
SH03381,O03663,RapidRoute,2025-11-30,2025-12-03,2025-12-10
SH03382,O03664,MetroLogistics,2026-01-09,2026-01-13,2026-01-16
SH03383,O03665,FastFreight,2026-05-14,2026-05-19,2026-05-18
SH03384,O03666,RapidRoute,2026-03-17,2026-03-21,2026-03-23
SH03385,O03667,MetroLogistics,2026-09-01,2026-09-03,2026-09-06
SH03386,O03668,RapidRoute,2026-06-13,2026-06-16,2026-06-18
SH03387,O03669,RapidRoute,2025-09-08,2025-09-11,2025-09-12
SH03388,O03670,BlueArrow Shipping,2026-01-25,2026-01-28,2026-01-24
SH03389,O03671,RapidRoute,2025-12-18,2025-12-20,2025-12-22
SH03390,O03672,BlueArrow Shipping,2026-04-04,2026-04-05,2026-04-14
SH03391,O03673,BlueArrow Shipping,2025-12-07,2025-12-09,2025-12-14
SH03392,O03674,MetroLogistics,2026-08-22,2026-08-25,2026-08-25
SH03393,O03675,FastFreight,2025-12-23,2025-12-24,2025-12-24
SH03394,O03676,BlueArrow Shipping,2026-03-12,2026-03-13,2026-03-16
SH03395,O03677,RapidRoute,2025-10-16,2025-10-19,2025-10-21
SH03396,O03678,RapidRoute,2026-08-01,2026-08-06,2026-08-06
SH03397,O03679,RapidRoute,2026-08-01,2026-08-02,2026-08-04
SH03398,O03680,RapidRoute,2026-06-19,2026-06-20,2026-06-27
SH03399,O03681,BlueArrow Shipping,2026-01-11,2026-01-13,2026-01-14
SH03400,O03682,FastFreight,2025-10-03,2025-10-04,2025-09-28
SH03401,O03683,FastFreight,2026-05-19,2026-05-24,2026-05-26
SH03402,O03684,MetroLogistics,2026-02-13,2026-02-17,2026-02-11
SH03403,O03685,RapidRoute,2026-08-31,2026-09-01,2026-09-06
SH03404,O03686,RapidRoute,2026-05-16,2026-05-17,2026-05-21
SH03405,O03687,BlueArrow Shipping,2026-03-19,2026-03-22,2026-03-27
SH03406,O03688,RapidRoute,2026-08-29,2026-09-01,2026-09-05
SH03407,O03689,MetroLogistics,2026-06-22,2026-06-26,2026-06-27
SH03408,O03691,BlueArrow Shipping,2025-09-08,2025-09-13,2025-09-13
SH03409,O03693,FastFreight,2026-02-11,2026-02-13,2026-02-14
SH03410,O03694,FastFreight,2026-03-28,2026-04-01,2026-04-03
SH03411,O03695,BlueArrow Shipping,2025-09-24,2025-09-26,2025-09-17
SH03412,O03696,BlueArrow Shipping,2025-10-20,2025-10-22,2025-10-24
SH03413,O03697,BlueArrow Shipping,2026-05-17,2026-05-22,2026-05-21
SH03414,O03698,MetroLogistics,2026-06-03,2026-06-05,2026-06-09
SH03415,O03699,BlueArrow Shipping,2025-09-12,2025-09-13,2025-09-22
SH03416,O03701,MetroLogistics,2025-10-01,2025-10-04,2025-10-05
SH03417,O03702,MetroLogistics,2026-05-27,2026-05-30,2026-06-03
SH03418,O03703,MetroLogistics,2026-07-04,2026-07-07,2026-07-13
SH03419,O03704,MetroLogistics,2026-07-18,2026-07-19,2026-07-26
SH03420,O03706,MetroLogistics,2026-04-25,2026-04-26,2026-04-27
SH03421,O03707,FastFreight,2026-08-06,2026-08-10,2026-08-11
SH03422,O03708,BlueArrow Shipping,2026-04-14,2026-04-15,2026-04-17
SH03423,O03709,MetroLogistics,2026-02-21,2026-02-23,2026-02-21
SH03424,O03710,FastFreight,2026-06-05,2026-06-10,2026-06-10
SH03425,O03711,RapidRoute,2026-04-08,2026-04-10,2026-04-12
SH03426,O03712,BlueArrow Shipping,2026-07-08,2026-07-10,2026-07-10
SH03427,O03713,FastFreight,2026-03-14,2026-03-19,2026-03-16
SH03428,O03715,FastFreight,2025-09-19,2025-09-23,2025-09-25
SH03429,O03716,FastFreight,2025-09-17,2025-09-21,2025-09-21
SH03430,O03717,MetroLogistics,2025-10-10,2025-10-11,2025-10-16
SH03431,O03718,FastFreight,2026-04-03,2026-04-05,2026-04-02
SH03432,O03720,RapidRoute,2025-11-20,2025-11-23,2025-11-23
SH03433,O03721,MetroLogistics,2025-10-31,2025-11-05,2025-11-07
SH03434,O03722,BlueArrow Shipping,2026-07-14,2026-07-17,2026-07-23
SH03435,O03724,FastFreight,2026-04-26,2026-04-30,2026-05-04
SH03436,O03725,FastFreight,2026-02-27,2026-03-01,2026-03-05
SH03437,O03726,MetroLogistics,2026-02-02,2026-02-04,2026-02-07
SH03438,O03727,BlueArrow Shipping,2025-09-10,2025-09-14,2025-09-14
SH03439,O03728,RapidRoute,2025-11-12,2025-11-15,2025-11-17
SH03440,O03729,FastFreight,2026-07-26,2026-07-27,2026-07-30
SH03441,O03730,MetroLogistics,2026-01-14,2026-01-16,2026-01-13
SH03442,O03731,MetroLogistics,2026-05-20,2026-05-25,2026-05-22
SH03443,O03732,MetroLogistics,2026-05-16,2026-05-19,2026-05-25
SH03444,O03733,MetroLogistics,2025-12-23,2025-12-27,2026-01-01
SH03445,O03734,RapidRoute,2025-11-18,2025-11-23,2025-11-21
SH03446,O03737,RapidRoute,2026-03-04,2026-03-06,2026-03-08
SH03447,O03739,MetroLogistics,2026-05-30,2026-06-01,2026-05-27
SH03448,O03740,FastFreight,2026-06-09,2026-06-12,2026-06-16
SH03449,O03741,MetroLogistics,2025-10-06,2025-10-09,2025-10-06
SH03450,O03742,RapidRoute,2025-11-14,2025-11-19,2025-11-18
SH03451,O03743,RapidRoute,2025-12-11,2025-12-12,2025-12-16
SH03452,O03744,BlueArrow Shipping,2025-12-19,2025-12-22,2025-12-23
SH03453,O03745,BlueArrow Shipping,2025-11-14,2025-11-15,2025-11-19
SH03454,O03748,MetroLogistics,2026-05-18,2026-05-20,2026-05-24
SH03455,O03749,MetroLogistics,2026-04-06,2026-04-09,2026-04-11
SH03456,O03750,RapidRoute,2026-04-15,2026-04-19,2026-04-19
SH03457,O03751,FastFreight,2025-11-19,2025-11-24,2025-11-23
SH03458,O03752,MetroLogistics,2025-12-23,2025-12-24,2025-12-27
SH03459,O03753,RapidRoute,2026-04-13,2026-04-18,2026-04-16
SH03460,O03755,BlueArrow Shipping,2026-05-13,2026-05-17,2026-05-17
SH03461,O03756,FastFreight,2025-09-27,2025-09-29,2025-09-25
SH03462,O03757,RapidRoute,2025-10-01,2025-10-03,2025-10-08
SH03463,O03758,FastFreight,2026-06-04,2026-06-08,2026-06-01
SH03464,O03759,MetroLogistics,2026-04-16,2026-04-20,2026-04-23
SH03465,O03760,RapidRoute,2025-09-18,2025-09-20,2025-09-21
SH03466,O03761,FastFreight,2026-07-28,2026-07-31,2026-07-31
SH03467,O03762,FastFreight,2025-09-04,2025-09-09,2025-09-11
SH03468,O03763,RapidRoute,2026-08-19,2026-08-20,2026-08-25
SH03469,O03764,BlueArrow Shipping,2026-05-26,2026-05-29,2026-06-05
SH03470,O03765,FastFreight,2026-08-28,2026-09-02,2026-09-03
SH03471,O03766,MetroLogistics,2026-08-15,2026-08-16,2026-08-20
SH03472,O03767,RapidRoute,2025-12-28,2025-12-31,2026-01-03
SH03473,O03768,BlueArrow Shipping,2026-06-09,2026-06-12,2026-06-09
SH03474,O03770,MetroLogistics,2026-02-23,2026-02-25,2026-03-03
SH03475,O03771,FastFreight,2025-11-30,2025-12-03,2025-12-04
SH03476,O03772,MetroLogistics,2026-02-27,2026-03-03,2026-03-02
SH03477,O03773,MetroLogistics,2026-07-17,2026-07-19,2026-07-26
SH03478,O03774,MetroLogistics,2026-02-11,2026-02-14,2026-02-18
SH03479,O03775,FastFreight,2025-10-14,2025-10-17,2025-10-12
SH03480,O03776,MetroLogistics,2026-01-07,2026-01-08,2026-01-03
SH03481,O03777,FastFreight,2026-06-28,2026-06-30,2026-06-21
SH03482,O03778,RapidRoute,2026-03-12,2026-03-16,2026-03-17
SH03483,O03779,MetroLogistics,2026-03-26,2026-03-29,2026-04-01
SH03484,O03780,FastFreight,2026-02-09,2026-02-14,2026-02-14
SH03485,O03781,MetroLogistics,2025-12-24,2025-12-29,2025-12-25
SH03486,O03782,BlueArrow Shipping,2026-04-11,2026-04-13,2026-04-17
SH03487,O03783,BlueArrow Shipping,2026-04-23,2026-04-28,2026-04-26
SH03488,O03784,MetroLogistics,2026-07-29,2026-08-03,2026-07-31
SH03489,O03785,BlueArrow Shipping,2026-04-15,2026-04-18,2026-04-25
SH03490,O03786,FastFreight,2026-09-02,2026-09-06,2026-09-04
SH03491,O03787,FastFreight,2026-07-03,2026-07-05,2026-07-07
SH03492,O03789,MetroLogistics,2026-01-25,2026-01-26,2026-01-29
SH03493,O03790,BlueArrow Shipping,2026-01-20,2026-01-22,2026-01-29
SH03494,O03791,BlueArrow Shipping,2025-09-09,2025-09-13,2025-09-09
SH03495,O03792,MetroLogistics,2025-11-09,2025-11-12,2025-11-10
SH03496,O03793,BlueArrow Shipping,2026-06-07,2026-06-10,2026-06-13
SH03497,O03794,FastFreight,2026-01-10,2026-01-13,2026-01-12
SH03498,O03795,MetroLogistics,2025-10-26,2025-10-30,2025-10-30
SH03499,O03796,BlueArrow Shipping,2025-12-18,2025-12-22,2025-12-22
SH03500,O03797,RapidRoute,2025-12-12,2025-12-16,2025-12-21
SH03501,O03798,FastFreight,2025-11-06,2025-11-09,2025-11-09
SH03502,O03799,MetroLogistics,2025-10-08,2025-10-09,2025-10-17
SH03503,O03800,RapidRoute,2026-06-07,2026-06-09,2026-06-14
SH03504,O03801,RapidRoute,2026-07-02,2026-07-03,2026-07-09
SH03505,O03802,MetroLogistics,2026-03-03,2026-03-07,2026-03-09
SH03506,O03803,FastFreight,2026-04-17,2026-04-19,2026-04-18
SH03507,O03804,BlueArrow Shipping,2026-08-06,2026-08-08,2026-08-09
SH03508,O03805,BlueArrow Shipping,2026-07-18,2026-07-21,2026-07-10
SH03509,O03806,MetroLogistics,2025-09-22,2025-09-25,2025-09-18
SH03510,O03807,MetroLogistics,2026-08-15,2026-08-20,2026-08-22
SH03511,O03808,BlueArrow Shipping,2025-09-28,2025-09-29,2025-10-06
SH03512,O03809,BlueArrow Shipping,2025-09-14,2025-09-19,2025-09-19
SH03513,O03811,MetroLogistics,2026-06-09,2026-06-11,2026-06-07
SH03514,O03812,RapidRoute,2025-10-01,2025-10-06,2025-10-09
SH03515,O03813,RapidRoute,2025-12-19,2025-12-22,2025-12-22
SH03516,O03814,BlueArrow Shipping,2025-12-07,2025-12-10,2025-12-10
SH03517,O03815,RapidRoute,2026-01-28,2026-02-01,2026-02-03
SH03518,O03816,MetroLogistics,2026-08-29,2026-08-30,2026-09-05
SH03519,O03817,FastFreight,2025-12-31,2026-01-04,2026-01-08
SH03520,O03818,BlueArrow Shipping,2025-11-20,2025-11-24,2025-11-24
SH03521,O03819,BlueArrow Shipping,2025-10-19,2025-10-20,2025-10-23
SH03522,O03820,MetroLogistics,2025-11-15,2025-11-16,2025-11-19
SH03523,O03821,MetroLogistics,2025-10-23,2025-10-27,2025-10-30
SH03524,O03822,FastFreight,2026-04-06,2026-04-07,2026-04-06
SH03525,O03823,FastFreight,2026-02-03,2026-02-06,2026-02-12
SH03526,O03824,BlueArrow Shipping,2026-03-02,2026-03-04,2026-03-06
SH03527,O03826,FastFreight,2026-04-02,2026-04-06,2026-04-07
SH03528,O03827,RapidRoute,2025-10-29,2025-11-03,2025-11-02
SH03529,O03828,MetroLogistics,2026-01-18,2026-01-23,2026-01-21
SH03530,O03829,FastFreight,2026-01-02,2026-01-06,2026-01-04
SH03531,O03830,BlueArrow Shipping,2026-06-30,2026-07-04,2026-07-04
SH03532,O03831,BlueArrow Shipping,2025-12-24,2025-12-25,2025-12-30
SH03533,O03832,FastFreight,2025-10-25,2025-10-30,2025-10-27
SH03534,O03833,RapidRoute,2026-05-30,2026-06-04,2026-06-01
SH03535,O03834,BlueArrow Shipping,2026-02-05,2026-02-06,2026-02-15
SH03536,O03835,BlueArrow Shipping,2025-10-07,2025-10-11,2025-10-12
SH03537,O03836,FastFreight,2026-05-14,2026-05-15,2026-05-17
SH03538,O03837,MetroLogistics,2025-11-17,2025-11-21,2025-11-22
SH03539,O03838,RapidRoute,2026-07-18,2026-07-20,2026-07-23
SH03540,O03839,FastFreight,2026-07-03,2026-07-04,2026-07-12
SH03541,O03840,RapidRoute,2026-01-16,2026-01-18,2026-01-20
SH03542,O03841,FastFreight,2026-04-01,2026-04-03,2026-04-01
SH03543,O03842,BlueArrow Shipping,2026-04-05,2026-04-07,2026-04-03
SH03544,O03843,MetroLogistics,2026-05-01,2026-05-03,2026-05-05
SH03545,O03844,FastFreight,2025-09-27,2025-09-30,2025-10-06
SH03546,O03845,BlueArrow Shipping,2025-12-30,2026-01-03,2026-01-08
SH03547,O03846,MetroLogistics,2025-11-05,2025-11-08,2025-11-11
SH03548,O03847,MetroLogistics,2026-05-15,2026-05-18,2026-05-20
SH03549,O03848,FastFreight,2025-09-28,2025-09-30,2025-10-04
SH03550,O03849,MetroLogistics,2026-03-12,2026-03-14,2026-03-19
SH03551,O03850,FastFreight,2026-05-25,2026-05-26,2026-05-31
SH03552,O03851,BlueArrow Shipping,2026-08-14,2026-08-16,2026-08-21
SH03553,O03852,FastFreight,2025-12-18,2025-12-19,2025-12-25
SH03554,O03853,FastFreight,2025-09-04,2025-09-07,2025-09-13
SH03555,O03854,BlueArrow Shipping,2026-05-24,2026-05-28,2026-05-31
SH03556,O03855,BlueArrow Shipping,2025-09-05,2025-09-10,2025-09-12
SH03557,O03856,MetroLogistics,2025-09-27,2025-09-29,2025-10-06
SH03558,O03857,BlueArrow Shipping,2026-08-29,2026-08-30,2026-09-05
SH03559,O03858,RapidRoute,2026-07-15,2026-07-20,2026-07-18
SH03560,O03859,BlueArrow Shipping,2026-05-19,2026-05-23,2026-05-23
SH03561,O03860,RapidRoute,2026-07-04,2026-07-06,2026-07-07
SH03562,O03861,MetroLogistics,2025-10-08,2025-10-13,2025-10-04
SH03563,O03863,MetroLogistics,2025-12-23,2025-12-27,2025-12-24
SH03564,O03864,MetroLogistics,2025-09-10,2025-09-14,2025-09-16
SH03565,O03865,MetroLogistics,2026-07-24,2026-07-26,2026-08-02
SH03566,O03866,BlueArrow Shipping,2025-09-23,2025-09-26,2025-09-27
SH03567,O03867,FastFreight,2026-03-21,2026-03-23,2026-03-25
SH03568,O03868,RapidRoute,2026-07-12,2026-07-16,2026-07-16
SH03569,O03869,FastFreight,2026-05-29,2026-06-03,2026-06-04
SH03570,O03870,BlueArrow Shipping,2025-12-01,2025-12-06,2025-12-03
SH03571,O03871,MetroLogistics,2026-02-27,2026-03-01,2026-02-28
SH03572,O03872,BlueArrow Shipping,2026-03-21,2026-03-25,2026-03-25
SH03573,O03873,FastFreight,2026-06-20,2026-06-24,2026-06-15
SH03574,O03874,FastFreight,2026-02-06,2026-02-07,2026-02-14
SH03575,O03875,MetroLogistics,2025-12-17,2025-12-21,2025-12-25
SH03576,O03876,RapidRoute,2026-06-22,2026-06-23,2026-06-23
SH03577,O03877,MetroLogistics,2026-07-25,2026-07-26,2026-07-30
SH03578,O03879,MetroLogistics,2025-09-15,2025-09-16,2025-09-16
SH03579,O03880,FastFreight,2026-03-05,2026-03-08,2026-03-10
SH03580,O03881,FastFreight,2026-07-23,2026-07-24,2026-07-27
SH03581,O03882,RapidRoute,2026-08-31,2026-09-03,2026-09-07
SH03582,O03883,FastFreight,2026-01-29,2026-02-02,2026-02-05
SH03583,O03884,RapidRoute,2025-11-06,2025-11-09,2025-10-30
SH03584,O03885,RapidRoute,2026-04-08,2026-04-10,2026-04-04
SH03585,O03886,RapidRoute,2026-07-05,2026-07-07,2026-07-07
SH03586,O03887,BlueArrow Shipping,2026-08-12,2026-08-16,2026-08-17
SH03587,O03888,BlueArrow Shipping,2025-09-20,2025-09-22,2025-09-29
SH03588,O03889,RapidRoute,2025-12-25,2025-12-29,2025-12-21
SH03589,O03890,BlueArrow Shipping,2026-02-23,2026-02-27,2026-02-27
SH03590,O03891,BlueArrow Shipping,2025-10-10,2025-10-13,2025-10-13
SH03591,O03892,MetroLogistics,2026-07-22,2026-07-24,2026-07-28
SH03592,O03893,RapidRoute,2025-10-14,2025-10-15,2025-10-22
SH03593,O03894,MetroLogistics,2026-05-05,2026-05-09,2026-05-08
SH03594,O03895,BlueArrow Shipping,2026-08-03,2026-08-05,2026-08-10
SH03595,O03896,FastFreight,2026-05-10,2026-05-13,2026-05-14
SH03596,O03897,BlueArrow Shipping,2026-06-09,2026-06-10,2026-06-13
SH03597,O03898,FastFreight,2025-12-10,2025-12-14,2025-12-12
SH03598,O03899,FastFreight,2026-07-01,2026-07-06,2026-07-07
SH03599,O03900,MetroLogistics,2026-02-01,2026-02-06,2026-02-07
SH03600,O03901,BlueArrow Shipping,2025-09-27,2025-09-29,2025-09-28
SH03601,O03902,RapidRoute,2026-01-15,2026-01-16,2026-01-20
SH03602,O03903,BlueArrow Shipping,2026-01-09,2026-01-10,2026-01-14
SH03603,O03904,BlueArrow Shipping,2026-03-12,2026-03-14,2026-03-18
SH03604,O03905,FastFreight,2025-12-08,2025-12-09,2025-12-13
SH03605,O03906,FastFreight,2026-02-24,2026-02-25,2026-02-24
SH03606,O03907,FastFreight,2026-02-05,2026-02-09,2026-02-14
SH03607,O03908,FastFreight,2025-12-31,2026-01-01,2026-01-04
SH03608,O03909,MetroLogistics,2026-05-17,2026-05-21,2026-05-19
SH03609,O03910,BlueArrow Shipping,2025-12-24,2025-12-29,2025-12-30
SH03610,O03911,FastFreight,2026-06-11,2026-06-16,2026-06-12
SH03611,O03912,MetroLogistics,2025-12-03,2025-12-08,2025-12-08
SH03612,O03913,BlueArrow Shipping,2026-07-17,2026-07-19,2026-07-22
SH03613,O03914,FastFreight,2026-01-14,2026-01-18,2026-01-21
SH03614,O03915,BlueArrow Shipping,2025-09-18,2025-09-19,2025-09-25
SH03615,O03916,MetroLogistics,2025-10-28,2025-10-30,2025-11-02
SH03616,O03917,RapidRoute,2026-06-26,2026-06-30,2026-06-30
SH03617,O03918,MetroLogistics,2026-07-20,2026-07-22,2026-07-21
SH03618,O03919,BlueArrow Shipping,2025-11-18,2025-11-20,2025-11-27
SH03619,O03921,RapidRoute,2026-04-01,2026-04-04,2026-04-04
SH03620,O03922,BlueArrow Shipping,2025-10-22,2025-10-24,2025-10-29
SH03621,O03923,BlueArrow Shipping,2026-02-19,2026-02-23,2026-02-21
SH03622,O03924,BlueArrow Shipping,2026-05-14,2026-05-19,2026-05-23
SH03623,O03925,MetroLogistics,2026-08-27,2026-08-30,2026-08-31
SH03624,O03926,BlueArrow Shipping,2026-07-11,2026-07-14,2026-07-14
SH03625,O03928,MetroLogistics,2025-11-28,2025-12-02,2025-12-03
SH03626,O03929,MetroLogistics,2026-02-11,2026-02-14,2026-02-18
SH03627,O03930,RapidRoute,2025-10-29,2025-11-01,2025-11-05
SH03628,O03931,MetroLogistics,2026-03-30,2026-04-04,2026-04-06
SH03629,O03932,BlueArrow Shipping,2025-09-08,2025-09-10,2025-09-15
SH03630,O03933,FastFreight,2025-10-16,2025-10-18,2025-10-21
SH03631,O03934,MetroLogistics,2025-09-19,2025-09-20,2025-09-23
SH03632,O03935,BlueArrow Shipping,2025-12-18,2025-12-19,2025-12-25
SH03633,O03936,BlueArrow Shipping,2026-06-07,2026-06-11,2026-06-13
SH03634,O03937,MetroLogistics,2025-11-05,2025-11-07,2025-11-09
SH03635,O03938,FastFreight,2026-08-30,2026-09-03,2026-09-04
SH03636,O03939,BlueArrow Shipping,2025-12-10,2025-12-11,2025-12-16
SH03637,O03940,MetroLogistics,2025-09-20,2025-09-24,2025-09-27
SH03638,O03941,RapidRoute,2026-01-02,2026-01-05,2026-01-11
SH03639,O03942,FastFreight,2026-06-04,2026-06-09,2026-06-08
SH03640,O03944,BlueArrow Shipping,2025-10-01,2025-10-06,2025-10-08
SH03641,O03945,MetroLogistics,2026-07-10,2026-07-13,2026-07-16
SH03642,O03946,MetroLogistics,2026-04-08,2026-04-13,2026-04-13
SH03643,O03947,BlueArrow Shipping,2026-01-06,2026-01-11,2026-01-10
SH03644,O03948,BlueArrow Shipping,2026-06-05,2026-06-09,2026-06-14
SH03645,O03949,FastFreight,2026-07-09,2026-07-12,2026-07-13
SH03646,O03950,BlueArrow Shipping,2026-01-22,2026-01-27,2026-01-16
SH03647,O03951,FastFreight,2026-03-28,2026-04-02,2026-04-03
SH03648,O03952,RapidRoute,2025-09-05,2025-09-08,2025-09-15
SH03649,O03953,FastFreight,2025-12-30,2026-01-01,2025-12-27
SH03650,O03954,RapidRoute,2026-04-09,2026-04-11,2026-04-15
SH03651,O03955,MetroLogistics,2025-11-14,2025-11-19,2025-11-22
SH03652,O03956,MetroLogistics,2026-09-01,2026-09-02,2026-09-06
SH03653,O03957,FastFreight,2026-08-24,2026-08-25,2026-08-29
SH03654,O03958,RapidRoute,2025-12-05,2025-12-08,2025-12-13
SH03655,O03959,BlueArrow Shipping,2026-01-25,2026-01-30,2026-01-28
SH03656,O03960,FastFreight,2025-11-13,2025-11-15,2025-11-20
SH03657,O03961,FastFreight,2026-03-07,2026-03-10,2026-03-11
SH03658,O03962,MetroLogistics,2025-10-20,2025-10-21,2025-10-21
SH03659,O03963,MetroLogistics,2026-01-23,2026-01-28,2026-01-28
SH03660,O03964,FastFreight,2026-03-23,2026-03-28,2026-03-29
SH03661,O03965,MetroLogistics,2026-04-13,2026-04-17,2026-04-23
SH03662,O03966,MetroLogistics,2026-04-10,2026-04-11,2026-04-17
SH03663,O03967,RapidRoute,2025-11-22,2025-11-23,2025-11-27
SH03664,O03968,MetroLogistics,2026-06-30,2026-07-04,2026-06-23
SH03665,O03969,FastFreight,2026-05-12,2026-05-13,2026-05-16
SH03666,O03970,FastFreight,2026-06-04,2026-06-05,2026-06-10
SH03667,O03971,RapidRoute,2026-02-25,2026-03-02,2026-02-26
SH03668,O03972,FastFreight,2026-07-24,2026-07-27,2026-07-31
SH03669,O03973,FastFreight,2026-01-22,2026-01-25,2026-01-27
SH03670,O03974,FastFreight,2026-06-24,2026-06-28,2026-07-02
SH03671,O03975,FastFreight,2025-11-15,2025-11-17,2025-11-22
SH03672,O03976,RapidRoute,2025-12-03,2025-12-05,2025-12-11
SH03673,O03977,RapidRoute,2026-03-13,2026-03-16,2026-03-18
SH03674,O03978,BlueArrow Shipping,2026-03-23,2026-03-24,2026-03-28
SH03675,O03979,FastFreight,2026-06-03,2026-06-05,2026-06-09
SH03676,O03980,BlueArrow Shipping,2025-12-20,2025-12-23,2025-12-27
SH03677,O03981,RapidRoute,2026-07-19,2026-07-24,2026-07-23
SH03678,O03982,RapidRoute,2026-01-03,2026-01-07,2026-01-07
SH03679,O03983,BlueArrow Shipping,2026-03-18,2026-03-22,2026-03-22
SH03680,O03984,BlueArrow Shipping,2026-08-10,2026-08-12,2026-08-16
SH03681,O03985,MetroLogistics,2026-03-20,2026-03-21,2026-03-25
SH03682,O03986,FastFreight,2026-05-10,2026-05-12,2026-05-13
SH03683,O03987,RapidRoute,2026-07-30,2026-08-03,2026-08-03
SH03684,O03988,RapidRoute,2026-08-26,2026-08-27,2026-08-28
SH03685,O03989,BlueArrow Shipping,2026-03-05,2026-03-10,2026-03-07
SH03686,O03990,MetroLogistics,2026-02-01,2026-02-03,2026-02-08
SH03687,O03991,RapidRoute,2025-11-14,2025-11-18,2025-11-19
SH03688,O03992,MetroLogistics,2026-03-17,2026-03-22,2026-03-21
SH03689,O03993,MetroLogistics,2026-08-05,2026-08-09,2026-08-12
SH03690,O03994,RapidRoute,2026-02-28,2026-03-01,2026-03-07
SH03691,O03995,RapidRoute,2026-01-07,2026-01-09,2026-01-14
SH03692,O03996,FastFreight,2025-10-12,2025-10-15,2025-10-16
SH03693,O03997,MetroLogistics,2026-01-22,2026-01-27,2026-01-27
SH03694,O03999,MetroLogistics,2026-08-24,2026-08-28,2026-09-03
SH03695,O04000,FastFreight,2026-03-16,2026-03-20,2026-03-18
SH03696,O04001,RapidRoute,2025-10-31,2025-11-05,2025-11-01
SH03697,O04002,RapidRoute,2025-10-04,2025-10-05,2025-10-04
SH03698,O04003,BlueArrow Shipping,2026-07-11,2026-07-12,2026-07-17
SH03699,O04004,BlueArrow Shipping,2026-08-09,2026-08-12,2026-08-16
SH03700,O04005,MetroLogistics,2026-06-07,2026-06-10,2026-06-17
SH03701,O04006,RapidRoute,2025-10-19,2025-10-21,2025-10-22
SH03702,O04007,RapidRoute,2025-10-07,2025-10-11,2025-10-17
SH03703,O04008,BlueArrow Shipping,2025-11-15,2025-11-16,2025-11-17
SH03704,O04009,RapidRoute,2026-06-06,2026-06-07,2026-06-12
SH03705,O04010,FastFreight,2026-06-09,2026-06-14,2026-06-14
SH03706,O04011,RapidRoute,2026-07-06,2026-07-07,2026-07-12
SH03707,O04012,MetroLogistics,2025-10-07,2025-10-10,2025-10-16
SH03708,O04013,FastFreight,2025-10-28,2025-11-02,2025-11-03
SH03709,O04014,RapidRoute,2026-07-30,2026-08-03,2026-07-31
SH03710,O04015,RapidRoute,2026-08-06,2026-08-09,2026-08-15
SH03711,O04017,FastFreight,2025-10-10,2025-10-12,2025-10-14
SH03712,O04018,BlueArrow Shipping,2025-09-28,2025-09-29,2025-10-05
SH03713,O04019,RapidRoute,2025-09-22,2025-09-23,2025-09-29
SH03714,O04020,BlueArrow Shipping,2026-05-12,2026-05-15,2026-05-19
SH03715,O04021,MetroLogistics,2026-07-17,2026-07-20,2026-07-12
SH03716,O04022,FastFreight,2026-04-22,2026-04-24,2026-04-27
SH03717,O04023,MetroLogistics,2025-12-17,2025-12-19,2025-12-11
SH03718,O04024,BlueArrow Shipping,2026-06-06,2026-06-07,2026-06-10
SH03719,O04025,RapidRoute,2025-09-24,2025-09-25,2025-09-30
SH03720,O04026,FastFreight,2026-07-01,2026-07-03,2026-07-10
SH03721,O04027,FastFreight,2026-07-26,2026-07-31,2026-07-31
SH03722,O04028,RapidRoute,2026-05-22,2026-05-24,2026-06-01
SH03723,O04029,RapidRoute,2026-07-22,2026-07-23,2026-07-24
SH03724,O04030,BlueArrow Shipping,2026-04-03,2026-04-06,2026-04-07
SH03725,O04031,MetroLogistics,2026-02-21,2026-02-22,2026-02-25
SH03726,O04032,BlueArrow Shipping,2025-12-29,2026-01-01,2026-01-01
SH03727,O04033,FastFreight,2026-08-07,2026-08-11,2026-08-11
SH03728,O04034,FastFreight,2026-05-15,2026-05-16,2026-05-24
SH03729,O04035,BlueArrow Shipping,2025-11-19,2025-11-24,2025-11-17
SH03730,O04036,MetroLogistics,2026-08-20,2026-08-24,2026-08-22
SH03731,O04037,FastFreight,2025-09-24,2025-09-29,2025-10-01
SH03732,O04038,BlueArrow Shipping,2026-04-05,2026-04-09,2026-04-13
SH03733,O04039,BlueArrow Shipping,2025-11-17,2025-11-22,2025-11-20
SH03734,O04040,RapidRoute,2026-05-03,2026-05-06,2026-05-09
SH03735,O04041,BlueArrow Shipping,2026-02-03,2026-02-04,2026-02-05
SH03736,O04042,BlueArrow Shipping,2026-02-08,2026-02-09,2026-02-15
SH03737,O04043,BlueArrow Shipping,2026-05-06,2026-05-07,2026-05-10
SH03738,O04044,FastFreight,2026-06-07,2026-06-08,2026-06-08
SH03739,O04045,MetroLogistics,2026-01-21,2026-01-26,2026-01-27
SH03740,O04046,MetroLogistics,2026-09-01,2026-09-06,2026-09-05
SH03741,O04047,BlueArrow Shipping,2026-03-04,2026-03-08,2026-03-10
SH03742,O04048,MetroLogistics,2025-10-30,2025-10-31,2025-11-07
SH03743,O04049,BlueArrow Shipping,2025-09-06,2025-09-11,2025-09-11
SH03744,O04050,BlueArrow Shipping,2025-11-24,2025-11-26,2025-11-20
SH03745,O04051,MetroLogistics,2026-05-15,2026-05-20,2026-05-22
SH03746,O04052,MetroLogistics,2026-03-19,2026-03-23,2026-03-26
SH03747,O04053,BlueArrow Shipping,2026-01-11,2026-01-14,2026-01-08
SH03748,O04054,FastFreight,2026-02-27,2026-03-03,2026-03-06
SH03749,O04056,MetroLogistics,2026-03-30,2026-04-03,2026-04-02
SH03750,O04058,FastFreight,2025-09-20,2025-09-25,2025-09-28
SH03751,O04059,MetroLogistics,2026-02-25,2026-03-01,2026-03-02
SH03752,O04060,BlueArrow Shipping,2026-01-28,2026-01-30,2026-02-02
SH03753,O04061,FastFreight,2026-07-10,2026-07-11,2026-07-16
SH03754,O04062,BlueArrow Shipping,2026-04-04,2026-04-09,2026-04-09
SH03755,O04063,MetroLogistics,2026-06-06,2026-06-10,2026-06-09
SH03756,O04064,FastFreight,2026-04-04,2026-04-05,2026-04-08
SH03757,O04065,RapidRoute,2026-01-08,2026-01-12,2026-01-15
SH03758,O04066,BlueArrow Shipping,2026-04-30,2026-05-05,2026-05-07
SH03759,O04067,MetroLogistics,2026-04-16,2026-04-20,2026-04-22
SH03760,O04068,BlueArrow Shipping,2026-05-22,2026-05-24,2026-05-29
SH03761,O04069,RapidRoute,2025-11-13,2025-11-14,2025-11-16
SH03762,O04070,FastFreight,2026-04-27,2026-05-02,2026-05-04
SH03763,O04071,RapidRoute,2025-12-17,2025-12-19,2025-12-19
SH03764,O04072,FastFreight,2026-06-17,2026-06-22,2026-06-25
SH03765,O04073,RapidRoute,2026-06-22,2026-06-25,2026-06-26
SH03766,O04074,MetroLogistics,2026-04-25,2026-04-29,2026-04-23
SH03767,O04075,MetroLogistics,2026-08-14,2026-08-16,2026-08-18
SH03768,O04076,RapidRoute,2026-03-20,2026-03-24,2026-03-23
SH03769,O04077,FastFreight,2025-09-14,2025-09-17,2025-09-16
SH03770,O04078,FastFreight,2026-04-13,2026-04-15,2026-04-19
SH03771,O04079,MetroLogistics,2026-06-14,2026-06-18,2026-06-18
SH03772,O04080,RapidRoute,2025-10-10,2025-10-13,2025-10-18
SH03773,O04081,MetroLogistics,2025-10-13,2025-10-17,2025-10-15
SH03774,O04082,BlueArrow Shipping,2025-12-12,2025-12-13,2025-12-16
SH03775,O04083,MetroLogistics,2026-07-09,2026-07-10,2026-07-13
SH03776,O04084,RapidRoute,2026-03-13,2026-03-17,2026-03-21
SH03777,O04085,RapidRoute,2026-09-05,2026-09-10,2026-08-30
SH03778,O04086,RapidRoute,2026-07-20,2026-07-21,2026-07-22
SH03779,O04087,MetroLogistics,2026-03-24,2026-03-25,2026-03-29
SH03780,O04088,MetroLogistics,2026-05-08,2026-05-10,2026-05-17
SH03781,O04089,RapidRoute,2026-01-03,2026-01-04,2026-01-09
SH03782,O04090,BlueArrow Shipping,2025-10-07,2025-10-09,2025-10-12
SH03783,O04091,MetroLogistics,2026-01-26,2026-01-30,2026-02-04
SH03784,O04092,MetroLogistics,2026-04-06,2026-04-10,2026-04-15
SH03785,O04093,FastFreight,2025-11-10,2025-11-14,2025-11-16
SH03786,O04094,FastFreight,2025-11-23,2025-11-26,2025-11-27
SH03787,O04095,MetroLogistics,2025-09-10,2025-09-11,2025-09-14
SH03788,O04096,RapidRoute,2026-05-29,2026-06-01,2026-06-06
SH03789,O04097,BlueArrow Shipping,2026-07-29,2026-08-03,2026-08-06
SH03790,O04098,FastFreight,2026-07-01,2026-07-03,2026-07-10
SH03791,O04099,FastFreight,2026-01-20,2026-01-23,2026-01-22
SH03792,O04100,RapidRoute,2026-04-07,2026-04-09,2026-04-11
SH03793,O04101,RapidRoute,2026-08-18,2026-08-20,2026-08-25
SH03794,O04102,RapidRoute,2026-04-08,2026-04-11,2026-04-12
SH03795,O04103,RapidRoute,2025-12-19,2025-12-20,2025-12-26
SH03796,O04104,BlueArrow Shipping,2026-01-03,2026-01-04,2026-01-08
SH03797,O04105,MetroLogistics,2026-05-28,2026-05-29,2026-06-03
SH03798,O04106,BlueArrow Shipping,2026-02-14,2026-02-18,2026-02-20
SH03799,O04107,BlueArrow Shipping,2026-07-05,2026-07-10,2026-07-09
SH03800,O04108,RapidRoute,2026-07-15,2026-07-18,2026-07-23
SH03801,O04109,BlueArrow Shipping,2025-09-15,2025-09-19,2025-09-20
SH03802,O04110,FastFreight,2026-05-26,2026-05-31,2026-05-31
SH03803,O04111,BlueArrow Shipping,2026-01-21,2026-01-25,2026-01-25
SH03804,O04112,BlueArrow Shipping,2026-03-12,2026-03-14,2026-03-16
SH03805,O04113,RapidRoute,2025-12-10,2025-12-14,2025-12-15
SH03806,O04114,FastFreight,2026-01-15,2026-01-17,2026-01-23
SH03807,O04115,RapidRoute,2026-01-02,2026-01-07,2026-01-07
SH03808,O04116,FastFreight,2025-09-28,2025-10-03,2025-09-29
SH03809,O04118,BlueArrow Shipping,2025-10-26,2025-10-27,2025-11-01
SH03810,O04119,MetroLogistics,2026-01-17,2026-01-22,2026-01-24
SH03811,O04120,FastFreight,2025-11-13,2025-11-15,2025-11-15
SH03812,O04121,MetroLogistics,2025-11-02,2025-11-05,2025-11-08
SH03813,O04122,BlueArrow Shipping,2026-01-18,2026-01-22,2026-01-22
SH03814,O04123,FastFreight,2026-08-05,2026-08-06,2026-08-08
SH03815,O04124,BlueArrow Shipping,2026-08-14,2026-08-15,2026-08-22
SH03816,O04125,BlueArrow Shipping,2026-01-21,2026-01-24,2026-01-25
SH03817,O04126,RapidRoute,2026-03-06,2026-03-09,2026-03-11
SH03818,O04128,BlueArrow Shipping,2025-11-26,2025-11-29,2025-12-06
SH03819,O04129,BlueArrow Shipping,2026-08-15,2026-08-20,2026-08-18
SH03820,O04130,RapidRoute,2025-10-19,2025-10-21,2025-10-19
SH03821,O04131,FastFreight,2025-11-23,2025-11-27,2025-11-30
SH03822,O04132,RapidRoute,2026-01-05,2026-01-06,2026-01-07
SH03823,O04133,RapidRoute,2025-09-17,2025-09-20,2025-09-23
SH03824,O04134,RapidRoute,2026-06-29,2026-07-02,2026-07-03
SH03825,O04135,RapidRoute,2026-07-12,2026-07-15,2026-07-20
SH03826,O04136,RapidRoute,2026-01-19,2026-01-20,2026-01-25
SH03827,O04137,BlueArrow Shipping,2026-07-13,2026-07-14,2026-07-09
SH03828,O04138,RapidRoute,2026-06-12,2026-06-17,2026-06-15
SH03829,O04139,MetroLogistics,2026-06-22,2026-06-27,2026-06-28
SH03830,O04140,FastFreight,2026-06-22,2026-06-23,2026-07-01
SH03831,O04141,FastFreight,2026-04-02,2026-04-04,2026-04-06
SH03832,O04142,FastFreight,2025-10-14,2025-10-19,2025-10-16
SH03833,O04143,BlueArrow Shipping,2026-08-07,2026-08-08,2026-08-14
SH03834,O04144,MetroLogistics,2026-04-14,2026-04-17,2026-04-18
SH03835,O04145,RapidRoute,2026-07-28,2026-07-30,2026-08-02
SH03836,O04146,MetroLogistics,2026-08-20,2026-08-25,2026-08-27
SH03837,O04147,RapidRoute,2025-11-12,2025-11-16,2025-11-13
SH03838,O04148,RapidRoute,2026-02-03,2026-02-07,2026-01-30
SH03839,O04150,MetroLogistics,2025-09-23,2025-09-24,2025-09-25
SH03840,O04151,BlueArrow Shipping,2026-08-20,2026-08-21,2026-08-26
SH03841,O04152,BlueArrow Shipping,2026-08-05,2026-08-09,2026-08-15
SH03842,O04153,RapidRoute,2026-08-09,2026-08-11,2026-08-16
SH03843,O04154,MetroLogistics,2026-07-23,2026-07-26,2026-07-30
SH03844,O04155,MetroLogistics,2026-04-27,2026-04-28,2026-05-02
SH03845,O04156,RapidRoute,2026-03-12,2026-03-13,2026-03-17
SH03846,O04158,RapidRoute,2026-03-25,2026-03-29,2026-03-28
SH03847,O04159,FastFreight,2026-04-25,2026-04-26,2026-04-28
SH03848,O04161,FastFreight,2026-06-09,2026-06-10,2026-06-08
SH03849,O04162,RapidRoute,2026-06-28,2026-07-03,2026-07-04
SH03850,O04164,MetroLogistics,2026-03-02,2026-03-06,2026-03-12
SH03851,O04165,BlueArrow Shipping,2025-11-16,2025-11-18,2025-11-21
SH03852,O04166,RapidRoute,2025-09-15,2025-09-20,2025-09-24
SH03853,O04167,MetroLogistics,2026-04-25,2026-04-30,2026-04-23
SH03854,O04168,MetroLogistics,2026-05-12,2026-05-15,2026-05-13
SH03855,O04169,RapidRoute,2026-06-11,2026-06-14,2026-06-18
SH03856,O04170,BlueArrow Shipping,2026-08-14,2026-08-18,2026-08-21
SH03857,O04171,BlueArrow Shipping,2026-03-05,2026-03-06,2026-03-09
SH03858,O04172,MetroLogistics,2026-07-03,2026-07-08,2026-07-09
SH03859,O04173,BlueArrow Shipping,2026-06-01,2026-06-02,2026-05-30
SH03860,O04174,RapidRoute,2025-12-13,2025-12-17,2025-12-18
SH03861,O04175,RapidRoute,2026-07-14,2026-07-17,2026-07-13
SH03862,O04176,BlueArrow Shipping,2025-09-23,2025-09-24,2025-09-26
SH03863,O04177,RapidRoute,2026-04-09,2026-04-12,2026-04-14
SH03864,O04178,RapidRoute,2026-08-13,2026-08-15,2026-08-19
SH03865,O04179,BlueArrow Shipping,2026-05-09,2026-05-14,2026-05-09
SH03866,O04180,BlueArrow Shipping,2026-08-10,2026-08-13,2026-08-16
SH03867,O04182,MetroLogistics,2026-03-18,2026-03-20,2026-03-21
SH03868,O04183,BlueArrow Shipping,2026-06-15,2026-06-17,2026-06-23
SH03869,O04185,RapidRoute,2026-07-23,2026-07-24,2026-07-26
SH03870,O04186,BlueArrow Shipping,2026-02-20,2026-02-23,2026-02-22
SH03871,O04187,BlueArrow Shipping,2026-05-10,2026-05-13,2026-05-15
SH03872,O04188,BlueArrow Shipping,2026-02-02,2026-02-07,2026-02-06
SH03873,O04190,BlueArrow Shipping,2025-10-17,2025-10-21,2025-10-21
SH03874,O04191,BlueArrow Shipping,2025-12-05,2025-12-08,2025-12-13
SH03875,O04192,FastFreight,2025-10-08,2025-10-10,2025-10-16
SH03876,O04193,FastFreight,2026-05-16,2026-05-18,2026-05-26
SH03877,O04194,FastFreight,2025-12-06,2025-12-10,2025-12-01
SH03878,O04195,RapidRoute,2025-12-28,2025-12-29,2026-01-01
SH03879,O04196,RapidRoute,2026-07-05,2026-07-06,2026-07-13
SH03880,O04197,MetroLogistics,2026-01-13,2026-01-18,2026-01-20
SH03881,O04198,FastFreight,2025-10-27,2025-10-28,2025-10-30
SH03882,O04200,FastFreight,2025-11-23,2025-11-25,2025-12-02
SH03883,O04201,MetroLogistics,2026-08-08,2026-08-11,2026-08-05
SH03884,O04202,BlueArrow Shipping,2026-03-22,2026-03-23,2026-03-26
SH03885,O04205,MetroLogistics,2026-01-11,2026-01-15,2026-01-15
SH03886,O04206,BlueArrow Shipping,2025-11-09,2025-11-12,2025-11-08
SH03887,O04207,FastFreight,2026-01-26,2026-01-27,2026-02-03
SH03888,O04208,BlueArrow Shipping,2026-04-04,2026-04-07,2026-04-04
SH03889,O04209,MetroLogistics,2026-06-26,2026-07-01,2026-06-28
SH03890,O04210,RapidRoute,2026-01-16,2026-01-18,2026-01-20
SH03891,O04212,RapidRoute,2026-04-19,2026-04-23,2026-04-27
SH03892,O04213,MetroLogistics,2025-12-19,2025-12-22,2025-12-27
SH03893,O04215,RapidRoute,2026-02-09,2026-02-12,2026-02-17
SH03894,O04216,RapidRoute,2025-10-28,2025-10-31,2025-11-06
SH03895,O04217,FastFreight,2026-08-22,2026-08-25,2026-08-27
SH03896,O04218,BlueArrow Shipping,2026-08-04,2026-08-05,2026-08-08
SH03897,O04219,BlueArrow Shipping,2025-09-23,2025-09-26,2025-09-29
SH03898,O04220,MetroLogistics,2026-07-31,2026-08-03,2026-08-01
SH03899,O04221,RapidRoute,2026-08-14,2026-08-18,2026-08-23
SH03900,O04222,BlueArrow Shipping,2026-07-02,2026-07-06,2026-07-11
SH03901,O04223,RapidRoute,2025-12-04,2025-12-07,2025-12-11
SH03902,O04224,FastFreight,2026-04-21,2026-04-23,2026-04-27
SH03903,O04225,RapidRoute,2026-03-19,2026-03-23,2026-03-24
SH03904,O04227,RapidRoute,2026-04-15,2026-04-20,2026-04-19
SH03905,O04228,RapidRoute,2026-04-26,2026-05-01,2026-04-28
SH03906,O04229,MetroLogistics,2026-03-08,2026-03-10,2026-03-17
SH03907,O04230,RapidRoute,2026-05-12,2026-05-14,2026-05-16
SH03908,O04231,FastFreight,2026-03-15,2026-03-18,2026-03-21
SH03909,O04232,FastFreight,2025-09-08,2025-09-12,2025-09-14
SH03910,O04233,BlueArrow Shipping,2025-09-17,2025-09-21,2025-09-18
SH03911,O04234,RapidRoute,2026-08-17,2026-08-21,2026-08-25
SH03912,O04235,FastFreight,2026-07-30,2026-08-02,2026-08-04
SH03913,O04237,MetroLogistics,2025-11-05,2025-11-10,2025-11-11
SH03914,O04240,FastFreight,2026-01-17,2026-01-18,2026-01-27
SH03915,O04242,FastFreight,2025-09-08,2025-09-10,2025-09-14
SH03916,O04244,FastFreight,2026-03-10,2026-03-13,2026-03-17
SH03917,O04246,RapidRoute,2026-03-09,2026-03-12,2026-03-12
SH03918,O04247,RapidRoute,2025-09-11,2025-09-16,2025-09-08
SH03919,O04248,BlueArrow Shipping,2026-02-08,2026-02-12,2026-02-16
SH03920,O04249,FastFreight,2026-03-13,2026-03-16,2026-03-14
SH03921,O04250,BlueArrow Shipping,2026-01-04,2026-01-07,2026-01-12
SH03922,O04251,BlueArrow Shipping,2026-07-04,2026-07-05,2026-07-08
SH03923,O04252,RapidRoute,2025-12-03,2025-12-05,2025-12-09
SH03924,O04253,MetroLogistics,2025-10-22,2025-10-23,2025-10-29
SH03925,O04254,FastFreight,2026-03-15,2026-03-16,2026-03-17
SH03926,O04255,RapidRoute,2026-07-22,2026-07-25,2026-07-28
SH03927,O04256,RapidRoute,2026-01-16,2026-01-17,2026-01-20
SH03928,O04257,RapidRoute,2025-09-21,2025-09-22,2025-09-27
SH03929,O04258,BlueArrow Shipping,2026-08-22,2026-08-27,2026-08-30
SH03930,O04260,RapidRoute,2025-11-07,2025-11-12,2025-11-08
SH03931,O04261,FastFreight,2026-04-16,2026-04-19,2026-04-18
SH03932,O04262,MetroLogistics,2025-12-29,2026-01-03,2026-01-05
SH03933,O04263,MetroLogistics,2026-08-10,2026-08-11,2026-08-16
SH03934,O04264,MetroLogistics,2025-12-18,2025-12-23,2025-12-27
SH03935,O04265,FastFreight,2026-03-22,2026-03-25,2026-03-29
SH03936,O04266,RapidRoute,2026-03-20,2026-03-22,2026-03-28
SH03937,O04267,MetroLogistics,2025-11-30,2025-12-04,2025-12-05
SH03938,O04268,FastFreight,2026-03-03,2026-03-06,2026-03-09
SH03939,O04269,FastFreight,2025-10-14,2025-10-18,2025-10-20
SH03940,O04270,FastFreight,2026-04-25,2026-04-27,2026-05-02
SH03941,O04271,BlueArrow Shipping,2026-06-08,2026-06-11,2026-06-12
SH03942,O04272,RapidRoute,2026-08-15,2026-08-16,2026-08-20
SH03943,O04273,FastFreight,2025-12-30,2026-01-01,2026-01-06
SH03944,O04274,FastFreight,2025-12-15,2025-12-18,2025-12-21
SH03945,O04275,RapidRoute,2026-03-23,2026-03-28,2026-03-31
SH03946,O04276,MetroLogistics,2026-05-18,2026-05-19,2026-05-20
SH03947,O04277,FastFreight,2026-09-01,2026-09-04,2026-09-05
SH03948,O04278,FastFreight,2025-09-14,2025-09-15,2025-09-20
SH03949,O04279,BlueArrow Shipping,2025-11-28,2025-12-01,2025-12-01
SH03950,O04280,FastFreight,2025-12-17,2025-12-22,2025-12-15
SH03951,O04281,MetroLogistics,2025-12-06,2025-12-08,2025-12-10
SH03952,O04282,RapidRoute,2026-02-18,2026-02-22,2026-02-23
SH03953,O04283,MetroLogistics,2026-07-17,2026-07-19,2026-07-26
SH03954,O04284,FastFreight,2025-09-15,2025-09-20,2025-09-21
SH03955,O04285,RapidRoute,2026-06-28,2026-07-02,2026-06-30
SH03956,O04287,MetroLogistics,2026-04-16,2026-04-18,2026-04-19
SH03957,O04288,MetroLogistics,2026-05-10,2026-05-12,2026-05-14
SH03958,O04289,MetroLogistics,2025-10-14,2025-10-19,2025-10-22
SH03959,O04290,RapidRoute,2026-06-04,2026-06-07,2026-06-10
SH03960,O04292,MetroLogistics,2026-03-11,2026-03-13,2026-03-15
SH03961,O04293,MetroLogistics,2026-05-07,2026-05-10,2026-05-16
SH03962,O04294,RapidRoute,2026-04-12,2026-04-13,2026-04-19
SH03963,O04295,MetroLogistics,2026-01-06,2026-01-07,2026-01-03
SH03964,O04296,BlueArrow Shipping,2026-01-25,2026-01-28,2026-02-03
SH03965,O04297,FastFreight,2026-02-25,2026-02-27,2026-03-04
SH03966,O04299,BlueArrow Shipping,2026-05-25,2026-05-28,2026-05-31
SH03967,O04300,MetroLogistics,2025-10-09,2025-10-11,2025-10-15
SH03968,O04301,BlueArrow Shipping,2026-02-18,2026-02-21,2026-02-26
SH03969,O04302,MetroLogistics,2026-04-29,2026-05-03,2026-05-06
SH03970,O04304,FastFreight,2026-09-02,2026-09-06,2026-09-09
SH03971,O04305,RapidRoute,2026-01-20,2026-01-22,2026-01-26
SH03972,O04306,MetroLogistics,2025-09-08,2025-09-10,2025-09-14
SH03973,O04307,BlueArrow Shipping,2026-04-30,2026-05-04,2026-05-06
SH03974,O04308,RapidRoute,2026-03-24,2026-03-29,2026-03-31
SH03975,O04309,MetroLogistics,2026-04-25,2026-04-28,2026-05-02
SH03976,O04310,RapidRoute,2026-06-05,2026-06-06,2026-06-09
SH03977,O04312,MetroLogistics,2026-07-03,2026-07-06,2026-07-09
SH03978,O04313,FastFreight,2026-01-25,2026-01-29,2026-01-20
SH03979,O04314,RapidRoute,2026-03-21,2026-03-26,2026-03-26
SH03980,O04316,RapidRoute,2026-04-18,2026-04-23,2026-04-20
SH03981,O04318,BlueArrow Shipping,2026-05-17,2026-05-21,2026-05-23
SH03982,O04319,RapidRoute,2026-06-24,2026-06-27,2026-06-29
SH03983,O04320,BlueArrow Shipping,2026-07-20,2026-07-21,2026-07-16
SH03984,O04321,RapidRoute,2026-08-14,2026-08-19,2026-08-12
SH03985,O04322,FastFreight,2025-10-18,2025-10-21,2025-10-23
SH03986,O04323,RapidRoute,2025-10-22,2025-10-26,2025-10-29
SH03987,O04324,FastFreight,2026-08-07,2026-08-11,2026-08-10
SH03988,O04325,RapidRoute,2026-01-19,2026-01-20,2026-01-29
SH03989,O04326,RapidRoute,2025-09-11,2025-09-13,2025-09-18
SH03990,O04327,FastFreight,2025-12-15,2025-12-19,2025-12-23
SH03991,O04328,BlueArrow Shipping,2026-07-07,2026-07-10,2026-07-13
SH03992,O04329,MetroLogistics,2026-01-12,2026-01-16,2026-01-14
SH03993,O04330,MetroLogistics,2025-10-01,2025-10-04,2025-10-06
SH03994,O04331,RapidRoute,2026-05-23,2026-05-24,2026-06-01
SH03995,O04332,MetroLogistics,2025-11-13,2025-11-15,2025-11-21
SH03996,O04333,BlueArrow Shipping,2026-01-09,2026-01-12,2026-01-13
SH03997,O04334,MetroLogistics,2025-09-03,2025-09-05,2025-09-09
SH03998,O04335,BlueArrow Shipping,2026-04-11,2026-04-12,2026-04-18
SH03999,O04336,MetroLogistics,2026-02-14,2026-02-15,2026-02-17
SH04000,O04337,MetroLogistics,2026-07-18,2026-07-20,2026-07-19
SH04001,O04338,BlueArrow Shipping,2026-01-05,2026-01-10,2026-01-09
SH04002,O04339,FastFreight,2025-11-18,2025-11-23,2025-11-19
SH04003,O04340,RapidRoute,2025-11-01,2025-11-06,2025-11-09
SH04004,O04341,RapidRoute,2025-11-16,2025-11-21,2025-11-24
SH04005,O04342,BlueArrow Shipping,2026-02-15,2026-02-20,2026-02-17
SH04006,O04343,MetroLogistics,2025-10-03,2025-10-07,2025-10-08
SH04007,O04344,FastFreight,2026-01-26,2026-01-27,2026-02-02
SH04008,O04345,BlueArrow Shipping,2026-07-12,2026-07-14,2026-07-15
SH04009,O04346,MetroLogistics,2026-06-11,2026-06-15,2026-06-16
SH04010,O04347,FastFreight,2026-04-22,2026-04-24,2026-04-27
SH04011,O04348,MetroLogistics,2026-07-25,2026-07-27,2026-08-01
SH04012,O04349,RapidRoute,2026-06-13,2026-06-14,2026-06-19
SH04013,O04350,FastFreight,2026-04-28,2026-04-30,2026-05-08
SH04014,O04351,MetroLogistics,2026-07-16,2026-07-18,2026-07-23
SH04015,O04352,MetroLogistics,2025-10-19,2025-10-24,2025-10-27
SH04016,O04355,RapidRoute,2026-05-27,2026-05-31,2026-06-01
SH04017,O04356,MetroLogistics,2026-08-08,2026-08-09,2026-08-11
SH04018,O04357,MetroLogistics,2026-03-05,2026-03-08,2026-03-06
SH04019,O04358,MetroLogistics,2025-10-04,2025-10-09,2025-10-09
SH04020,O04359,RapidRoute,2026-01-18,2026-01-21,2026-01-25
SH04021,O04360,MetroLogistics,2026-01-31,2026-02-05,2026-02-07
SH04022,O04361,MetroLogistics,2026-08-09,2026-08-10,2026-08-15
SH04023,O04362,MetroLogistics,2026-08-12,2026-08-14,2026-08-21
SH04024,O04363,RapidRoute,2026-03-30,2026-04-04,2026-04-01
SH04025,O04364,BlueArrow Shipping,2026-08-23,2026-08-27,2026-08-20
SH04026,O04365,BlueArrow Shipping,2026-02-11,2026-02-13,2026-02-12
SH04027,O04366,FastFreight,2026-02-08,2026-02-13,2026-02-06
SH04028,O04367,FastFreight,2026-07-06,2026-07-08,2026-07-14
SH04029,O04368,FastFreight,2026-05-03,2026-05-07,2026-05-11
SH04030,O04369,MetroLogistics,2026-03-12,2026-03-14,2026-03-18
SH04031,O04370,RapidRoute,2026-02-15,2026-02-17,2026-02-20
SH04032,O04371,RapidRoute,2026-05-17,2026-05-19,2026-05-25
SH04033,O04372,RapidRoute,2026-06-04,2026-06-06,2026-06-10
SH04034,O04373,BlueArrow Shipping,2026-03-03,2026-03-06,2026-03-08
SH04035,O04374,BlueArrow Shipping,2025-09-13,2025-09-18,2025-09-17
SH04036,O04375,MetroLogistics,2025-10-17,2025-10-21,2025-10-16
SH04037,O04376,BlueArrow Shipping,2025-10-26,2025-10-27,2025-10-31
SH04038,O04377,FastFreight,2026-02-17,2026-02-20,2026-02-26
SH04039,O04378,FastFreight,2026-04-21,2026-04-24,2026-04-24
SH04040,O04380,RapidRoute,2025-11-25,2025-11-26,2025-12-05
SH04041,O04381,MetroLogistics,2026-06-16,2026-06-18,2026-06-22
SH04042,O04382,BlueArrow Shipping,2026-05-05,2026-05-10,2026-05-11
SH04043,O04383,RapidRoute,2025-09-22,2025-09-24,2025-09-28
SH04044,O04384,BlueArrow Shipping,2026-01-09,2026-01-13,2026-01-17
SH04045,O04385,RapidRoute,2025-12-22,2025-12-23,2025-12-30
SH04046,O04386,MetroLogistics,2026-07-22,2026-07-27,2026-07-26
SH04047,O04387,MetroLogistics,2026-08-04,2026-08-09,2026-08-13
SH04048,O04389,MetroLogistics,2026-03-14,2026-03-15,2026-03-20
SH04049,O04390,RapidRoute,2026-03-01,2026-03-05,2026-03-10
SH04050,O04391,MetroLogistics,2025-12-25,2025-12-30,2026-01-01
SH04051,O04392,RapidRoute,2026-06-13,2026-06-18,2026-06-17
SH04052,O04393,FastFreight,2025-10-04,2025-10-08,2025-10-08
SH04053,O04394,MetroLogistics,2025-12-10,2025-12-14,2025-12-19
SH04054,O04395,RapidRoute,2025-10-22,2025-10-25,2025-10-26
SH04055,O04396,BlueArrow Shipping,2026-03-03,2026-03-04,2026-03-05
SH04056,O04397,MetroLogistics,2025-12-20,2025-12-21,2025-12-24
SH04057,O04398,FastFreight,2025-11-16,2025-11-18,2025-11-20
SH04058,O04399,MetroLogistics,2026-01-19,2026-01-21,2026-01-22
SH04059,O04400,RapidRoute,2026-07-13,2026-07-18,2026-07-21
SH04060,O04401,MetroLogistics,2026-03-27,2026-04-01,2026-04-02
SH04061,O04402,MetroLogistics,2026-07-02,2026-07-04,2026-07-05
SH04062,O04403,MetroLogistics,2026-08-01,2026-08-03,2026-08-05
SH04063,O04405,RapidRoute,2026-01-08,2026-01-12,2026-01-14
SH04064,O04406,BlueArrow Shipping,2026-07-19,2026-07-23,2026-07-27
SH04065,O04407,BlueArrow Shipping,2026-08-01,2026-08-06,2026-08-08
SH04066,O04408,BlueArrow Shipping,2026-08-18,2026-08-22,2026-08-22
SH04067,O04411,MetroLogistics,2026-04-05,2026-04-09,2026-04-13
SH04068,O04412,RapidRoute,2026-08-18,2026-08-22,2026-08-16
SH04069,O04413,BlueArrow Shipping,2026-07-27,2026-08-01,2026-08-03
SH04070,O04414,FastFreight,2026-04-01,2026-04-03,2026-04-03
SH04071,O04415,MetroLogistics,2025-11-02,2025-11-04,2025-11-05
SH04072,O04416,RapidRoute,2026-02-05,2026-02-10,2026-02-08
SH04073,O04417,MetroLogistics,2026-05-22,2026-05-23,2026-05-27
SH04074,O04418,RapidRoute,2026-03-26,2026-03-28,2026-04-01
SH04075,O04419,RapidRoute,2026-01-09,2026-01-10,2026-01-13
SH04076,O04420,RapidRoute,2026-01-08,2026-01-13,2026-01-10
SH04077,O04421,RapidRoute,2025-09-29,2025-10-04,2025-10-03
SH04078,O04422,FastFreight,2025-12-19,2025-12-22,2025-12-22
SH04079,O04423,FastFreight,2026-05-04,2026-05-05,2026-05-12
SH04080,O04424,MetroLogistics,2025-12-02,2025-12-04,2025-12-07
SH04081,O04425,MetroLogistics,2026-09-02,2026-09-05,2026-09-04
SH04082,O04426,RapidRoute,2025-10-04,2025-10-06,2025-10-12
SH04083,O04427,RapidRoute,2026-04-07,2026-04-11,2026-04-11
SH04084,O04428,RapidRoute,2026-03-05,2026-03-09,2026-03-10
SH04085,O04429,RapidRoute,2026-07-05,2026-07-08,2026-07-11
SH04086,O04430,FastFreight,2026-07-23,2026-07-27,2026-07-30
SH04087,O04431,BlueArrow Shipping,2026-03-20,2026-03-21,2026-03-27
SH04088,O04432,RapidRoute,2026-04-23,2026-04-24,2026-04-27
SH04089,O04433,RapidRoute,2026-05-15,2026-05-17,2026-05-24
SH04090,O04434,RapidRoute,2026-03-14,2026-03-15,2026-03-18
SH04091,O04435,RapidRoute,2025-11-08,2025-11-09,2025-11-17
SH04092,O04436,RapidRoute,2026-02-07,2026-02-11,2026-02-12
SH04093,O04438,FastFreight,2026-02-18,2026-02-19,2026-02-28
SH04094,O04439,MetroLogistics,2026-04-22,2026-04-24,2026-04-21
SH04095,O04440,RapidRoute,2025-11-17,2025-11-21,2025-11-25
SH04096,O04441,BlueArrow Shipping,2025-12-03,2025-12-05,2025-12-09
SH04097,O04442,MetroLogistics,2026-07-02,2026-07-04,2026-07-05
SH04098,O04443,BlueArrow Shipping,2026-01-17,2026-01-21,2026-01-26
SH04099,O04444,FastFreight,2025-11-16,2025-11-17,2025-11-21
SH04100,O04445,MetroLogistics,2026-05-22,2026-05-24,2026-05-26
SH04101,O04446,RapidRoute,2026-05-30,2026-06-02,2026-05-30
SH04102,O04448,RapidRoute,2026-06-09,2026-06-10,2026-06-10
SH04103,O04449,BlueArrow Shipping,2026-08-31,2026-09-04,2026-09-03
SH04104,O04450,MetroLogistics,2026-04-01,2026-04-04,2026-04-07
SH04105,O04451,MetroLogistics,2025-12-15,2025-12-17,2025-12-22
SH04106,O04452,FastFreight,2026-07-16,2026-07-19,2026-07-22
SH04107,O04453,RapidRoute,2025-12-09,2025-12-10,2025-12-15
SH04108,O04454,RapidRoute,2025-12-17,2025-12-21,2025-12-26
SH04109,O04455,BlueArrow Shipping,2026-07-03,2026-07-06,2026-07-06
SH04110,O04457,MetroLogistics,2026-01-04,2026-01-05,2026-01-08
SH04111,O04458,FastFreight,2026-05-28,2026-06-01,2026-05-31
SH04112,O04459,FastFreight,2026-08-11,2026-08-14,2026-08-12
SH04113,O04460,MetroLogistics,2026-06-21,2026-06-22,2026-06-28
SH04114,O04461,RapidRoute,2025-09-03,2025-09-05,2025-09-13
SH04115,O04462,MetroLogistics,2026-05-03,2026-05-07,2026-05-07
SH04116,O04463,RapidRoute,2025-11-06,2025-11-09,2025-11-07
SH04117,O04464,FastFreight,2026-07-10,2026-07-12,2026-07-17
SH04118,O04465,RapidRoute,2025-09-26,2025-09-27,2025-10-03
SH04119,O04466,FastFreight,2026-08-30,2026-08-31,2026-09-05
SH04120,O04467,MetroLogistics,2025-11-13,2025-11-15,2025-11-11
SH04121,O04468,FastFreight,2026-02-04,2026-02-06,2026-02-12
SH04122,O04469,BlueArrow Shipping,2025-11-28,2025-12-02,2025-12-05
SH04123,O04470,FastFreight,2026-07-05,2026-07-08,2026-07-01
SH04124,O04471,FastFreight,2026-01-24,2026-01-25,2026-01-29
SH04125,O04472,MetroLogistics,2026-06-03,2026-06-07,2026-06-10
SH04126,O04473,FastFreight,2025-09-26,2025-10-01,2025-10-05
SH04127,O04474,MetroLogistics,2026-02-22,2026-02-27,2026-02-23
SH04128,O04475,MetroLogistics,2026-08-01,2026-08-06,2026-08-05
SH04129,O04476,RapidRoute,2026-08-08,2026-08-11,2026-08-14
SH04130,O04477,BlueArrow Shipping,2025-11-20,2025-11-22,2025-11-21
SH04131,O04479,MetroLogistics,2026-01-30,2026-01-31,2026-02-05
SH04132,O04480,BlueArrow Shipping,2026-04-06,2026-04-10,2026-03-31
SH04133,O04481,FastFreight,2026-03-26,2026-03-29,2026-03-22
SH04134,O04482,FastFreight,2025-10-11,2025-10-15,2025-10-15
SH04135,O04483,FastFreight,2026-06-07,2026-06-09,2026-06-12
SH04136,O04484,RapidRoute,2025-11-23,2025-11-24,2025-12-02
SH04137,O04485,BlueArrow Shipping,2025-12-27,2025-12-31,2025-12-31
SH04138,O04486,RapidRoute,2026-07-06,2026-07-08,2026-07-10
SH04139,O04487,RapidRoute,2026-05-13,2026-05-16,2026-05-21
SH04140,O04488,FastFreight,2026-01-24,2026-01-29,2026-01-28
SH04141,O04490,FastFreight,2026-01-23,2026-01-25,2026-01-28
SH04142,O04491,RapidRoute,2026-03-29,2026-03-30,2026-04-05
SH04143,O04492,BlueArrow Shipping,2025-12-02,2025-12-06,2025-12-07
SH04144,O04493,BlueArrow Shipping,2025-11-08,2025-11-11,2025-11-13
SH04145,O04494,FastFreight,2026-02-28,2026-03-02,2026-03-06
SH04146,O04495,BlueArrow Shipping,2026-03-29,2026-04-01,2026-04-03
SH04147,O04496,RapidRoute,2026-06-23,2026-06-28,2026-06-29
SH04148,O04497,MetroLogistics,2026-01-22,2026-01-23,2026-01-26
SH04149,O04498,BlueArrow Shipping,2026-07-29,2026-08-02,2026-08-04
SH04150,O04499,BlueArrow Shipping,2026-04-14,2026-04-17,2026-04-21
SH04151,O04500,RapidRoute,2025-09-28,2025-10-03,2025-10-02
SH04152,O04501,FastFreight,2026-06-02,2026-06-07,2026-06-05
SH04153,O04502,RapidRoute,2026-04-01,2026-04-02,2026-04-06
SH04154,O04503,BlueArrow Shipping,2026-01-23,2026-01-24,2026-01-26
SH04155,O04504,RapidRoute,2026-02-21,2026-02-22,2026-02-25
SH04156,O04505,MetroLogistics,2025-12-22,2025-12-23,2025-12-29
SH04157,O04506,FastFreight,2026-04-16,2026-04-18,2026-04-18
SH04158,O04507,FastFreight,2026-03-28,2026-03-30,2026-04-02
SH04159,O04508,MetroLogistics,2026-02-13,2026-02-18,2026-02-17
SH04160,O04509,BlueArrow Shipping,2025-12-23,2025-12-27,2025-12-21
SH04161,O04510,MetroLogistics,2026-01-26,2026-01-28,2026-02-02
SH04162,O04511,MetroLogistics,2026-03-05,2026-03-08,2026-03-08
SH04163,O04512,RapidRoute,2026-02-22,2026-02-24,2026-03-02
SH04164,O04513,BlueArrow Shipping,2025-12-29,2026-01-01,2025-12-30
SH04165,O04514,BlueArrow Shipping,2026-04-04,2026-04-06,2026-04-10
SH04166,O04516,BlueArrow Shipping,2026-03-04,2026-03-08,2026-03-11
SH04167,O04517,RapidRoute,2025-10-17,2025-10-19,2025-10-25
SH04168,O04518,FastFreight,2026-02-24,2026-03-01,2026-02-26
SH04169,O04519,RapidRoute,2026-06-15,2026-06-20,2026-06-25
SH04170,O04520,RapidRoute,2026-07-07,2026-07-08,2026-07-06
SH04171,O04521,MetroLogistics,2026-05-16,2026-05-19,2026-05-18
SH04172,O04522,MetroLogistics,2026-06-07,2026-06-12,2026-06-05
SH04173,O04523,FastFreight,2025-10-01,2025-10-06,2025-09-30
SH04174,O04524,BlueArrow Shipping,2026-01-14,2026-01-16,2026-01-12
SH04175,O04526,MetroLogistics,2026-06-24,2026-06-27,2026-06-27
SH04176,O04527,MetroLogistics,2026-04-03,2026-04-04,2026-04-07
SH04177,O04528,BlueArrow Shipping,2026-07-11,2026-07-13,2026-07-16
SH04178,O04529,FastFreight,2025-12-13,2025-12-15,2025-12-17
SH04179,O04530,FastFreight,2025-10-29,2025-10-31,2025-11-01
SH04180,O04531,RapidRoute,2025-10-03,2025-10-05,2025-10-10
SH04181,O04532,FastFreight,2026-04-05,2026-04-09,2026-04-06
SH04182,O04533,RapidRoute,2026-05-04,2026-05-09,2026-05-10
SH04183,O04534,BlueArrow Shipping,2025-12-17,2025-12-20,2025-12-19
SH04184,O04536,MetroLogistics,2026-05-30,2026-06-02,2026-06-07
SH04185,O04537,BlueArrow Shipping,2026-01-12,2026-01-16,2026-01-16
SH04186,O04539,MetroLogistics,2026-06-01,2026-06-05,2026-06-06
SH04187,O04540,MetroLogistics,2026-05-05,2026-05-08,2026-05-11
SH04188,O04541,BlueArrow Shipping,2025-11-04,2025-11-05,2025-11-13
SH04189,O04542,RapidRoute,2025-12-07,2025-12-10,2025-12-13
SH04190,O04543,FastFreight,2026-02-28,2026-03-01,2026-03-08
SH04191,O04544,BlueArrow Shipping,2026-03-15,2026-03-19,2026-03-16
SH04192,O04545,RapidRoute,2025-11-01,2025-11-06,2025-11-11
SH04193,O04546,FastFreight,2026-08-14,2026-08-18,2026-08-19
SH04194,O04547,FastFreight,2026-01-22,2026-01-27,2026-01-27
SH04195,O04548,BlueArrow Shipping,2026-01-19,2026-01-22,2026-01-28
SH04196,O04549,FastFreight,2025-09-24,2025-09-27,2025-09-28
SH04197,O04550,RapidRoute,2026-07-21,2026-07-24,2026-07-23
SH04198,O04551,FastFreight,2025-12-02,2025-12-04,2025-12-05
SH04199,O04552,BlueArrow Shipping,2026-08-30,2026-09-04,2026-09-03
SH04200,O04553,MetroLogistics,2026-03-13,2026-03-14,2026-03-07
SH04201,O04554,RapidRoute,2026-07-19,2026-07-24,2026-07-24
SH04202,O04555,RapidRoute,2025-11-08,2025-11-13,2025-11-15
SH04203,O04556,RapidRoute,2025-11-04,2025-11-09,2025-11-08
SH04204,O04557,BlueArrow Shipping,2026-06-21,2026-06-22,2026-06-25
SH04205,O04558,FastFreight,2026-06-29,2026-07-04,2026-07-05
SH04206,O04559,FastFreight,2026-03-19,2026-03-21,2026-03-28
SH04207,O04560,MetroLogistics,2025-09-16,2025-09-18,2025-09-18
SH04208,O04561,FastFreight,2026-08-22,2026-08-26,2026-08-16
SH04209,O04562,RapidRoute,2026-01-30,2026-02-01,2026-01-31
SH04210,O04563,MetroLogistics,2026-08-11,2026-08-16,2026-08-19
SH04211,O04564,MetroLogistics,2026-07-17,2026-07-20,2026-07-20
SH04212,O04565,BlueArrow Shipping,2026-07-09,2026-07-10,2026-07-17
SH04213,O04566,BlueArrow Shipping,2026-05-14,2026-05-16,2026-05-20
SH04214,O04567,BlueArrow Shipping,2026-05-08,2026-05-12,2026-05-10
SH04215,O04568,BlueArrow Shipping,2026-03-18,2026-03-21,2026-03-20
SH04216,O04569,FastFreight,2025-09-16,2025-09-18,2025-09-18
SH04217,O04570,MetroLogistics,2026-01-21,2026-01-23,2026-01-29
SH04218,O04571,RapidRoute,2026-05-28,2026-06-01,2026-06-02
SH04219,O04572,BlueArrow Shipping,2026-06-25,2026-06-27,2026-06-30
SH04220,O04573,BlueArrow Shipping,2026-03-25,2026-03-26,2026-04-04
SH04221,O04574,RapidRoute,2026-05-21,2026-05-24,2026-05-24
SH04222,O04575,RapidRoute,2025-09-12,2025-09-17,2025-09-16
SH04223,O04576,FastFreight,2026-03-01,2026-03-03,2026-02-26
SH04224,O04577,BlueArrow Shipping,2026-03-08,2026-03-12,2026-03-13
SH04225,O04578,RapidRoute,2026-07-26,2026-07-29,2026-07-30
SH04226,O04579,MetroLogistics,2025-12-31,2026-01-05,2025-12-30
SH04227,O04580,FastFreight,2025-11-24,2025-11-28,2025-11-28
SH04228,O04581,FastFreight,2026-01-09,2026-01-12,2026-01-17
SH04229,O04582,BlueArrow Shipping,2025-11-06,2025-11-08,2025-11-09
SH04230,O04583,RapidRoute,2026-03-25,2026-03-30,2026-03-28
SH04231,O04584,BlueArrow Shipping,2026-05-04,2026-05-05,2026-04-28
SH04232,O04585,FastFreight,2026-06-21,2026-06-24,2026-07-01
SH04233,O04586,MetroLogistics,2026-08-29,2026-08-31,2026-08-28
SH04234,O04587,MetroLogistics,2025-10-04,2025-10-07,2025-10-06
SH04235,O04588,RapidRoute,2025-12-02,2025-12-07,2025-12-08
SH04236,O04589,BlueArrow Shipping,2025-12-20,2025-12-21,2025-12-29
SH04237,O04590,FastFreight,2025-12-05,2025-12-06,2025-12-12
SH04238,O04591,BlueArrow Shipping,2026-07-03,2026-07-08,2026-07-09
SH04239,O04592,BlueArrow Shipping,2025-10-24,2025-10-28,2025-11-01
SH04240,O04593,BlueArrow Shipping,2025-09-13,2025-09-16,2025-09-17
SH04241,O04594,MetroLogistics,2026-07-22,2026-07-24,2026-07-20
SH04242,O04595,BlueArrow Shipping,2026-08-19,2026-08-23,2026-08-24
SH04243,O04596,MetroLogistics,2025-11-25,2025-11-27,2025-12-02
SH04244,O04597,FastFreight,2026-01-04,2026-01-08,2026-01-06
SH04245,O04598,RapidRoute,2026-03-05,2026-03-08,2026-03-13
SH04246,O04599,BlueArrow Shipping,2026-03-12,2026-03-16,2026-03-17
SH04247,O04600,BlueArrow Shipping,2026-08-31,2026-09-04,2026-09-06
SH04248,O04601,RapidRoute,2026-01-30,2026-02-02,2026-01-31
SH04249,O04602,BlueArrow Shipping,2025-09-06,2025-09-07,2025-09-15
SH04250,O04603,FastFreight,2026-02-06,2026-02-10,2026-02-12
SH04251,O04604,RapidRoute,2026-03-25,2026-03-29,2026-03-31
SH04252,O04605,FastFreight,2026-03-11,2026-03-14,2026-03-16
SH04253,O04606,BlueArrow Shipping,2026-03-09,2026-03-12,2026-03-14
SH04254,O04607,RapidRoute,2026-08-04,2026-08-08,2026-08-12
SH04255,O04609,MetroLogistics,2025-12-05,2025-12-07,2025-12-09
SH04256,O04610,MetroLogistics,2026-01-11,2026-01-14,2026-01-16
SH04257,O04611,RapidRoute,2026-05-05,2026-05-06,2026-05-10
SH04258,O04612,MetroLogistics,2026-01-30,2026-02-03,2026-02-02
SH04259,O04614,RapidRoute,2025-11-03,2025-11-04,2025-11-09
SH04260,O04615,MetroLogistics,2025-12-05,2025-12-10,2025-12-10
SH04261,O04616,FastFreight,2026-06-01,2026-06-05,2026-06-09
SH04262,O04617,BlueArrow Shipping,2026-07-07,2026-07-10,2026-07-12
SH04263,O04618,MetroLogistics,2026-06-22,2026-06-25,2026-06-25
SH04264,O04619,BlueArrow Shipping,2025-12-23,2025-12-24,2026-01-02
SH04265,O04620,MetroLogistics,2025-10-24,2025-10-28,2025-10-30
SH04266,O04621,RapidRoute,2025-11-04,2025-11-06,2025-11-07
SH04267,O04622,MetroLogistics,2026-01-26,2026-01-30,2026-01-29
SH04268,O04623,MetroLogistics,2026-03-09,2026-03-14,2026-03-14
SH04269,O04624,BlueArrow Shipping,2026-07-25,2026-07-30,2026-08-02
SH04270,O04625,MetroLogistics,2026-07-28,2026-08-02,2026-08-04
SH04271,O04626,MetroLogistics,2025-09-03,2025-09-07,2025-09-11
SH04272,O04627,BlueArrow Shipping,2026-05-19,2026-05-21,2026-05-25
SH04273,O04628,MetroLogistics,2025-12-20,2025-12-22,2025-12-30
SH04274,O04631,MetroLogistics,2025-09-15,2025-09-20,2025-09-18
SH04275,O04632,MetroLogistics,2026-01-01,2026-01-06,2026-01-05
SH04276,O04633,BlueArrow Shipping,2026-03-23,2026-03-25,2026-03-26
SH04277,O04634,MetroLogistics,2025-12-13,2025-12-17,2025-12-16
SH04278,O04635,BlueArrow Shipping,2026-04-07,2026-04-12,2026-04-11
SH04279,O04636,FastFreight,2026-02-19,2026-02-24,2026-02-20
SH04280,O04639,RapidRoute,2025-09-24,2025-09-29,2025-10-01
SH04281,O04640,RapidRoute,2026-03-16,2026-03-18,2026-03-19
SH04282,O04641,FastFreight,2025-12-07,2025-12-10,2025-12-13
SH04283,O04642,FastFreight,2026-05-18,2026-05-21,2026-05-25
SH04284,O04643,FastFreight,2025-10-06,2025-10-11,2025-10-14
SH04285,O04644,FastFreight,2026-04-01,2026-04-06,2026-04-03
SH04286,O04645,RapidRoute,2026-08-30,2026-09-02,2026-09-02
SH04287,O04646,FastFreight,2025-10-05,2025-10-10,2025-10-09
SH04288,O04647,BlueArrow Shipping,2025-12-21,2025-12-23,2025-12-27
SH04289,O04649,MetroLogistics,2026-03-17,2026-03-21,2026-03-25
SH04290,O04650,FastFreight,2025-11-04,2025-11-09,2025-11-10
SH04291,O04651,FastFreight,2025-11-26,2025-12-01,2025-11-23
SH04292,O04652,RapidRoute,2026-06-11,2026-06-12,2026-06-13
SH04293,O04653,BlueArrow Shipping,2026-07-16,2026-07-17,2026-07-19
SH04294,O04654,BlueArrow Shipping,2026-01-12,2026-01-14,2026-01-19
SH04295,O04655,FastFreight,2026-02-21,2026-02-22,2026-03-02
SH04296,O04656,MetroLogistics,2026-06-16,2026-06-18,2026-06-18
SH04297,O04657,BlueArrow Shipping,2025-11-07,2025-11-12,2025-11-14
SH04298,O04658,RapidRoute,2025-11-19,2025-11-23,2025-11-20
SH04299,O04659,BlueArrow Shipping,2026-06-13,2026-06-14,2026-06-17
SH04300,O04661,BlueArrow Shipping,2026-06-12,2026-06-16,2026-06-18
SH04301,O04662,BlueArrow Shipping,2026-03-04,2026-03-09,2026-03-06
SH04302,O04663,MetroLogistics,2026-08-30,2026-09-04,2026-09-03
SH04303,O04664,BlueArrow Shipping,2025-09-15,2025-09-20,2025-09-22
SH04304,O04665,MetroLogistics,2026-08-14,2026-08-19,2026-08-21
SH04305,O04666,BlueArrow Shipping,2025-12-02,2025-12-06,2025-11-27
SH04306,O04667,MetroLogistics,2025-09-26,2025-10-01,2025-09-23
SH04307,O04668,BlueArrow Shipping,2026-05-25,2026-05-29,2026-05-30
SH04308,O04669,MetroLogistics,2026-03-16,2026-03-20,2026-03-23
SH04309,O04670,BlueArrow Shipping,2026-07-07,2026-07-08,2026-07-09
SH04310,O04671,BlueArrow Shipping,2025-10-11,2025-10-16,2025-10-21
SH04311,O04672,MetroLogistics,2025-10-02,2025-10-03,2025-10-10
SH04312,O04673,MetroLogistics,2026-03-29,2026-03-31,2026-04-05
SH04313,O04674,MetroLogistics,2026-07-21,2026-07-25,2026-07-25
SH04314,O04675,FastFreight,2026-02-06,2026-02-10,2026-02-06
SH04315,O04676,RapidRoute,2026-06-23,2026-06-28,2026-06-26
SH04316,O04677,BlueArrow Shipping,2026-07-30,2026-07-31,2026-08-06
SH04317,O04678,FastFreight,2026-07-17,2026-07-21,2026-07-24
SH04318,O04679,FastFreight,2026-03-07,2026-03-08,2026-03-15
SH04319,O04680,RapidRoute,2026-05-17,2026-05-21,2026-05-23
SH04320,O04681,RapidRoute,2026-03-15,2026-03-17,2026-03-18
SH04321,O04682,BlueArrow Shipping,2026-05-06,2026-05-09,2026-05-10
SH04322,O04683,BlueArrow Shipping,2026-03-27,2026-03-28,2026-04-03
SH04323,O04684,RapidRoute,2026-03-12,2026-03-13,2026-03-18
SH04324,O04685,BlueArrow Shipping,2026-02-09,2026-02-14,2026-02-14
SH04325,O04686,FastFreight,2026-04-30,2026-05-03,2026-05-05
SH04326,O04687,MetroLogistics,2026-06-03,2026-06-06,2026-06-11
SH04327,O04688,MetroLogistics,2026-08-05,2026-08-07,2026-08-11
SH04328,O04689,FastFreight,2026-04-21,2026-04-26,2026-04-19
SH04329,O04690,RapidRoute,2025-10-20,2025-10-24,2025-10-16
SH04330,O04691,BlueArrow Shipping,2026-04-09,2026-04-12,2026-04-14
SH04331,O04692,RapidRoute,2026-01-03,2026-01-04,2026-01-03
SH04332,O04693,FastFreight,2025-09-13,2025-09-17,2025-09-19
SH04333,O04694,RapidRoute,2025-09-28,2025-09-30,2025-10-03
SH04334,O04695,BlueArrow Shipping,2026-04-06,2026-04-08,2026-04-11
SH04335,O04696,BlueArrow Shipping,2026-08-13,2026-08-17,2026-08-16
SH04336,O04697,FastFreight,2026-03-05,2026-03-10,2026-03-12
SH04337,O04698,BlueArrow Shipping,2026-02-12,2026-02-14,2026-02-15
SH04338,O04699,BlueArrow Shipping,2025-10-06,2025-10-07,2025-10-13
SH04339,O04700,BlueArrow Shipping,2026-05-08,2026-05-11,2026-05-16
SH04340,O04701,FastFreight,2025-09-25,2025-09-29,2025-10-01
SH04341,O04702,BlueArrow Shipping,2026-07-07,2026-07-11,2026-07-11
SH04342,O04703,FastFreight,2026-06-28,2026-07-03,2026-07-04
SH04343,O04704,FastFreight,2026-08-31,2026-09-02,2026-09-05
SH04344,O04705,MetroLogistics,2025-12-23,2025-12-27,2025-12-18
SH04345,O04706,FastFreight,2025-11-03,2025-11-07,2025-11-09
SH04346,O04707,BlueArrow Shipping,2025-12-22,2025-12-27,2025-12-30
SH04347,O04708,MetroLogistics,2026-06-21,2026-06-26,2026-06-27
SH04348,O04709,FastFreight,2025-11-22,2025-11-24,2025-11-30
SH04349,O04710,MetroLogistics,2026-07-24,2026-07-26,2026-07-26
SH04350,O04711,MetroLogistics,2025-10-31,2025-11-03,2025-11-07
SH04351,O04712,BlueArrow Shipping,2025-09-19,2025-09-21,2025-09-27
SH04352,O04713,RapidRoute,2025-11-24,2025-11-25,2025-11-29
SH04353,O04714,BlueArrow Shipping,2026-06-07,2026-06-09,2026-06-11
SH04354,O04715,BlueArrow Shipping,2026-04-09,2026-04-11,2026-04-13
SH04355,O04716,BlueArrow Shipping,2026-01-10,2026-01-14,2026-01-16
SH04356,O04717,BlueArrow Shipping,2026-04-29,2026-04-30,2026-05-09
SH04357,O04718,MetroLogistics,2026-04-28,2026-05-02,2026-05-03
SH04358,O04719,FastFreight,2026-03-23,2026-03-27,2026-03-27
SH04359,O04720,BlueArrow Shipping,2026-03-13,2026-03-14,2026-03-15
SH04360,O04721,FastFreight,2025-10-09,2025-10-14,2025-10-14
SH04361,O04722,FastFreight,2025-12-05,2025-12-09,2025-12-11
SH04362,O04723,FastFreight,2026-03-14,2026-03-18,2026-03-21
SH04363,O04724,MetroLogistics,2025-10-22,2025-10-26,2025-10-25
SH04364,O04726,RapidRoute,2025-10-14,2025-10-19,2025-10-21
SH04365,O04727,RapidRoute,2026-06-17,2026-06-20,2026-06-23
SH04366,O04728,FastFreight,2025-10-12,2025-10-15,2025-10-18
SH04367,O04729,RapidRoute,2025-10-08,2025-10-12,2025-10-09
SH04368,O04730,FastFreight,2026-04-23,2026-04-24,2026-04-30
SH04369,O04731,RapidRoute,2025-11-21,2025-11-22,2025-11-29
SH04370,O04732,FastFreight,2026-01-11,2026-01-15,2026-01-12
SH04371,O04733,FastFreight,2025-12-27,2025-12-29,2025-12-29
SH04372,O04734,RapidRoute,2025-11-21,2025-11-23,2025-11-28
SH04373,O04735,RapidRoute,2026-06-09,2026-06-10,2026-06-17
SH04374,O04736,MetroLogistics,2026-05-12,2026-05-15,2026-05-22
SH04375,O04737,BlueArrow Shipping,2025-11-29,2025-12-02,2025-12-07
SH04376,O04738,RapidRoute,2026-05-11,2026-05-16,2026-05-19
SH04377,O04739,RapidRoute,2026-05-26,2026-05-29,2026-05-28
SH04378,O04740,MetroLogistics,2026-03-17,2026-03-19,2026-03-22
SH04379,O04741,RapidRoute,2026-04-02,2026-04-06,2026-04-08
SH04380,O04742,RapidRoute,2026-08-12,2026-08-14,2026-08-15
SH04381,O04743,RapidRoute,2026-02-14,2026-02-15,2026-02-19
SH04382,O04744,RapidRoute,2026-01-20,2026-01-21,2026-01-24
SH04383,O04745,RapidRoute,2026-03-20,2026-03-25,2026-03-21
SH04384,O04746,MetroLogistics,2026-07-07,2026-07-11,2026-07-13
SH04385,O04747,MetroLogistics,2026-05-19,2026-05-20,2026-05-23
SH04386,O04748,RapidRoute,2025-09-29,2025-10-01,2025-10-07
SH04387,O04749,MetroLogistics,2026-02-18,2026-02-23,2026-02-22
SH04388,O04750,RapidRoute,2026-05-31,2026-06-04,2026-06-06
SH04389,O04751,RapidRoute,2025-12-03,2025-12-06,2025-11-28
SH04390,O04752,FastFreight,2026-08-28,2026-08-30,2026-09-03
SH04391,O04753,FastFreight,2026-06-26,2026-06-28,2026-06-30
SH04392,O04754,BlueArrow Shipping,2026-07-10,2026-07-14,2026-07-17
SH04393,O04755,FastFreight,2025-10-03,2025-10-04,2025-10-08
SH04394,O04756,BlueArrow Shipping,2026-04-03,2026-04-08,2026-04-10
SH04395,O04757,FastFreight,2026-03-13,2026-03-15,2026-03-23
SH04396,O04758,RapidRoute,2026-04-21,2026-04-23,2026-04-25
SH04397,O04759,MetroLogistics,2026-07-19,2026-07-21,2026-07-18
SH04398,O04761,BlueArrow Shipping,2026-03-18,2026-03-22,2026-03-19
SH04399,O04762,MetroLogistics,2026-05-08,2026-05-09,2026-05-15
SH04400,O04763,BlueArrow Shipping,2026-06-03,2026-06-04,2026-06-10
SH04401,O04764,BlueArrow Shipping,2026-06-13,2026-06-15,2026-06-14
SH04402,O04765,MetroLogistics,2026-01-03,2026-01-04,2026-01-12
SH04403,O04766,RapidRoute,2026-09-03,2026-09-05,2026-09-10
SH04404,O04767,RapidRoute,2025-09-07,2025-09-10,2025-09-13
SH04405,O04768,MetroLogistics,2026-03-03,2026-03-07,2026-03-08
SH04406,O04769,FastFreight,2026-04-14,2026-04-16,2026-04-21
SH04407,O04770,MetroLogistics,2025-09-25,2025-09-28,2025-10-03
SH04408,O04771,BlueArrow Shipping,2026-02-15,2026-02-20,2026-02-19
SH04409,O04772,RapidRoute,2026-04-09,2026-04-12,2026-04-13
SH04410,O04773,FastFreight,2026-04-12,2026-04-17,2026-04-17
SH04411,O04774,MetroLogistics,2025-10-15,2025-10-17,2025-10-25
SH04412,O04775,RapidRoute,2025-12-13,2025-12-18,2025-12-16
SH04413,O04776,BlueArrow Shipping,2025-12-03,2025-12-06,2025-12-10
SH04414,O04777,RapidRoute,2026-04-23,2026-04-24,2026-04-29
SH04415,O04779,BlueArrow Shipping,2026-04-01,2026-04-06,2026-04-07
SH04416,O04780,FastFreight,2026-05-29,2026-06-02,2026-05-31
SH04417,O04781,FastFreight,2026-06-20,2026-06-22,2026-06-29
SH04418,O04782,RapidRoute,2025-11-08,2025-11-12,2025-11-15
SH04419,O04783,BlueArrow Shipping,2026-07-30,2026-08-04,2026-08-07
SH04420,O04784,RapidRoute,2025-11-04,2025-11-05,2025-11-07
SH04421,O04785,MetroLogistics,2025-09-11,2025-09-12,2025-09-19
SH04422,O04786,FastFreight,2025-09-21,2025-09-25,2025-09-27
SH04423,O04787,FastFreight,2025-11-16,2025-11-18,2025-11-18
SH04424,O04788,MetroLogistics,2026-07-20,2026-07-25,2026-07-23
SH04425,O04789,FastFreight,2025-11-18,2025-11-22,2025-11-22
SH04426,O04790,FastFreight,2026-05-14,2026-05-19,2026-05-18
SH04427,O04791,FastFreight,2026-02-03,2026-02-07,2026-02-11
SH04428,O04792,FastFreight,2025-09-17,2025-09-22,2025-09-20
SH04429,O04793,MetroLogistics,2026-02-13,2026-02-17,2026-02-16
SH04430,O04794,RapidRoute,2025-09-15,2025-09-16,2025-09-17
SH04431,O04795,MetroLogistics,2026-02-25,2026-02-27,2026-02-28
SH04432,O04796,MetroLogistics,2026-03-26,2026-03-31,2026-04-01
SH04433,O04797,BlueArrow Shipping,2026-03-11,2026-03-13,2026-03-15
SH04434,O04798,BlueArrow Shipping,2025-12-16,2025-12-21,2025-12-22
SH04435,O04799,MetroLogistics,2026-06-09,2026-06-14,2026-06-14
SH04436,O04800,FastFreight,2026-04-07,2026-04-11,2026-04-15
SH04437,O04801,MetroLogistics,2025-12-06,2025-12-07,2025-12-07
SH04438,O04802,FastFreight,2026-02-08,2026-02-09,2026-02-17
SH04439,O04803,FastFreight,2025-10-14,2025-10-18,2025-10-19
SH04440,O04804,BlueArrow Shipping,2026-08-06,2026-08-09,2026-08-10
SH04441,O04805,FastFreight,2026-06-05,2026-06-08,2026-06-12
SH04442,O04806,MetroLogistics,2025-12-18,2025-12-19,2025-12-23
SH04443,O04807,MetroLogistics,2026-05-14,2026-05-17,2026-05-12
SH04444,O04809,RapidRoute,2026-04-14,2026-04-15,2026-04-17
SH04445,O04810,FastFreight,2025-09-22,2025-09-23,2025-09-28
SH04446,O04811,FastFreight,2026-07-20,2026-07-25,2026-07-24
SH04447,O04812,BlueArrow Shipping,2026-08-19,2026-08-23,2026-08-25
SH04448,O04813,BlueArrow Shipping,2026-08-23,2026-08-28,2026-08-29
SH04449,O04814,BlueArrow Shipping,2026-08-27,2026-09-01,2026-08-29
SH04450,O04815,BlueArrow Shipping,2026-08-08,2026-08-13,2026-08-15
SH04451,O04817,RapidRoute,2025-09-22,2025-09-25,2025-10-01
SH04452,O04818,BlueArrow Shipping,2026-02-26,2026-02-28,2026-02-27
SH04453,O04819,BlueArrow Shipping,2025-11-30,2025-12-04,2025-12-07
SH04454,O04820,BlueArrow Shipping,2025-11-22,2025-11-26,2025-11-27
SH04455,O04821,FastFreight,2026-07-02,2026-07-05,2026-07-07
SH04456,O04823,FastFreight,2026-03-11,2026-03-14,2026-03-17
SH04457,O04824,MetroLogistics,2026-05-29,2026-05-31,2026-06-01
SH04458,O04825,RapidRoute,2025-10-21,2025-10-24,2025-10-29
SH04459,O04827,RapidRoute,2026-07-13,2026-07-18,2026-07-18
SH04460,O04828,BlueArrow Shipping,2026-02-13,2026-02-16,2026-02-22
SH04461,O04829,BlueArrow Shipping,2026-03-21,2026-03-24,2026-03-26
SH04462,O04831,RapidRoute,2025-11-17,2025-11-22,2025-11-22
SH04463,O04832,FastFreight,2026-06-30,2026-07-05,2026-07-10
SH04464,O04834,FastFreight,2026-05-11,2026-05-15,2026-05-15
SH04465,O04835,BlueArrow Shipping,2026-01-19,2026-01-20,2026-01-18
SH04466,O04836,FastFreight,2026-04-27,2026-05-02,2026-04-30
SH04467,O04837,FastFreight,2026-08-22,2026-08-23,2026-08-20
SH04468,O04838,MetroLogistics,2026-04-27,2026-04-28,2026-05-06
SH04469,O04839,RapidRoute,2026-03-03,2026-03-05,2026-03-05
SH04470,O04840,MetroLogistics,2025-12-10,2025-12-13,2025-12-13
SH04471,O04841,FastFreight,2026-03-12,2026-03-13,2026-03-17
SH04472,O04842,FastFreight,2026-01-16,2026-01-19,2026-01-22
SH04473,O04843,MetroLogistics,2026-04-15,2026-04-20,2026-04-20
SH04474,O04844,FastFreight,2025-09-20,2025-09-24,2025-09-22
SH04475,O04845,MetroLogistics,2025-11-10,2025-11-15,2025-11-17
SH04476,O04846,FastFreight,2026-06-16,2026-06-21,2026-06-24
SH04477,O04847,RapidRoute,2026-01-18,2026-01-23,2026-01-23
SH04478,O04848,FastFreight,2026-02-13,2026-02-14,2026-02-14
SH04479,O04849,FastFreight,2026-03-21,2026-03-25,2026-03-25
SH04480,O04853,FastFreight,2026-06-16,2026-06-17,2026-06-09
SH04481,O04854,MetroLogistics,2025-11-19,2025-11-23,2025-11-26
SH04482,O04855,RapidRoute,2026-01-17,2026-01-22,2026-01-21
SH04483,O04856,BlueArrow Shipping,2026-04-05,2026-04-06,2026-04-14
SH04484,O04857,RapidRoute,2026-07-22,2026-07-25,2026-07-27
SH04485,O04858,BlueArrow Shipping,2025-11-28,2025-11-29,2025-11-29
SH04486,O04859,MetroLogistics,2026-04-06,2026-04-09,2026-04-13
SH04487,O04860,RapidRoute,2025-09-25,2025-09-28,2025-10-05
SH04488,O04861,FastFreight,2025-09-30,2025-10-05,2025-10-09
SH04489,O04862,FastFreight,2026-06-09,2026-06-11,2026-06-19
SH04490,O04863,MetroLogistics,2026-05-25,2026-05-29,2026-05-28
SH04491,O04864,RapidRoute,2026-01-19,2026-01-23,2026-01-25
SH04492,O04865,RapidRoute,2026-04-20,2026-04-24,2026-04-21
SH04493,O04866,BlueArrow Shipping,2026-01-19,2026-01-24,2026-01-24
SH04494,O04867,RapidRoute,2025-12-12,2025-12-13,2025-12-22
SH04495,O04869,BlueArrow Shipping,2026-01-03,2026-01-04,2026-01-01
SH04496,O04870,FastFreight,2026-06-26,2026-06-30,2026-07-05
SH04497,O04871,FastFreight,2026-02-01,2026-02-02,2026-02-09
SH04498,O04872,FastFreight,2026-01-06,2026-01-09,2026-01-06
SH04499,O04875,RapidRoute,2025-12-10,2025-12-13,2025-12-18
SH04500,O04876,MetroLogistics,2026-08-11,2026-08-15,2026-08-16
SH04501,O04877,MetroLogistics,2026-02-24,2026-02-25,2026-02-25
SH04502,O04879,MetroLogistics,2026-08-17,2026-08-20,2026-08-21
SH04503,O04880,FastFreight,2026-02-08,2026-02-12,2026-02-14
SH04504,O04881,FastFreight,2025-11-14,2025-11-15,2025-11-23
SH04505,O04882,BlueArrow Shipping,2026-06-01,2026-06-03,2026-06-06
SH04506,O04885,BlueArrow Shipping,2026-08-26,2026-08-28,2026-09-01
SH04507,O04886,FastFreight,2026-02-12,2026-02-14,2026-02-10
SH04508,O04887,FastFreight,2026-05-11,2026-05-14,2026-05-15
SH04509,O04888,BlueArrow Shipping,2026-03-15,2026-03-16,2026-03-20
SH04510,O04889,FastFreight,2025-11-19,2025-11-22,2025-11-28
SH04511,O04890,MetroLogistics,2025-12-26,2025-12-27,2026-01-04
SH04512,O04891,BlueArrow Shipping,2026-03-12,2026-03-13,2026-03-20
SH04513,O04892,FastFreight,2025-10-12,2025-10-15,2025-10-14
SH04514,O04893,RapidRoute,2026-02-06,2026-02-11,2026-02-04
SH04515,O04894,RapidRoute,2026-02-03,2026-02-07,2026-02-09
SH04516,O04895,FastFreight,2026-07-06,2026-07-08,2026-07-13
SH04517,O04896,BlueArrow Shipping,2025-10-19,2025-10-21,2025-10-22
SH04518,O04897,RapidRoute,2026-07-08,2026-07-11,2026-07-13
SH04519,O04898,BlueArrow Shipping,2026-01-30,2026-01-31,2026-02-02
SH04520,O04899,MetroLogistics,2026-04-27,2026-05-01,2026-05-02
SH04521,O04900,RapidRoute,2026-03-24,2026-03-25,2026-03-31
SH04522,O04901,MetroLogistics,2025-12-20,2025-12-24,2025-12-24
SH04523,O04902,FastFreight,2026-08-09,2026-08-11,2026-08-15
SH04524,O04903,FastFreight,2025-11-24,2025-11-26,2025-11-29
SH04525,O04904,RapidRoute,2025-09-18,2025-09-21,2025-09-19
SH04526,O04905,FastFreight,2026-06-07,2026-06-08,2026-06-10
SH04527,O04906,FastFreight,2026-04-19,2026-04-21,2026-04-23
SH04528,O04907,FastFreight,2026-07-26,2026-07-28,2026-07-28
SH04529,O04908,MetroLogistics,2026-02-19,2026-02-24,2026-02-21
SH04530,O04910,BlueArrow Shipping,2025-09-16,2025-09-17,2025-09-16
SH04531,O04911,BlueArrow Shipping,2026-02-09,2026-02-10,2026-02-16
SH04532,O04912,RapidRoute,2025-12-04,2025-12-06,2025-12-09
SH04533,O04913,BlueArrow Shipping,2026-08-04,2026-08-07,2026-08-12
SH04534,O04914,FastFreight,2025-10-15,2025-10-19,2025-10-22
SH04535,O04915,RapidRoute,2026-07-22,2026-07-25,2026-07-30
SH04536,O04916,MetroLogistics,2025-11-20,2025-11-23,2025-11-30
SH04537,O04917,RapidRoute,2025-10-15,2025-10-18,2025-10-21
SH04538,O04918,MetroLogistics,2025-12-11,2025-12-12,2025-12-17
SH04539,O04919,FastFreight,2025-10-26,2025-10-27,2025-11-01
SH04540,O04920,MetroLogistics,2026-02-03,2026-02-07,2026-02-05
SH04541,O04921,MetroLogistics,2026-01-01,2026-01-06,2026-01-08
SH04542,O04923,RapidRoute,2026-03-19,2026-03-20,2026-03-23
SH04543,O04924,BlueArrow Shipping,2025-09-06,2025-09-11,2025-09-11
SH04544,O04925,FastFreight,2025-10-19,2025-10-24,2025-10-22
SH04545,O04926,FastFreight,2025-11-01,2025-11-05,2025-11-05
SH04546,O04928,BlueArrow Shipping,2025-10-07,2025-10-10,2025-10-11
SH04547,O04929,FastFreight,2025-12-28,2025-12-30,2026-01-04
SH04548,O04930,BlueArrow Shipping,2026-03-23,2026-03-26,2026-03-31
SH04549,O04931,RapidRoute,2025-12-31,2026-01-01,2026-01-02
SH04550,O04932,RapidRoute,2025-12-31,2026-01-02,2026-01-04
SH04551,O04933,BlueArrow Shipping,2026-02-22,2026-02-24,2026-03-02
SH04552,O04934,MetroLogistics,2026-03-22,2026-03-25,2026-03-26
SH04553,O04935,BlueArrow Shipping,2025-12-31,2026-01-02,2026-01-10
SH04554,O04936,FastFreight,2025-12-01,2025-12-04,2025-11-27
SH04555,O04937,BlueArrow Shipping,2026-01-30,2026-02-03,2026-02-04
SH04556,O04938,FastFreight,2025-09-18,2025-09-23,2025-09-18
SH04557,O04939,FastFreight,2026-03-02,2026-03-07,2026-03-09
SH04558,O04940,BlueArrow Shipping,2026-08-13,2026-08-14,2026-08-17
SH04559,O04941,BlueArrow Shipping,2026-01-27,2026-01-30,2026-02-03
SH04560,O04942,BlueArrow Shipping,2025-10-14,2025-10-17,2025-10-15
SH04561,O04943,MetroLogistics,2026-05-18,2026-05-21,2026-05-28
SH04562,O04944,BlueArrow Shipping,2025-10-19,2025-10-23,2025-10-25
SH04563,O04945,MetroLogistics,2025-11-13,2025-11-15,2025-11-18
SH04564,O04946,FastFreight,2025-10-25,2025-10-28,2025-11-04
SH04565,O04947,BlueArrow Shipping,2026-07-22,2026-07-27,2026-07-25
SH04566,O04948,FastFreight,2026-08-27,2026-08-30,2026-09-05
SH04567,O04949,FastFreight,2026-03-31,2026-04-03,2026-04-02
SH04568,O04951,BlueArrow Shipping,2026-04-25,2026-04-30,2026-05-05
SH04569,O04953,BlueArrow Shipping,2026-03-30,2026-03-31,2026-03-28
SH04570,O04954,FastFreight,2026-08-28,2026-08-30,2026-09-03
SH04571,O04955,MetroLogistics,2026-05-28,2026-05-31,2026-05-31
SH04572,O04956,RapidRoute,2025-10-07,2025-10-08,2025-10-08
SH04573,O04957,RapidRoute,2026-01-26,2026-01-29,2026-01-27
SH04574,O04959,RapidRoute,2026-01-27,2026-02-01,2026-01-31
SH04575,O04960,BlueArrow Shipping,2025-11-15,2025-11-19,2025-11-23
SH04576,O04961,FastFreight,2026-07-15,2026-07-16,2026-07-25
SH04577,O04962,MetroLogistics,2026-04-20,2026-04-25,2026-04-26
SH04578,O04963,BlueArrow Shipping,2026-03-26,2026-03-30,2026-04-04
SH04579,O04964,BlueArrow Shipping,2026-02-03,2026-02-08,2026-02-12
SH04580,O04965,FastFreight,2025-10-20,2025-10-21,2025-10-25
SH04581,O04966,RapidRoute,2026-01-26,2026-01-31,2026-01-24
SH04582,O04967,RapidRoute,2026-02-11,2026-02-12,2026-02-15
SH04583,O04968,FastFreight,2026-08-14,2026-08-15,2026-08-16
SH04584,O04969,BlueArrow Shipping,2025-12-24,2025-12-26,2025-12-30
SH04585,O04970,FastFreight,2025-10-29,2025-11-03,2025-11-01
SH04586,O04971,MetroLogistics,2026-02-07,2026-02-12,2026-02-12
SH04587,O04972,RapidRoute,2026-08-31,2026-09-04,2026-09-09
SH04588,O04973,BlueArrow Shipping,2026-02-27,2026-02-28,2026-03-03
SH04589,O04974,MetroLogistics,2026-01-21,2026-01-26,2026-01-24
SH04590,O04975,FastFreight,2026-05-06,2026-05-08,2026-05-10
SH04591,O04976,RapidRoute,2026-05-04,2026-05-08,2026-05-02
SH04592,O04977,MetroLogistics,2025-12-20,2025-12-22,2025-12-25
SH04593,O04978,BlueArrow Shipping,2026-08-23,2026-08-26,2026-08-26
SH04594,O04979,FastFreight,2026-04-08,2026-04-09,2026-04-10
SH04595,O04981,RapidRoute,2026-01-29,2026-02-03,2026-02-06
SH04596,O04982,MetroLogistics,2026-08-07,2026-08-08,2026-08-09
SH04597,O04983,BlueArrow Shipping,2026-01-25,2026-01-30,2026-02-02
SH04598,O04984,FastFreight,2026-03-31,2026-04-05,2026-04-07
SH04599,O04985,BlueArrow Shipping,2026-04-22,2026-04-23,2026-04-21
SH04600,O04986,RapidRoute,2026-05-20,2026-05-24,2026-05-27
SH04601,O04987,MetroLogistics,2026-07-17,2026-07-19,2026-07-27
SH04602,O04988,MetroLogistics,2025-10-28,2025-10-30,2025-11-04
SH04603,O04989,BlueArrow Shipping,2026-03-11,2026-03-13,2026-03-15
SH04604,O04990,RapidRoute,2026-03-16,2026-03-18,2026-03-24
SH04605,O04991,RapidRoute,2025-10-27,2025-11-01,2025-11-02
SH04606,O04992,FastFreight,2026-05-08,2026-05-09,2026-05-09
SH04607,O04993,MetroLogistics,2025-10-15,2025-10-17,2025-10-22
SH04608,O04995,RapidRoute,2025-12-31,2026-01-02,2026-01-04
SH04609,O04996,RapidRoute,2025-10-29,2025-11-01,2025-11-01
SH04610,O04997,BlueArrow Shipping,2026-07-02,2026-07-04,2026-07-03
SH04611,O04998,FastFreight,2025-12-02,2025-12-06,2025-12-10
SH04612,O04999,BlueArrow Shipping,2025-12-08,2025-12-13,2025-12-08
SH04613,O05000,RapidRoute,2026-07-11,2026-07-15,2026-07-16
SH04614,O05001,RapidRoute,2026-07-19,2026-07-21,2026-07-28
SH04615,O05002,BlueArrow Shipping,2025-09-16,2025-09-21,2025-09-23
SH04616,O05003,BlueArrow Shipping,2025-12-17,2025-12-20,2025-12-16
SH04617,O05004,RapidRoute,2026-05-28,2026-05-30,2026-05-28
SH04618,O05005,BlueArrow Shipping,2026-06-13,2026-06-17,2026-06-23
SH04619,O05006,BlueArrow Shipping,2026-09-01,2026-09-06,2026-09-11
SH04620,O05008,RapidRoute,2025-09-07,2025-09-09,2025-09-12
SH04621,O05009,FastFreight,2026-07-20,2026-07-22,2026-07-24
SH04622,O05010,FastFreight,2025-11-07,2025-11-11,2025-11-04
SH04623,O05011,RapidRoute,2025-10-18,2025-10-21,2025-10-20
SH04624,O05012,FastFreight,2026-05-15,2026-05-19,2026-05-15
SH04625,O05013,RapidRoute,2026-04-10,2026-04-13,2026-04-19
SH04626,O05015,RapidRoute,2025-11-05,2025-11-06,2025-11-11
SH04627,O05016,MetroLogistics,2026-04-06,2026-04-08,2026-04-13
SH04628,O05017,RapidRoute,2025-12-04,2025-12-09,2025-12-11
SH04629,O05018,BlueArrow Shipping,2026-05-10,2026-05-15,2026-05-14
SH04630,O05020,BlueArrow Shipping,2026-04-07,2026-04-09,2026-04-08
SH04631,O05022,RapidRoute,2026-01-15,2026-01-19,2026-01-18
SH04632,O05023,RapidRoute,2026-01-07,2026-01-08,2026-01-10
SH04633,O05024,RapidRoute,2026-05-17,2026-05-19,2026-05-20
SH04634,O05025,RapidRoute,2026-03-08,2026-03-12,2026-03-15
SH04635,O05026,BlueArrow Shipping,2026-04-07,2026-04-08,2026-04-15
SH04636,O05028,MetroLogistics,2025-11-17,2025-11-21,2025-11-25
SH04637,O05031,FastFreight,2026-05-22,2026-05-27,2026-05-31
SH04638,O05033,FastFreight,2026-08-06,2026-08-07,2026-08-11
SH04639,O05034,MetroLogistics,2026-05-03,2026-05-06,2026-05-13
SH04640,O05036,MetroLogistics,2026-02-22,2026-02-24,2026-03-03
SH04641,O05037,FastFreight,2026-05-30,2026-06-03,2026-06-04
SH04642,O05038,MetroLogistics,2025-12-28,2026-01-02,2026-01-02
SH04643,O05039,RapidRoute,2026-05-20,2026-05-21,2026-05-29
SH04644,O05040,FastFreight,2025-10-05,2025-10-09,2025-10-13
SH04645,O05041,MetroLogistics,2026-08-03,2026-08-04,2026-08-08
SH04646,O05042,RapidRoute,2025-12-01,2025-12-04,2025-12-04
SH04647,O05043,MetroLogistics,2026-05-01,2026-05-04,2026-05-07
SH04648,O05044,BlueArrow Shipping,2025-09-09,2025-09-12,2025-09-15
SH04649,O05045,BlueArrow Shipping,2025-10-31,2025-11-04,2025-11-04
SH04650,O05046,RapidRoute,2026-08-30,2026-09-03,2026-09-01
SH04651,O05047,BlueArrow Shipping,2026-07-03,2026-07-05,2026-07-12
SH04652,O05048,BlueArrow Shipping,2025-11-22,2025-11-26,2025-12-01
SH04653,O05049,RapidRoute,2025-10-19,2025-10-22,2025-10-29
SH04654,O05051,MetroLogistics,2026-08-31,2026-09-01,2026-09-08
SH04655,O05052,MetroLogistics,2025-11-02,2025-11-06,2025-11-09
SH04656,O05053,BlueArrow Shipping,2026-05-02,2026-05-04,2026-05-08
SH04657,O05054,BlueArrow Shipping,2025-12-16,2025-12-17,2025-12-19
SH04658,O05055,BlueArrow Shipping,2026-06-01,2026-06-04,2026-06-04
SH04659,O05056,RapidRoute,2026-02-04,2026-02-07,2026-02-10
SH04660,O05057,BlueArrow Shipping,2025-10-17,2025-10-21,2025-10-27
SH04661,O05058,RapidRoute,2025-12-30,2026-01-02,2026-01-06
SH04662,O05059,FastFreight,2026-03-22,2026-03-26,2026-03-27
SH04663,O05060,FastFreight,2026-06-22,2026-06-24,2026-06-26
SH04664,O05061,RapidRoute,2025-09-09,2025-09-13,2025-09-18
SH04665,O05062,MetroLogistics,2026-08-17,2026-08-22,2026-08-23
SH04666,O05064,MetroLogistics,2026-07-21,2026-07-24,2026-07-24
SH04667,O05065,RapidRoute,2026-08-09,2026-08-13,2026-08-15
SH04668,O05066,MetroLogistics,2025-10-31,2025-11-02,2025-11-01
SH04669,O05067,FastFreight,2025-10-09,2025-10-13,2025-10-12
SH04670,O05068,BlueArrow Shipping,2026-06-15,2026-06-20,2026-06-18
SH04671,O05069,FastFreight,2025-11-12,2025-11-17,2025-11-16
SH04672,O05070,RapidRoute,2025-10-26,2025-10-31,2025-11-04
SH04673,O05071,MetroLogistics,2026-02-20,2026-02-22,2026-02-25
SH04674,O05072,MetroLogistics,2026-08-05,2026-08-10,2026-08-06
SH04675,O05073,RapidRoute,2026-06-21,2026-06-23,2026-06-27
SH04676,O05074,FastFreight,2026-03-13,2026-03-18,2026-03-14
SH04677,O05075,BlueArrow Shipping,2025-11-12,2025-11-13,2025-11-22
SH04678,O05076,RapidRoute,2026-01-02,2026-01-07,2026-01-12
SH04679,O05077,FastFreight,2026-05-20,2026-05-22,2026-05-17
SH04680,O05078,RapidRoute,2025-11-08,2025-11-10,2025-11-06
SH04681,O05079,BlueArrow Shipping,2026-03-15,2026-03-18,2026-03-19
SH04682,O05080,FastFreight,2025-09-09,2025-09-12,2025-09-14
SH04683,O05081,RapidRoute,2025-12-31,2026-01-01,2026-01-03
SH04684,O05082,RapidRoute,2025-12-04,2025-12-07,2025-12-11
SH04685,O05083,RapidRoute,2026-05-09,2026-05-14,2026-05-18
SH04686,O05084,RapidRoute,2026-08-03,2026-08-06,2026-08-08
SH04687,O05085,BlueArrow Shipping,2025-10-30,2025-11-02,2025-11-04
SH04688,O05086,FastFreight,2026-06-22,2026-06-27,2026-06-26
SH04689,O05087,BlueArrow Shipping,2026-04-30,2026-05-01,2026-05-08
SH04690,O05088,RapidRoute,2026-08-24,2026-08-26,2026-08-31
SH04691,O05089,RapidRoute,2026-08-01,2026-08-06,2026-08-08
SH04692,O05090,FastFreight,2025-10-09,2025-10-10,2025-10-18
SH04693,O05091,BlueArrow Shipping,2026-06-01,2026-06-03,2026-06-05
SH04694,O05092,RapidRoute,2026-04-09,2026-04-11,2026-04-10
SH04695,O05093,FastFreight,2025-10-16,2025-10-21,2025-10-20
SH04696,O05094,FastFreight,2025-12-05,2025-12-06,2025-12-10
SH04697,O05095,FastFreight,2026-08-09,2026-08-11,2026-08-14
SH04698,O05096,BlueArrow Shipping,2026-03-27,2026-03-30,2026-03-25
SH04699,O05097,MetroLogistics,2026-01-11,2026-01-12,2026-01-13
SH04700,O05098,RapidRoute,2026-01-04,2026-01-05,2025-12-31
SH04701,O05099,RapidRoute,2026-07-05,2026-07-07,2026-07-14
SH04702,O05100,FastFreight,2025-12-20,2025-12-21,2025-12-19
SH04703,O05101,BlueArrow Shipping,2025-10-30,2025-11-04,2025-11-04
SH04704,O05102,RapidRoute,2026-03-31,2026-04-03,2026-04-03
SH04705,O05103,FastFreight,2026-08-31,2026-09-01,2026-09-07
SH04706,O05104,FastFreight,2025-11-07,2025-11-11,2025-11-15
SH04707,O05105,RapidRoute,2025-12-04,2025-12-08,2025-12-14
SH04708,O05106,FastFreight,2026-02-23,2026-02-27,2026-02-24
SH04709,O05108,FastFreight,2026-04-29,2026-05-02,2026-05-04
SH04710,O05110,RapidRoute,2025-10-19,2025-10-20,2025-10-28
SH04711,O05112,BlueArrow Shipping,2026-08-10,2026-08-14,2026-08-11
SH04712,O05113,RapidRoute,2026-08-12,2026-08-17,2026-08-17
SH04713,O05114,MetroLogistics,2026-03-08,2026-03-10,2026-03-10
SH04714,O05115,BlueArrow Shipping,2026-01-28,2026-01-29,2026-02-01
SH04715,O05116,BlueArrow Shipping,2026-07-01,2026-07-03,2026-07-07
SH04716,O05117,RapidRoute,2025-11-12,2025-11-16,2025-11-20
SH04717,O05118,FastFreight,2026-04-30,2026-05-04,2026-05-02
SH04718,O05119,FastFreight,2026-05-14,2026-05-19,2026-05-16
SH04719,O05120,MetroLogistics,2026-05-29,2026-06-01,2026-05-25
SH04720,O05121,BlueArrow Shipping,2025-11-21,2025-11-26,2025-11-29
SH04721,O05122,BlueArrow Shipping,2026-05-24,2026-05-26,2026-05-30
SH04722,O05123,RapidRoute,2026-04-15,2026-04-18,2026-04-23
SH04723,O05125,BlueArrow Shipping,2025-11-06,2025-11-10,2025-11-08
SH04724,O05126,RapidRoute,2026-04-16,2026-04-18,2026-04-22
SH04725,O05127,BlueArrow Shipping,2026-07-02,2026-07-04,2026-07-11
SH04726,O05128,MetroLogistics,2025-12-14,2025-12-19,2025-12-21
SH04727,O05129,RapidRoute,2026-06-03,2026-06-06,2026-06-06
SH04728,O05130,MetroLogistics,2025-10-11,2025-10-15,2025-10-17
SH04729,O05131,RapidRoute,2026-05-23,2026-05-27,2026-05-26
SH04730,O05132,BlueArrow Shipping,2026-04-14,2026-04-18,2026-04-17
SH04731,O05133,FastFreight,2025-11-13,2025-11-18,2025-11-20
SH04732,O05134,FastFreight,2025-09-28,2025-09-30,2025-10-04
SH04733,O05135,RapidRoute,2026-06-03,2026-06-05,2026-06-06
SH04734,O05136,RapidRoute,2025-11-30,2025-12-05,2025-12-06
SH04735,O05137,FastFreight,2026-03-03,2026-03-06,2026-03-06
SH04736,O05138,FastFreight,2025-09-24,2025-09-29,2025-10-04
SH04737,O05139,MetroLogistics,2026-08-22,2026-08-27,2026-08-26
SH04738,O05140,BlueArrow Shipping,2026-03-22,2026-03-26,2026-03-28
SH04739,O05141,MetroLogistics,2026-08-15,2026-08-19,2026-08-14
SH04740,O05142,FastFreight,2025-11-01,2025-11-06,2025-11-04
SH04741,O05143,BlueArrow Shipping,2025-11-18,2025-11-20,2025-11-22
SH04742,O05145,BlueArrow Shipping,2026-04-13,2026-04-16,2026-04-17
SH04743,O05146,BlueArrow Shipping,2026-06-22,2026-06-25,2026-06-23
SH04744,O05147,RapidRoute,2026-08-09,2026-08-10,2026-08-12
SH04745,O05149,MetroLogistics,2025-11-03,2025-11-06,2025-10-30
SH04746,O05150,BlueArrow Shipping,2025-12-25,2025-12-29,2025-12-30
SH04747,O05151,MetroLogistics,2026-08-05,2026-08-08,2026-08-07
SH04748,O05152,RapidRoute,2026-03-22,2026-03-26,2026-03-29
SH04749,O05153,MetroLogistics,2026-07-18,2026-07-19,2026-07-20
SH04750,O05154,MetroLogistics,2026-03-26,2026-03-29,2026-04-05
SH04751,O05155,BlueArrow Shipping,2025-09-20,2025-09-25,2025-09-28
SH04752,O05156,MetroLogistics,2026-02-21,2026-02-23,2026-02-26
SH04753,O05157,MetroLogistics,2026-07-05,2026-07-08,2026-07-08
SH04754,O05158,RapidRoute,2026-05-01,2026-05-05,2026-05-09
SH04755,O05159,FastFreight,2025-10-23,2025-10-27,2025-10-29
SH04756,O05161,FastFreight,2026-07-11,2026-07-12,2026-07-19
SH04757,O05162,RapidRoute,2026-08-28,2026-08-29,2026-08-30
SH04758,O05163,MetroLogistics,2026-06-08,2026-06-12,2026-06-08
SH04759,O05164,RapidRoute,2025-10-08,2025-10-11,2025-10-14
SH04760,O05165,BlueArrow Shipping,2026-04-18,2026-04-23,2026-04-21
SH04761,O05166,FastFreight,2026-07-01,2026-07-06,2026-07-05
SH04762,O05167,FastFreight,2026-04-29,2026-04-30,2026-05-03
SH04763,O05168,RapidRoute,2026-04-09,2026-04-11,2026-04-12
SH04764,O05169,RapidRoute,2026-02-21,2026-02-26,2026-02-28
SH04765,O05170,MetroLogistics,2025-12-03,2025-12-05,2025-12-09
SH04766,O05173,MetroLogistics,2025-09-30,2025-10-01,2025-10-02
SH04767,O05174,RapidRoute,2025-10-05,2025-10-06,2025-10-07
SH04768,O05175,FastFreight,2026-02-03,2026-02-06,2026-02-01
SH04769,O05176,BlueArrow Shipping,2026-06-14,2026-06-16,2026-06-19
SH04770,O05177,MetroLogistics,2026-05-01,2026-05-06,2026-05-04
SH04771,O05178,RapidRoute,2026-04-08,2026-04-13,2026-04-10
SH04772,O05179,MetroLogistics,2026-03-15,2026-03-16,2026-03-23
SH04773,O05180,MetroLogistics,2025-10-13,2025-10-18,2025-10-17
SH04774,O05181,BlueArrow Shipping,2026-01-02,2026-01-03,2026-01-06
SH04775,O05182,BlueArrow Shipping,2025-10-01,2025-10-05,2025-10-07
SH04776,O05183,FastFreight,2026-06-07,2026-06-12,2026-06-11
SH04777,O05184,FastFreight,2026-06-03,2026-06-05,2026-06-09
SH04778,O05185,RapidRoute,2025-12-05,2025-12-06,2025-12-11
SH04779,O05186,RapidRoute,2025-12-20,2025-12-21,2025-12-24
SH04780,O05187,FastFreight,2025-12-26,2025-12-28,2026-01-02
SH04781,O05189,BlueArrow Shipping,2026-02-27,2026-03-04,2026-03-03
SH04782,O05190,MetroLogistics,2026-06-08,2026-06-11,2026-06-12
SH04783,O05191,MetroLogistics,2026-02-12,2026-02-15,2026-02-19
SH04784,O05192,BlueArrow Shipping,2026-05-14,2026-05-15,2026-05-23
SH04785,O05193,BlueArrow Shipping,2026-03-16,2026-03-20,2026-03-17
SH04786,O05194,MetroLogistics,2025-12-12,2025-12-13,2025-12-21
SH04787,O05195,RapidRoute,2026-07-21,2026-07-25,2026-07-22
SH04788,O05196,BlueArrow Shipping,2026-05-20,2026-05-25,2026-05-26
SH04789,O05197,RapidRoute,2026-06-10,2026-06-14,2026-06-14
SH04790,O05198,BlueArrow Shipping,2026-08-17,2026-08-20,2026-08-24
SH04791,O05199,MetroLogistics,2025-12-02,2025-12-06,2025-12-09
SH04792,O05200,MetroLogistics,2025-10-06,2025-10-08,2025-10-14
SH04793,O05201,FastFreight,2026-04-03,2026-04-07,2026-04-11
SH04794,O05202,BlueArrow Shipping,2026-01-01,2026-01-05,2026-01-03
SH04795,O05203,BlueArrow Shipping,2026-02-11,2026-02-12,2026-02-17
SH04796,O05204,RapidRoute,2025-11-28,2025-11-30,2025-11-30
SH04797,O05205,MetroLogistics,2026-01-26,2026-01-30,2026-02-01
SH04798,O05206,FastFreight,2026-01-26,2026-01-29,2026-01-31
SH04799,O05207,RapidRoute,2026-01-09,2026-01-11,2026-01-17
SH04800,O05208,BlueArrow Shipping,2026-06-02,2026-06-07,2026-06-08
SH04801,O05209,FastFreight,2026-04-10,2026-04-15,2026-04-14
SH04802,O05210,MetroLogistics,2026-03-03,2026-03-07,2026-03-04
SH04803,O05211,RapidRoute,2025-10-16,2025-10-19,2025-10-17
SH04804,O05212,RapidRoute,2026-03-31,2026-04-03,2026-04-02
SH04805,O05213,BlueArrow Shipping,2025-11-05,2025-11-10,2025-11-09
SH04806,O05214,FastFreight,2025-12-28,2025-12-31,2025-12-30
SH04807,O05215,BlueArrow Shipping,2026-01-31,2026-02-05,2026-02-07
SH04808,O05216,FastFreight,2025-10-26,2025-10-31,2025-11-01
SH04809,O05218,MetroLogistics,2025-12-10,2025-12-15,2025-12-14
SH04810,O05219,MetroLogistics,2026-07-09,2026-07-13,2026-07-19
SH04811,O05220,RapidRoute,2026-07-12,2026-07-14,2026-07-20
SH04812,O05221,BlueArrow Shipping,2025-09-05,2025-09-07,2025-09-10
SH04813,O05222,MetroLogistics,2026-04-11,2026-04-16,2026-04-18
SH04814,O05224,FastFreight,2026-01-19,2026-01-22,2026-01-24
SH04815,O05225,FastFreight,2026-02-22,2026-02-24,2026-02-24
SH04816,O05226,RapidRoute,2026-06-26,2026-06-27,2026-06-26
SH04817,O05228,BlueArrow Shipping,2025-09-28,2025-10-02,2025-09-29
SH04818,O05230,MetroLogistics,2025-12-03,2025-12-08,2025-12-10
SH04819,O05231,RapidRoute,2026-01-22,2026-01-24,2026-01-24
SH04820,O05232,RapidRoute,2025-11-27,2025-12-01,2025-12-03
SH04821,O05233,FastFreight,2025-11-01,2025-11-03,2025-11-03
SH04822,O05234,RapidRoute,2026-08-28,2026-08-30,2026-09-06
SH04823,O05235,FastFreight,2025-10-22,2025-10-25,2025-10-29
SH04824,O05236,RapidRoute,2026-05-17,2026-05-19,2026-05-22
SH04825,O05237,BlueArrow Shipping,2026-05-22,2026-05-27,2026-05-26
SH04826,O05239,BlueArrow Shipping,2026-08-02,2026-08-07,2026-08-05
SH04827,O05240,FastFreight,2025-09-05,2025-09-07,2025-09-08
SH04828,O05241,BlueArrow Shipping,2025-12-22,2025-12-24,2025-12-31
SH04829,O05242,RapidRoute,2025-11-11,2025-11-12,2025-11-12
SH04830,O05243,RapidRoute,2026-04-02,2026-04-06,2026-04-06
SH04831,O05244,RapidRoute,2026-04-23,2026-04-27,2026-04-26
SH04832,O05245,FastFreight,2026-07-29,2026-08-03,2026-07-30
SH04833,O05246,MetroLogistics,2026-01-18,2026-01-21,2026-01-27
SH04834,O05247,RapidRoute,2025-12-06,2025-12-11,2025-12-04
SH04835,O05248,MetroLogistics,2026-08-08,2026-08-09,2026-08-15
SH04836,O05249,BlueArrow Shipping,2026-05-07,2026-05-09,2026-05-13
SH04837,O05250,FastFreight,2026-06-10,2026-06-13,2026-06-15
SH04838,O05252,RapidRoute,2026-02-13,2026-02-17,2026-02-17
SH04839,O05253,MetroLogistics,2026-01-24,2026-01-26,2026-01-30
SH04840,O05254,MetroLogistics,2026-06-12,2026-06-14,2026-06-11
SH04841,O05255,RapidRoute,2025-11-18,2025-11-19,2025-11-21
SH04842,O05256,BlueArrow Shipping,2026-08-24,2026-08-29,2026-08-29
SH04843,O05257,MetroLogistics,2025-11-06,2025-11-09,2025-11-11
SH04844,O05258,MetroLogistics,2026-02-17,2026-02-18,2026-02-21
SH04845,O05259,BlueArrow Shipping,2025-12-28,2025-12-30,2025-12-29
SH04846,O05260,MetroLogistics,2026-04-26,2026-04-29,2026-04-29
SH04847,O05261,FastFreight,2026-05-08,2026-05-11,2026-05-14
SH04848,O05262,MetroLogistics,2026-08-05,2026-08-08,2026-08-10
SH04849,O05263,MetroLogistics,2026-06-19,2026-06-20,2026-06-26
SH04850,O05264,BlueArrow Shipping,2025-12-08,2025-12-13,2025-12-10
SH04851,O05265,BlueArrow Shipping,2025-11-18,2025-11-23,2025-11-22
SH04852,O05266,FastFreight,2026-07-25,2026-07-27,2026-07-29
SH04853,O05267,FastFreight,2026-03-02,2026-03-04,2026-03-03
SH04854,O05268,RapidRoute,2025-10-08,2025-10-09,2025-10-16
SH04855,O05269,RapidRoute,2026-06-30,2026-07-01,2026-07-05
SH04856,O05270,RapidRoute,2026-04-29,2026-05-04,2026-04-30
SH04857,O05271,BlueArrow Shipping,2025-09-13,2025-09-14,2025-09-19
SH04858,O05272,RapidRoute,2026-06-14,2026-06-16,2026-06-20
SH04859,O05274,BlueArrow Shipping,2026-04-14,2026-04-19,2026-04-20
SH04860,O05275,RapidRoute,2026-07-14,2026-07-16,2026-07-21
SH04861,O05276,RapidRoute,2026-03-01,2026-03-05,2026-03-09
SH04862,O05277,MetroLogistics,2026-02-18,2026-02-19,2026-02-26
SH04863,O05278,FastFreight,2026-04-15,2026-04-20,2026-04-23
SH04864,O05279,RapidRoute,2025-11-16,2025-11-21,2025-11-21
SH04865,O05280,RapidRoute,2025-10-28,2025-11-02,2025-11-05
SH04866,O05281,MetroLogistics,2026-07-08,2026-07-12,2026-07-15
SH04867,O05282,RapidRoute,2025-11-22,2025-11-27,2025-11-24
SH04868,O05283,FastFreight,2026-03-08,2026-03-12,2026-03-11
SH04869,O05284,RapidRoute,2025-12-12,2025-12-14,2025-12-16
SH04870,O05285,FastFreight,2025-11-25,2025-11-30,2025-12-05
SH04871,O05286,FastFreight,2026-04-10,2026-04-12,2026-04-16
SH04872,O05287,FastFreight,2026-06-24,2026-06-29,2026-06-30
SH04873,O05288,FastFreight,2026-02-10,2026-02-15,2026-02-19
SH04874,O05289,FastFreight,2025-10-25,2025-10-28,2025-11-01
SH04875,O05290,MetroLogistics,2025-12-03,2025-12-05,2025-12-07
SH04876,O05291,MetroLogistics,2025-11-04,2025-11-05,2025-11-06
SH04877,O05292,MetroLogistics,2026-07-22,2026-07-25,2026-07-27
SH04878,O05293,RapidRoute,2025-12-27,2025-12-31,2025-12-31
SH04879,O05294,BlueArrow Shipping,2026-01-18,2026-01-21,2026-01-24
SH04880,O05295,FastFreight,2025-09-29,2025-10-03,2025-10-05
SH04881,O05296,FastFreight,2026-02-13,2026-02-14,2026-02-16
SH04882,O05297,RapidRoute,2026-08-02,2026-08-03,2026-08-08
SH04883,O05298,MetroLogistics,2026-02-06,2026-02-08,2026-02-07
SH04884,O05299,RapidRoute,2026-04-30,2026-05-05,2026-05-06
SH04885,O05300,RapidRoute,2025-11-09,2025-11-12,2025-11-16
SH04886,O05301,RapidRoute,2025-10-27,2025-10-29,2025-10-28
SH04887,O05302,FastFreight,2026-05-30,2026-06-03,2026-06-02
SH04888,O05303,RapidRoute,2025-09-26,2025-09-29,2025-10-03
SH04889,O05304,RapidRoute,2026-02-13,2026-02-14,2026-02-16
SH04890,O05305,RapidRoute,2025-12-29,2026-01-01,2025-12-31
SH04891,O05306,BlueArrow Shipping,2025-09-09,2025-09-13,2025-09-17
SH04892,O05307,FastFreight,2026-03-16,2026-03-21,2026-03-21
SH04893,O05308,MetroLogistics,2026-08-22,2026-08-24,2026-08-27
SH04894,O05309,MetroLogistics,2025-09-27,2025-09-28,2025-10-02
SH04895,O05310,MetroLogistics,2026-07-05,2026-07-10,2026-07-04
SH04896,O05311,MetroLogistics,2026-03-17,2026-03-19,2026-03-27
SH04897,O05312,RapidRoute,2026-06-02,2026-06-03,2026-06-03
SH04898,O05313,MetroLogistics,2025-10-08,2025-10-11,2025-10-12
SH04899,O05314,MetroLogistics,2026-07-17,2026-07-18,2026-07-21
SH04900,O05315,MetroLogistics,2025-09-06,2025-09-11,2025-09-14
SH04901,O05317,BlueArrow Shipping,2026-05-01,2026-05-05,2026-05-10
SH04902,O05318,MetroLogistics,2026-01-04,2026-01-07,2026-01-07
SH04903,O05319,RapidRoute,2025-09-07,2025-09-10,2025-09-09
SH04904,O05320,RapidRoute,2026-04-13,2026-04-15,2026-04-17
SH04905,O05321,MetroLogistics,2025-10-11,2025-10-14,2025-10-12
SH04906,O05322,MetroLogistics,2026-04-20,2026-04-25,2026-04-19
SH04907,O05323,RapidRoute,2026-06-14,2026-06-18,2026-06-20
SH04908,O05324,RapidRoute,2025-12-11,2025-12-15,2025-12-12
SH04909,O05325,RapidRoute,2025-12-01,2025-12-06,2025-12-02
SH04910,O05326,FastFreight,2025-11-25,2025-11-26,2025-11-29
SH04911,O05327,FastFreight,2025-11-25,2025-11-30,2025-11-29
SH04912,O05328,BlueArrow Shipping,2025-10-15,2025-10-16,2025-10-18
SH04913,O05329,MetroLogistics,2025-12-05,2025-12-07,2025-12-07
SH04914,O05330,MetroLogistics,2026-05-08,2026-05-12,2026-05-09
SH04915,O05331,FastFreight,2025-12-23,2025-12-24,2025-12-25
SH04916,O05332,RapidRoute,2026-06-16,2026-06-19,2026-06-24
SH04917,O05333,FastFreight,2026-06-28,2026-06-30,2026-07-03
SH04918,O05334,BlueArrow Shipping,2026-06-09,2026-06-10,2026-06-15
SH04919,O05335,RapidRoute,2026-03-20,2026-03-21,2026-03-25
SH04920,O05336,FastFreight,2025-12-26,2025-12-29,2025-12-30
SH04921,O05337,BlueArrow Shipping,2026-08-08,2026-08-09,2026-08-16
SH04922,O05338,RapidRoute,2025-11-15,2025-11-20,2025-11-22
SH04923,O05339,MetroLogistics,2026-02-19,2026-02-22,2026-02-24
SH04924,O05340,MetroLogistics,2026-02-20,2026-02-24,2026-02-18
SH04925,O05341,BlueArrow Shipping,2026-06-02,2026-06-04,2026-06-05
SH04926,O05342,RapidRoute,2026-03-21,2026-03-24,2026-03-26
SH04927,O05343,BlueArrow Shipping,2026-06-23,2026-06-24,2026-06-26
SH04928,O05344,FastFreight,2026-08-04,2026-08-05,2026-08-12
SH04929,O05345,BlueArrow Shipping,2026-01-25,2026-01-29,2026-01-29
SH04930,O05347,FastFreight,2025-11-03,2025-11-05,2025-11-06
SH04931,O05348,RapidRoute,2026-08-04,2026-08-09,2026-08-12
SH04932,O05349,MetroLogistics,2025-11-06,2025-11-11,2025-11-10
SH04933,O05350,BlueArrow Shipping,2026-07-10,2026-07-11,2026-07-17
SH04934,O05351,BlueArrow Shipping,2026-01-25,2026-01-29,2026-01-31
SH04935,O05352,MetroLogistics,2026-08-21,2026-08-25,2026-08-28
SH04936,O05353,RapidRoute,2025-10-19,2025-10-21,2025-10-25
SH04937,O05354,RapidRoute,2026-02-19,2026-02-24,2026-02-22
SH04938,O05355,BlueArrow Shipping,2026-07-30,2026-08-03,2026-08-02
SH04939,O05356,RapidRoute,2025-09-28,2025-09-30,2025-09-26
SH04940,O05357,FastFreight,2025-12-17,2025-12-18,2025-12-17
SH04941,O05358,FastFreight,2025-10-09,2025-10-12,2025-10-06
SH04942,O05359,MetroLogistics,2025-12-28,2025-12-30,2026-01-02
SH04943,O05360,FastFreight,2026-01-24,2026-01-27,2026-01-28
SH04944,O05361,MetroLogistics,2026-04-15,2026-04-17,2026-04-24
SH04945,O05362,FastFreight,2025-12-08,2025-12-10,2025-12-15
SH04946,O05363,MetroLogistics,2025-10-29,2025-11-03,2025-11-03
SH04947,O05365,FastFreight,2026-08-10,2026-08-15,2026-08-18
SH04948,O05366,MetroLogistics,2026-08-16,2026-08-20,2026-08-25
SH04949,O05367,MetroLogistics,2025-11-24,2025-11-26,2025-12-01
SH04950,O05368,MetroLogistics,2025-11-14,2025-11-17,2025-11-21
SH04951,O05369,RapidRoute,2025-09-23,2025-09-25,2025-09-30
SH04952,O05370,BlueArrow Shipping,2026-08-18,2026-08-21,2026-08-23
SH04953,O05371,FastFreight,2026-05-18,2026-05-21,2026-05-23
SH04954,O05372,BlueArrow Shipping,2026-06-15,2026-06-20,2026-06-16
SH04955,O05373,RapidRoute,2025-12-19,2025-12-23,2025-12-25
SH04956,O05375,FastFreight,2025-09-26,2025-09-27,2025-09-27
SH04957,O05376,FastFreight,2026-05-14,2026-05-19,2026-05-10
SH04958,O05377,RapidRoute,2026-04-02,2026-04-03,2026-04-11
SH04959,O05379,FastFreight,2026-05-21,2026-05-22,2026-05-23
SH04960,O05380,RapidRoute,2026-04-26,2026-05-01,2026-05-03
SH04961,O05381,MetroLogistics,2026-02-11,2026-02-13,2026-02-15
SH04962,O05382,RapidRoute,2025-11-11,2025-11-16,2025-11-14
SH04963,O05383,BlueArrow Shipping,2025-09-12,2025-09-13,2025-09-14
SH04964,O05384,RapidRoute,2026-08-18,2026-08-20,2026-08-17
SH04965,O05385,RapidRoute,2025-12-15,2025-12-20,2025-12-22
SH04966,O05386,BlueArrow Shipping,2025-12-23,2025-12-24,2025-12-25
SH04967,O05387,FastFreight,2026-05-09,2026-05-12,2026-05-16
SH04968,O05388,RapidRoute,2025-12-07,2025-12-11,2025-12-12
SH04969,O05389,FastFreight,2026-01-18,2026-01-20,2026-01-26
SH04970,O05390,MetroLogistics,2026-05-21,2026-05-22,2026-05-27
SH04971,O05391,MetroLogistics,2026-04-14,2026-04-19,2026-04-11
SH04972,O05392,MetroLogistics,2026-04-30,2026-05-04,2026-05-05
SH04973,O05393,FastFreight,2025-09-03,2025-09-08,2025-09-13
SH04974,O05394,RapidRoute,2026-02-13,2026-02-17,2026-02-22
SH04975,O05395,MetroLogistics,2026-02-27,2026-03-03,2026-02-28
SH04976,O05396,RapidRoute,2026-04-20,2026-04-24,2026-04-30
SH04977,O05397,FastFreight,2025-10-29,2025-11-02,2025-10-31
SH04978,O05398,MetroLogistics,2025-11-04,2025-11-07,2025-11-06
SH04979,O05399,BlueArrow Shipping,2026-06-07,2026-06-12,2026-06-16
SH04980,O05401,RapidRoute,2026-06-26,2026-07-01,2026-07-03
SH04981,O05402,BlueArrow Shipping,2025-12-10,2025-12-12,2025-12-14
SH04982,O05403,BlueArrow Shipping,2026-09-04,2026-09-09,2026-09-06
SH04983,O05404,RapidRoute,2025-12-12,2025-12-14,2025-12-19
SH04984,O05405,MetroLogistics,2026-04-29,2026-05-03,2026-05-07
SH04985,O05406,RapidRoute,2025-11-07,2025-11-12,2025-11-09
SH04986,O05407,RapidRoute,2026-08-06,2026-08-09,2026-08-13
SH04987,O05408,RapidRoute,2026-01-02,2026-01-03,2026-01-11
SH04988,O05409,BlueArrow Shipping,2026-06-21,2026-06-26,2026-07-01
SH04989,O05410,FastFreight,2026-01-02,2026-01-06,2026-01-09
SH04990,O05411,RapidRoute,2026-06-17,2026-06-20,2026-06-26
SH04991,O05412,MetroLogistics,2026-02-19,2026-02-24,2026-02-23
SH04992,O05413,RapidRoute,2025-09-27,2025-09-28,2025-09-30
SH04993,O05414,FastFreight,2025-11-12,2025-11-15,2025-11-17
SH04994,O05415,FastFreight,2026-05-11,2026-05-12,2026-05-14
SH04995,O05416,MetroLogistics,2025-11-19,2025-11-20,2025-11-18
SH04996,O05417,RapidRoute,2025-12-13,2025-12-15,2025-12-18
SH04997,O05418,FastFreight,2026-03-19,2026-03-22,2026-03-22
SH04998,O05419,FastFreight,2025-12-03,2025-12-04,2025-12-07
SH04999,O05420,MetroLogistics,2025-10-20,2025-10-23,2025-10-29
SH05000,O05421,RapidRoute,2026-04-20,2026-04-24,2026-04-24
SH05001,O05422,FastFreight,2026-05-23,2026-05-24,2026-05-15
SH05002,O05423,RapidRoute,2026-05-27,2026-05-28,2026-06-02
SH05003,O05424,MetroLogistics,2026-08-14,2026-08-18,2026-08-22
SH05004,O05425,BlueArrow Shipping,2025-10-18,2025-10-21,2025-10-26
SH05005,O05426,BlueArrow Shipping,2026-02-06,2026-02-07,2026-02-13
SH05006,O05427,RapidRoute,2025-12-03,2025-12-08,2025-12-04
SH05007,O05428,FastFreight,2026-07-27,2026-07-30,2026-08-04
SH05008,O05429,BlueArrow Shipping,2026-03-18,2026-03-19,2026-03-23
SH05009,O05430,MetroLogistics,2025-10-15,2025-10-17,2025-10-16
SH05010,O05431,MetroLogistics,2026-05-12,2026-05-15,2026-05-21
SH05011,O05432,BlueArrow Shipping,2025-09-18,2025-09-20,2025-09-22
SH05012,O05433,BlueArrow Shipping,2025-12-19,2025-12-24,2025-12-17
SH05013,O05434,MetroLogistics,2026-05-26,2026-05-30,2026-06-01
SH05014,O05435,BlueArrow Shipping,2026-03-07,2026-03-08,2026-03-10
SH05015,O05436,BlueArrow Shipping,2026-06-06,2026-06-08,2026-06-14
SH05016,O05437,MetroLogistics,2026-04-02,2026-04-04,2026-04-04
SH05017,O05438,MetroLogistics,2026-07-07,2026-07-08,2026-07-12
SH05018,O05439,MetroLogistics,2026-03-26,2026-03-27,2026-03-31
SH05019,O05440,MetroLogistics,2025-09-25,2025-09-26,2025-10-01
SH05020,O05442,MetroLogistics,2026-06-13,2026-06-17,2026-06-18
SH05021,O05443,FastFreight,2025-09-21,2025-09-23,2025-09-23
SH05022,O05444,RapidRoute,2026-01-18,2026-01-21,2026-01-22
SH05023,O05445,BlueArrow Shipping,2025-09-08,2025-09-09,2025-09-12
SH05024,O05446,BlueArrow Shipping,2025-12-23,2025-12-28,2025-12-25
SH05025,O05447,BlueArrow Shipping,2026-04-10,2026-04-15,2026-04-17
SH05026,O05448,RapidRoute,2025-11-05,2025-11-09,2025-11-10
SH05027,O05449,RapidRoute,2026-02-19,2026-02-21,2026-02-27
SH05028,O05451,MetroLogistics,2025-09-28,2025-10-02,2025-10-04
SH05029,O05452,MetroLogistics,2025-09-25,2025-09-27,2025-10-01
SH05030,O05453,RapidRoute,2025-12-12,2025-12-17,2025-12-19
SH05031,O05454,BlueArrow Shipping,2026-07-03,2026-07-07,2026-07-10
SH05032,O05455,RapidRoute,2026-01-29,2026-01-30,2026-02-02
SH05033,O05456,FastFreight,2026-04-24,2026-04-25,2026-04-27
SH05034,O05457,MetroLogistics,2025-09-15,2025-09-19,2025-09-20
SH05035,O05458,MetroLogistics,2026-05-31,2026-06-04,2026-06-01
SH05036,O05459,MetroLogistics,2025-09-29,2025-10-03,2025-09-30
SH05037,O05460,BlueArrow Shipping,2026-05-22,2026-05-24,2026-05-28
SH05038,O05461,RapidRoute,2025-10-25,2025-10-29,2025-10-29
SH05039,O05462,FastFreight,2026-07-15,2026-07-17,2026-07-16
SH05040,O05463,RapidRoute,2025-12-20,2025-12-24,2025-12-25
SH05041,O05464,RapidRoute,2025-11-18,2025-11-20,2025-11-15
SH05042,O05465,MetroLogistics,2026-01-05,2026-01-06,2026-01-09
SH05043,O05466,MetroLogistics,2025-09-04,2025-09-09,2025-09-11
SH05044,O05467,RapidRoute,2025-11-04,2025-11-09,2025-11-10
SH05045,O05468,FastFreight,2026-04-08,2026-04-12,2026-04-12
SH05046,O05469,RapidRoute,2025-12-22,2025-12-26,2025-12-29
SH05047,O05470,RapidRoute,2026-01-09,2026-01-13,2026-01-13
SH05048,O05471,MetroLogistics,2026-06-25,2026-06-29,2026-07-03
SH05049,O05472,BlueArrow Shipping,2025-10-18,2025-10-21,2025-10-23
SH05050,O05474,BlueArrow Shipping,2025-11-09,2025-11-14,2025-11-18
SH05051,O05475,RapidRoute,2026-02-28,2026-03-04,2026-03-07
SH05052,O05476,RapidRoute,2026-01-02,2026-01-05,2026-01-05
SH05053,O05477,RapidRoute,2025-09-18,2025-09-21,2025-09-24
SH05054,O05478,FastFreight,2025-09-29,2025-10-04,2025-10-01
SH05055,O05479,RapidRoute,2026-07-10,2026-07-13,2026-07-20
SH05056,O05480,RapidRoute,2025-09-24,2025-09-25,2025-09-29
SH05057,O05481,BlueArrow Shipping,2026-06-15,2026-06-20,2026-06-23
SH05058,O05482,FastFreight,2026-08-05,2026-08-06,2026-08-10
SH05059,O05483,BlueArrow Shipping,2026-02-26,2026-02-28,2026-02-28
SH05060,O05484,MetroLogistics,2025-12-25,2025-12-27,2026-01-01
SH05061,O05485,MetroLogistics,2026-06-14,2026-06-15,2026-06-16
SH05062,O05486,MetroLogistics,2026-08-29,2026-08-31,2026-09-02
SH05063,O05488,MetroLogistics,2026-08-21,2026-08-22,2026-08-27
SH05064,O05489,BlueArrow Shipping,2026-08-13,2026-08-16,2026-08-22
SH05065,O05490,FastFreight,2025-10-27,2025-11-01,2025-11-02
SH05066,O05491,FastFreight,2025-09-23,2025-09-25,2025-09-28
SH05067,O05492,MetroLogistics,2026-05-23,2026-05-25,2026-05-29
SH05068,O05493,MetroLogistics,2025-10-01,2025-10-05,2025-10-10
SH05069,O05494,RapidRoute,2026-04-10,2026-04-14,2026-04-19
SH05070,O05495,MetroLogistics,2025-09-28,2025-10-03,2025-10-05
SH05071,O05496,RapidRoute,2026-05-12,2026-05-15,2026-05-18
SH05072,O05497,FastFreight,2025-11-27,2025-12-01,2025-12-02
SH05073,O05498,BlueArrow Shipping,2025-10-10,2025-10-15,2025-10-11
SH05074,O05499,RapidRoute,2025-09-29,2025-10-02,2025-09-30
SH05075,O05500,MetroLogistics,2025-11-11,2025-11-16,2025-11-18
SH05076,O05501,FastFreight,2026-03-19,2026-03-24,2026-03-24
SH05077,O05502,BlueArrow Shipping,2025-10-02,2025-10-03,2025-10-06
SH05078,O05503,FastFreight,2026-06-25,2026-06-29,2026-06-27
SH05079,O05504,FastFreight,2026-04-13,2026-04-17,2026-04-20
SH05080,O05505,FastFreight,2025-12-19,2025-12-24,2025-12-29
SH05081,O05506,MetroLogistics,2026-08-30,2026-09-02,2026-09-06
SH05082,O05507,BlueArrow Shipping,2026-05-01,2026-05-03,2026-05-10
SH05083,O05508,FastFreight,2026-05-08,2026-05-11,2026-05-12
SH05084,O05509,MetroLogistics,2025-11-06,2025-11-10,2025-11-09
SH05085,O05510,RapidRoute,2026-05-22,2026-05-27,2026-05-27
SH05086,O05511,BlueArrow Shipping,2026-03-28,2026-03-29,2026-03-29
SH05087,O05512,BlueArrow Shipping,2026-08-30,2026-08-31,2026-09-02
SH05088,O05513,BlueArrow Shipping,2026-02-23,2026-02-25,2026-03-04
SH05089,O05514,RapidRoute,2026-05-08,2026-05-11,2026-05-12
SH05090,O05515,FastFreight,2026-01-05,2026-01-06,2026-01-11
SH05091,O05516,MetroLogistics,2025-09-16,2025-09-21,2025-09-25
SH05092,O05517,FastFreight,2025-10-18,2025-10-22,2025-10-27
SH05093,O05518,BlueArrow Shipping,2026-07-15,2026-07-20,2026-07-23
SH05094,O05519,MetroLogistics,2026-06-01,2026-06-02,2026-06-04
SH05095,O05520,FastFreight,2026-01-14,2026-01-16,2026-01-18
SH05096,O05521,RapidRoute,2026-05-17,2026-05-20,2026-05-19
SH05097,O05522,BlueArrow Shipping,2025-09-06,2025-09-10,2025-09-12
SH05098,O05523,FastFreight,2025-09-15,2025-09-19,2025-09-20
SH05099,O05524,FastFreight,2026-03-09,2026-03-12,2026-03-14
SH05100,O05525,BlueArrow Shipping,2026-04-25,2026-04-27,2026-04-22
SH05101,O05526,MetroLogistics,2026-08-11,2026-08-13,2026-08-16
SH05102,O05527,RapidRoute,2026-06-09,2026-06-11,2026-06-12
SH05103,O05528,FastFreight,2025-12-12,2025-12-16,2025-12-13
SH05104,O05529,FastFreight,2026-06-29,2026-07-04,2026-06-30
SH05105,O05530,BlueArrow Shipping,2026-03-02,2026-03-05,2026-03-07
SH05106,O05531,MetroLogistics,2026-07-06,2026-07-11,2026-07-07
SH05107,O05532,RapidRoute,2025-11-07,2025-11-09,2025-11-10
SH05108,O05533,RapidRoute,2025-09-14,2025-09-19,2025-09-20
SH05109,O05534,FastFreight,2025-09-29,2025-09-30,2025-10-03
SH05110,O05535,RapidRoute,2026-08-30,2026-09-03,2026-09-02
SH05111,O05536,RapidRoute,2025-10-01,2025-10-06,2025-10-11
SH05112,O05537,FastFreight,2026-08-12,2026-08-14,2026-08-20
SH05113,O05538,BlueArrow Shipping,2026-05-26,2026-05-30,2026-06-03
SH05114,O05539,BlueArrow Shipping,2025-10-25,2025-10-26,2025-10-29
SH05115,O05540,FastFreight,2026-07-16,2026-07-21,2026-07-20
SH05116,O05541,BlueArrow Shipping,2025-10-24,2025-10-27,2025-11-01
SH05117,O05542,RapidRoute,2025-10-26,2025-10-29,2025-10-29
SH05118,O05543,MetroLogistics,2026-03-31,2026-04-05,2026-04-05
SH05119,O05544,RapidRoute,2025-12-19,2025-12-24,2025-12-23
SH05120,O05545,BlueArrow Shipping,2025-12-20,2025-12-22,2025-12-26
SH05121,O05546,BlueArrow Shipping,2025-11-15,2025-11-20,2025-11-17
SH05122,O05547,BlueArrow Shipping,2026-04-14,2026-04-16,2026-04-15
SH05123,O05549,BlueArrow Shipping,2025-12-02,2025-12-07,2025-12-10
SH05124,O05550,RapidRoute,2026-03-23,2026-03-27,2026-03-29
SH05125,O05551,BlueArrow Shipping,2026-02-26,2026-03-01,2026-03-02
SH05126,O05552,BlueArrow Shipping,2026-05-16,2026-05-19,2026-05-25
SH05127,O05553,FastFreight,2025-11-20,2025-11-22,2025-11-24
SH05128,O05554,BlueArrow Shipping,2026-04-27,2026-04-30,2026-04-30
SH05129,O05556,RapidRoute,2026-01-22,2026-01-25,2026-01-29
SH05130,O05557,BlueArrow Shipping,2025-12-04,2025-12-09,2025-12-13
SH05131,O05558,BlueArrow Shipping,2026-03-29,2026-04-01,2026-03-27
SH05132,O05559,FastFreight,2026-04-02,2026-04-05,2026-04-10
SH05133,O05562,RapidRoute,2025-10-31,2025-11-04,2025-11-03
SH05134,O05564,BlueArrow Shipping,2026-08-08,2026-08-13,2026-08-14
SH05135,O05565,MetroLogistics,2026-03-18,2026-03-23,2026-03-25
SH05136,O05566,FastFreight,2026-06-09,2026-06-11,2026-06-10
SH05137,O05568,RapidRoute,2026-08-05,2026-08-10,2026-08-09
SH05138,O05569,BlueArrow Shipping,2026-06-28,2026-07-01,2026-07-04
SH05139,O05570,MetroLogistics,2026-08-03,2026-08-04,2026-08-12
SH05140,O05571,BlueArrow Shipping,2026-06-02,2026-06-03,2026-06-09
SH05141,O05572,RapidRoute,2026-04-27,2026-04-29,2026-05-06
SH05142,O05573,RapidRoute,2026-03-14,2026-03-16,2026-03-16
SH05143,O05574,MetroLogistics,2026-08-06,2026-08-09,2026-08-12
SH05144,O05575,RapidRoute,2026-07-11,2026-07-12,2026-07-17
SH05145,O05576,FastFreight,2026-02-02,2026-02-03,2026-02-09
SH05146,O05577,MetroLogistics,2025-10-03,2025-10-04,2025-10-12
SH05147,O05578,BlueArrow Shipping,2025-09-06,2025-09-11,2025-09-09
SH05148,O05579,BlueArrow Shipping,2025-11-29,2025-12-01,2025-12-04
SH05149,O05581,FastFreight,2025-11-19,2025-11-23,2025-11-27
SH05150,O05582,MetroLogistics,2025-10-11,2025-10-14,2025-10-20
SH05151,O05584,MetroLogistics,2025-10-06,2025-10-08,2025-10-15
SH05152,O05585,MetroLogistics,2026-04-18,2026-04-20,2026-04-22
SH05153,O05586,BlueArrow Shipping,2026-01-08,2026-01-09,2026-01-13
SH05154,O05587,FastFreight,2025-11-06,2025-11-07,2025-11-11
SH05155,O05589,BlueArrow Shipping,2026-08-24,2026-08-28,2026-08-30
SH05156,O05590,FastFreight,2026-06-17,2026-06-20,2026-06-27
SH05157,O05591,BlueArrow Shipping,2026-08-25,2026-08-30,2026-08-29
SH05158,O05592,RapidRoute,2026-04-05,2026-04-06,2026-04-14
SH05159,O05593,RapidRoute,2026-05-06,2026-05-11,2026-05-13
SH05160,O05594,RapidRoute,2025-10-28,2025-10-29,2025-10-30
SH05161,O05595,MetroLogistics,2026-07-10,2026-07-14,2026-07-15
SH05162,O05596,MetroLogistics,2026-06-04,2026-06-09,2026-06-09
SH05163,O05597,RapidRoute,2025-12-04,2025-12-05,2025-12-09
SH05164,O05598,FastFreight,2026-01-11,2026-01-14,2026-01-14
SH05165,O05599,RapidRoute,2026-04-13,2026-04-18,2026-04-17
SH05166,O05600,FastFreight,2025-09-06,2025-09-11,2025-09-11
SH05167,O05601,FastFreight,2026-06-28,2026-06-30,2026-07-01
SH05168,O05602,FastFreight,2025-12-14,2025-12-15,2025-12-18
SH05169,O05603,FastFreight,2025-10-01,2025-10-03,2025-10-09
SH05170,O05605,RapidRoute,2026-07-07,2026-07-10,2026-07-09
SH05171,O05606,FastFreight,2025-12-13,2025-12-15,2025-12-17
SH05172,O05607,MetroLogistics,2026-03-20,2026-03-21,2026-03-24
SH05173,O05608,RapidRoute,2026-06-28,2026-07-01,2026-07-03
SH05174,O05609,RapidRoute,2025-09-16,2025-09-19,2025-09-20
SH05175,O05610,MetroLogistics,2026-06-06,2026-06-08,2026-06-15
SH05176,O05611,MetroLogistics,2025-12-18,2025-12-23,2025-12-25
SH05177,O05612,MetroLogistics,2026-05-16,2026-05-18,2026-05-20
SH05178,O05614,BlueArrow Shipping,2025-10-23,2025-10-28,2025-11-01
SH05179,O05615,MetroLogistics,2026-06-16,2026-06-17,2026-06-22
SH05180,O05616,BlueArrow Shipping,2026-06-26,2026-06-29,2026-06-30
SH05181,O05617,RapidRoute,2026-08-29,2026-09-03,2026-09-03
SH05182,O05618,FastFreight,2026-05-07,2026-05-09,2026-05-12
SH05183,O05619,RapidRoute,2026-03-02,2026-03-06,2026-02-23
SH05184,O05620,BlueArrow Shipping,2025-11-13,2025-11-17,2025-11-22
SH05185,O05621,FastFreight,2025-12-21,2025-12-23,2025-12-22
SH05186,O05622,RapidRoute,2026-04-26,2026-04-30,2026-04-30
SH05187,O05623,MetroLogistics,2026-01-06,2026-01-10,2026-01-10
SH05188,O05624,FastFreight,2026-02-27,2026-03-02,2026-03-04
SH05189,O05626,FastFreight,2026-02-09,2026-02-11,2026-02-14
SH05190,O05627,FastFreight,2025-11-27,2025-11-30,2025-12-02
SH05191,O05628,MetroLogistics,2025-10-17,2025-10-18,2025-10-22
SH05192,O05630,BlueArrow Shipping,2026-03-22,2026-03-25,2026-03-20
SH05193,O05631,FastFreight,2026-01-15,2026-01-17,2026-01-23
SH05194,O05632,RapidRoute,2025-10-10,2025-10-12,2025-10-14
SH05195,O05633,FastFreight,2026-03-09,2026-03-11,2026-03-12
SH05196,O05634,RapidRoute,2025-11-02,2025-11-05,2025-11-10
SH05197,O05635,FastFreight,2025-09-09,2025-09-10,2025-09-14
SH05198,O05637,FastFreight,2026-02-13,2026-02-14,2026-02-22
SH05199,O05638,MetroLogistics,2026-08-18,2026-08-20,2026-08-21
SH05200,O05639,RapidRoute,2025-12-06,2025-12-09,2025-12-09
SH05201,O05640,BlueArrow Shipping,2025-12-19,2025-12-21,2025-12-20
SH05202,O05642,RapidRoute,2026-01-10,2026-01-13,2026-01-18
SH05203,O05643,MetroLogistics,2026-05-30,2026-05-31,2026-05-25
SH05204,O05644,RapidRoute,2025-12-28,2025-12-31,2026-01-06
SH05205,O05645,RapidRoute,2026-05-01,2026-05-04,2026-05-07
SH05206,O05646,FastFreight,2026-07-27,2026-07-29,2026-08-05
SH05207,O05647,BlueArrow Shipping,2026-08-16,2026-08-17,2026-08-18
SH05208,O05649,RapidRoute,2026-05-20,2026-05-24,2026-05-25
SH05209,O05650,BlueArrow Shipping,2026-08-04,2026-08-06,2026-08-11
SH05210,O05651,RapidRoute,2026-06-22,2026-06-25,2026-06-25
SH05211,O05652,BlueArrow Shipping,2025-12-21,2025-12-25,2025-12-30
SH05212,O05654,BlueArrow Shipping,2025-10-13,2025-10-14,2025-10-17
SH05213,O05655,MetroLogistics,2026-07-23,2026-07-27,2026-07-24
SH05214,O05656,FastFreight,2026-03-27,2026-03-29,2026-03-30
SH05215,O05657,MetroLogistics,2025-12-23,2025-12-26,2025-12-23
SH05216,O05658,FastFreight,2026-01-08,2026-01-09,2026-01-12
SH05217,O05659,BlueArrow Shipping,2025-12-13,2025-12-16,2025-12-20
SH05218,O05660,MetroLogistics,2026-06-23,2026-06-25,2026-07-01
SH05219,O05661,MetroLogistics,2026-04-15,2026-04-16,2026-04-17
SH05220,O05662,RapidRoute,2026-07-22,2026-07-25,2026-07-25
SH05221,O05663,FastFreight,2025-12-21,2025-12-25,2025-12-27
SH05222,O05664,RapidRoute,2026-02-22,2026-02-24,2026-02-28
SH05223,O05665,MetroLogistics,2025-10-18,2025-10-22,2025-10-22
SH05224,O05666,RapidRoute,2026-08-29,2026-08-31,2026-08-30
SH05225,O05667,RapidRoute,2026-03-09,2026-03-14,2026-03-16
SH05226,O05668,MetroLogistics,2026-03-22,2026-03-24,2026-03-30
SH05227,O05669,RapidRoute,2026-01-30,2026-02-03,2026-02-07
SH05228,O05670,RapidRoute,2025-12-11,2025-12-13,2025-12-13
SH05229,O05671,BlueArrow Shipping,2026-08-16,2026-08-19,2026-08-24
SH05230,O05672,RapidRoute,2026-02-27,2026-02-28,2026-03-06
SH05231,O05673,BlueArrow Shipping,2026-05-09,2026-05-10,2026-05-11
SH05232,O05675,FastFreight,2025-12-11,2025-12-16,2025-12-19
SH05233,O05676,BlueArrow Shipping,2026-06-23,2026-06-24,2026-06-29
SH05234,O05678,FastFreight,2025-10-10,2025-10-13,2025-10-19
SH05235,O05679,BlueArrow Shipping,2026-06-25,2026-06-28,2026-07-02
SH05236,O05680,RapidRoute,2025-12-25,2025-12-29,2026-01-02
SH05237,O05681,FastFreight,2025-12-13,2025-12-14,2025-12-20
SH05238,O05683,BlueArrow Shipping,2025-11-12,2025-11-13,2025-11-17
SH05239,O05684,BlueArrow Shipping,2025-09-19,2025-09-21,2025-09-23
SH05240,O05685,FastFreight,2025-09-05,2025-09-10,2025-09-08
SH05241,O05686,RapidRoute,2025-10-02,2025-10-04,2025-10-05
SH05242,O05687,RapidRoute,2025-10-31,2025-11-03,2025-11-06
SH05243,O05688,FastFreight,2026-05-17,2026-05-20,2026-05-24
SH05244,O05690,MetroLogistics,2025-09-30,2025-10-03,2025-10-05
SH05245,O05691,FastFreight,2025-09-08,2025-09-13,2025-09-16
SH05246,O05693,BlueArrow Shipping,2026-07-06,2026-07-10,2026-07-14
SH05247,O05694,RapidRoute,2026-01-11,2026-01-14,2026-01-08
SH05248,O05695,RapidRoute,2025-09-27,2025-09-29,2025-10-04
SH05249,O05696,MetroLogistics,2025-12-01,2025-12-03,2025-12-01
SH05250,O05697,FastFreight,2026-03-10,2026-03-15,2026-03-07
SH05251,O05698,MetroLogistics,2025-11-10,2025-11-11,2025-11-18
SH05252,O05699,FastFreight,2026-09-04,2026-09-05,2026-09-04
SH05253,O05700,MetroLogistics,2026-06-08,2026-06-10,2026-06-12
SH05254,O05701,BlueArrow Shipping,2026-01-06,2026-01-11,2026-01-10
SH05255,O05702,FastFreight,2026-08-15,2026-08-19,2026-08-24
SH05256,O05703,BlueArrow Shipping,2025-12-30,2026-01-04,2026-01-08
SH05257,O05704,RapidRoute,2025-10-28,2025-11-01,2025-10-28
SH05258,O05705,MetroLogistics,2026-08-10,2026-08-13,2026-08-17
SH05259,O05706,RapidRoute,2026-08-18,2026-08-19,2026-08-26
SH05260,O05707,MetroLogistics,2025-12-26,2025-12-31,2026-01-03
SH05261,O05708,RapidRoute,2026-04-10,2026-04-14,2026-04-11
SH05262,O05709,BlueArrow Shipping,2025-11-04,2025-11-05,2025-11-09
SH05263,O05710,BlueArrow Shipping,2026-04-24,2026-04-29,2026-05-04
SH05264,O05711,RapidRoute,2026-05-12,2026-05-16,2026-05-18
SH05265,O05712,MetroLogistics,2026-05-20,2026-05-24,2026-05-28
SH05266,O05713,BlueArrow Shipping,2026-03-31,2026-04-02,2026-04-01
SH05267,O05714,RapidRoute,2026-05-25,2026-05-27,2026-05-21
SH05268,O05715,MetroLogistics,2026-03-24,2026-03-26,2026-04-01
SH05269,O05716,RapidRoute,2026-07-03,2026-07-04,2026-07-04
SH05270,O05717,MetroLogistics,2025-11-06,2025-11-09,2025-11-16
SH05271,O05718,BlueArrow Shipping,2026-02-26,2026-02-27,2026-03-04
SH05272,O05719,MetroLogistics,2026-02-06,2026-02-09,2026-02-09
SH05273,O05720,BlueArrow Shipping,2026-03-17,2026-03-19,2026-03-22
SH05274,O05721,FastFreight,2025-10-26,2025-10-30,2025-10-31
SH05275,O05722,RapidRoute,2025-12-29,2025-12-31,2026-01-06
SH05276,O05723,FastFreight,2026-08-17,2026-08-19,2026-08-20
SH05277,O05724,MetroLogistics,2025-10-11,2025-10-12,2025-10-19
SH05278,O05725,RapidRoute,2026-04-24,2026-04-26,2026-05-01
SH05279,O05726,FastFreight,2026-05-02,2026-05-03,2026-05-08
SH05280,O05727,RapidRoute,2026-02-23,2026-02-25,2026-02-28
SH05281,O05728,MetroLogistics,2025-09-15,2025-09-18,2025-09-22
SH05282,O05729,MetroLogistics,2025-09-15,2025-09-19,2025-09-22
SH05283,O05730,RapidRoute,2025-12-14,2025-12-17,2025-12-17
SH05284,O05731,RapidRoute,2025-10-11,2025-10-12,2025-10-14
SH05285,O05732,RapidRoute,2025-10-07,2025-10-11,2025-10-16
SH05286,O05733,BlueArrow Shipping,2025-11-02,2025-11-05,2025-11-08
SH05287,O05734,FastFreight,2025-11-17,2025-11-21,2025-11-18
SH05288,O05735,BlueArrow Shipping,2026-07-05,2026-07-10,2026-07-11
SH05289,O05736,BlueArrow Shipping,2026-04-24,2026-04-25,2026-04-29
SH05290,O05738,RapidRoute,2026-04-20,2026-04-25,2026-04-25
SH05291,O05739,BlueArrow Shipping,2025-10-22,2025-10-27,2025-10-29
SH05292,O05740,MetroLogistics,2026-02-05,2026-02-08,2026-02-06
SH05293,O05741,MetroLogistics,2025-09-18,2025-09-19,2025-09-23
SH05294,O05742,BlueArrow Shipping,2025-10-04,2025-10-06,2025-10-12
SH05295,O05743,RapidRoute,2025-10-23,2025-10-25,2025-10-25
SH05296,O05744,MetroLogistics,2026-02-10,2026-02-13,2026-02-12
SH05297,O05745,MetroLogistics,2026-02-25,2026-03-01,2026-02-23
SH05298,O05746,RapidRoute,2026-01-09,2026-01-12,2026-01-18
SH05299,O05747,RapidRoute,2026-04-16,2026-04-18,2026-04-26
SH05300,O05748,MetroLogistics,2026-05-23,2026-05-24,2026-05-31
SH05301,O05749,FastFreight,2026-05-25,2026-05-30,2026-06-02
SH05302,O05750,BlueArrow Shipping,2026-04-04,2026-04-09,2026-04-11
SH05303,O05751,FastFreight,2026-03-20,2026-03-21,2026-03-29
SH05304,O05752,FastFreight,2026-03-01,2026-03-03,2026-03-06
SH05305,O05753,BlueArrow Shipping,2025-11-28,2025-12-03,2025-12-03
SH05306,O05755,MetroLogistics,2025-09-08,2025-09-10,2025-09-13
SH05307,O05756,FastFreight,2026-08-30,2026-09-03,2026-08-26
SH05308,O05757,MetroLogistics,2026-01-16,2026-01-19,2026-01-22
SH05309,O05758,BlueArrow Shipping,2026-06-06,2026-06-10,2026-06-15
SH05310,O05759,RapidRoute,2026-08-19,2026-08-24,2026-08-27
SH05311,O05760,RapidRoute,2026-03-03,2026-03-05,2026-03-10
SH05312,O05762,MetroLogistics,2026-02-26,2026-03-02,2026-03-01
SH05313,O05763,BlueArrow Shipping,2025-10-20,2025-10-23,2025-10-27
SH05314,O05764,MetroLogistics,2025-09-11,2025-09-13,2025-09-17
SH05315,O05765,BlueArrow Shipping,2025-10-24,2025-10-25,2025-10-27
SH05316,O05766,FastFreight,2026-08-14,2026-08-18,2026-08-18
SH05317,O05767,MetroLogistics,2026-03-03,2026-03-07,2026-03-01
SH05318,O05769,MetroLogistics,2026-02-12,2026-02-17,2026-02-18
SH05319,O05770,BlueArrow Shipping,2025-12-04,2025-12-06,2025-12-12
SH05320,O05771,MetroLogistics,2026-07-18,2026-07-22,2026-07-26
SH05321,O05772,MetroLogistics,2026-09-03,2026-09-04,2026-09-08
SH05322,O05773,BlueArrow Shipping,2025-10-03,2025-10-04,2025-10-07
SH05323,O05774,BlueArrow Shipping,2026-05-24,2026-05-27,2026-05-27
SH05324,O05775,MetroLogistics,2026-01-05,2026-01-08,2026-01-10
SH05325,O05777,RapidRoute,2026-08-04,2026-08-07,2026-08-14
SH05326,O05778,RapidRoute,2025-09-26,2025-10-01,2025-09-30
SH05327,O05779,BlueArrow Shipping,2025-11-16,2025-11-21,2025-11-20
SH05328,O05780,BlueArrow Shipping,2025-09-12,2025-09-13,2025-09-15
SH05329,O05781,BlueArrow Shipping,2026-03-05,2026-03-07,2026-02-26
SH05330,O05782,FastFreight,2026-04-09,2026-04-12,2026-04-18
SH05331,O05783,MetroLogistics,2025-12-31,2026-01-05,2026-01-06
SH05332,O05784,RapidRoute,2025-09-28,2025-10-02,2025-10-07
SH05333,O05785,BlueArrow Shipping,2025-10-17,2025-10-18,2025-10-20
SH05334,O05786,FastFreight,2026-08-15,2026-08-19,2026-08-18
SH05335,O05787,FastFreight,2026-06-30,2026-07-02,2026-06-29
SH05336,O05788,RapidRoute,2026-08-10,2026-08-11,2026-08-15
SH05337,O05789,BlueArrow Shipping,2026-03-14,2026-03-18,2026-03-24
SH05338,O05791,MetroLogistics,2026-06-15,2026-06-17,2026-06-24
SH05339,O05792,RapidRoute,2026-04-15,2026-04-19,2026-04-21
SH05340,O05794,FastFreight,2025-12-17,2025-12-20,2025-12-25
SH05341,O05795,RapidRoute,2026-02-27,2026-03-02,2026-03-04
SH05342,O05796,RapidRoute,2025-09-27,2025-09-29,2025-10-03
SH05343,O05797,MetroLogistics,2025-11-12,2025-11-14,2025-11-15
SH05344,O05798,MetroLogistics,2026-06-04,2026-06-06,2026-06-02
SH05345,O05799,FastFreight,2026-07-15,2026-07-19,2026-07-25
SH05346,O05800,RapidRoute,2025-10-12,2025-10-15,2025-10-13
SH05347,O05801,BlueArrow Shipping,2025-10-16,2025-10-17,2025-10-13
SH05348,O05802,MetroLogistics,2025-10-04,2025-10-05,2025-10-08
SH05349,O05803,FastFreight,2026-06-27,2026-06-29,2026-06-21
SH05350,O05804,MetroLogistics,2025-12-24,2025-12-27,2026-01-02
SH05351,O05805,MetroLogistics,2025-12-30,2026-01-01,2026-01-04
SH05352,O05806,MetroLogistics,2025-09-09,2025-09-14,2025-09-15
SH05353,O05807,RapidRoute,2026-08-24,2026-08-26,2026-08-29
SH05354,O05808,MetroLogistics,2026-02-09,2026-02-12,2026-02-15
SH05355,O05809,FastFreight,2026-06-21,2026-06-23,2026-06-28
SH05356,O05810,RapidRoute,2026-05-21,2026-05-23,2026-05-23
SH05357,O05811,BlueArrow Shipping,2025-11-03,2025-11-08,2025-10-30
SH05358,O05813,FastFreight,2026-03-28,2026-03-30,2026-03-30
SH05359,O05814,BlueArrow Shipping,2026-04-11,2026-04-12,2026-04-15
SH05360,O05815,MetroLogistics,2025-11-16,2025-11-19,2025-11-18
SH05361,O05816,BlueArrow Shipping,2026-07-10,2026-07-14,2026-07-14
SH05362,O05817,MetroLogistics,2026-08-11,2026-08-14,2026-08-18
SH05363,O05818,FastFreight,2026-01-29,2026-02-01,2026-02-03
SH05364,O05820,BlueArrow Shipping,2026-07-10,2026-07-15,2026-07-14
SH05365,O05821,FastFreight,2026-07-24,2026-07-26,2026-07-26
SH05366,O05822,FastFreight,2026-03-06,2026-03-10,2026-03-14
SH05367,O05823,FastFreight,2026-04-01,2026-04-06,2026-04-07
SH05368,O05824,MetroLogistics,2025-11-30,2025-12-02,2025-11-27
SH05369,O05825,RapidRoute,2025-09-26,2025-09-29,2025-09-30
SH05370,O05826,BlueArrow Shipping,2026-08-17,2026-08-19,2026-08-18
SH05371,O05827,BlueArrow Shipping,2026-02-28,2026-03-04,2026-03-02
SH05372,O05828,BlueArrow Shipping,2025-12-14,2025-12-17,2025-12-18
SH05373,O05829,FastFreight,2026-05-13,2026-05-18,2026-05-19
SH05374,O05830,RapidRoute,2025-09-12,2025-09-14,2025-09-18
SH05375,O05831,FastFreight,2025-10-02,2025-10-03,2025-10-07
SH05376,O05832,FastFreight,2025-12-02,2025-12-05,2025-12-03
SH05377,O05833,BlueArrow Shipping,2026-02-14,2026-02-18,2026-02-22
SH05378,O05834,MetroLogistics,2026-01-14,2026-01-16,2026-01-20
SH05379,O05836,FastFreight,2026-01-09,2026-01-14,2026-01-13
SH05380,O05837,MetroLogistics,2026-01-01,2026-01-04,2026-01-05
SH05381,O05838,MetroLogistics,2026-03-13,2026-03-18,2026-03-22
SH05382,O05839,BlueArrow Shipping,2026-03-26,2026-03-29,2026-04-05
SH05383,O05841,RapidRoute,2026-06-26,2026-06-28,2026-06-28
SH05384,O05842,MetroLogistics,2025-12-26,2025-12-31,2025-12-23
SH05385,O05843,MetroLogistics,2026-07-29,2026-07-30,2026-08-05
SH05386,O05844,FastFreight,2026-03-12,2026-03-14,2026-03-18
SH05387,O05845,RapidRoute,2025-11-09,2025-11-13,2025-11-18
SH05388,O05847,BlueArrow Shipping,2026-05-30,2026-06-04,2026-06-07
SH05389,O05848,MetroLogistics,2026-06-30,2026-07-02,2026-07-03
SH05390,O05849,FastFreight,2026-01-19,2026-01-22,2026-01-25
SH05391,O05850,RapidRoute,2025-10-29,2025-11-01,2025-11-08
SH05392,O05851,FastFreight,2025-11-13,2025-11-17,2025-11-15
SH05393,O05852,FastFreight,2025-10-11,2025-10-14,2025-10-18
SH05394,O05853,RapidRoute,2026-05-16,2026-05-20,2026-05-23
SH05395,O05854,MetroLogistics,2026-03-06,2026-03-10,2026-03-14
SH05396,O05855,RapidRoute,2026-02-15,2026-02-20,2026-02-23
SH05397,O05857,BlueArrow Shipping,2026-07-04,2026-07-05,2026-07-05
SH05398,O05858,BlueArrow Shipping,2026-06-21,2026-06-25,2026-06-26
SH05399,O05859,RapidRoute,2025-10-23,2025-10-24,2025-10-26
SH05400,O05860,FastFreight,2026-04-07,2026-04-08,2026-04-09
SH05401,O05861,MetroLogistics,2026-07-23,2026-07-27,2026-07-31
SH05402,O05862,MetroLogistics,2026-06-11,2026-06-13,2026-06-16
SH05403,O05864,BlueArrow Shipping,2026-01-24,2026-01-28,2026-01-27
SH05404,O05865,MetroLogistics,2026-07-23,2026-07-28,2026-08-02
SH05405,O05866,RapidRoute,2025-09-14,2025-09-15,2025-09-19
SH05406,O05867,BlueArrow Shipping,2026-03-13,2026-03-16,2026-03-16
SH05407,O05868,RapidRoute,2025-10-17,2025-10-18,2025-10-19
SH05408,O05869,RapidRoute,2026-07-25,2026-07-30,2026-07-29
SH05409,O05870,BlueArrow Shipping,2025-09-18,2025-09-23,2025-09-24
SH05410,O05871,MetroLogistics,2025-09-12,2025-09-17,2025-09-20
SH05411,O05872,BlueArrow Shipping,2026-01-01,2026-01-06,2026-01-06
SH05412,O05873,MetroLogistics,2025-11-17,2025-11-19,2025-11-24
SH05413,O05874,MetroLogistics,2026-03-10,2026-03-12,2026-03-07
SH05414,O05875,FastFreight,2025-12-21,2025-12-26,2025-12-27
SH05415,O05876,RapidRoute,2026-01-10,2026-01-14,2026-01-15
SH05416,O05877,BlueArrow Shipping,2026-03-28,2026-03-30,2026-03-31
SH05417,O05878,FastFreight,2026-03-25,2026-03-27,2026-03-30
SH05418,O05880,MetroLogistics,2026-02-24,2026-02-25,2026-03-04
SH05419,O05881,BlueArrow Shipping,2026-03-29,2026-03-30,2026-03-30
SH05420,O05882,BlueArrow Shipping,2026-05-07,2026-05-11,2026-05-16
SH05421,O05883,MetroLogistics,2025-11-05,2025-11-07,2025-11-14
SH05422,O05884,BlueArrow Shipping,2026-05-06,2026-05-11,2026-05-09
SH05423,O05885,MetroLogistics,2026-07-14,2026-07-19,2026-07-18
SH05424,O05886,FastFreight,2026-01-05,2026-01-08,2026-01-01
SH05425,O05887,FastFreight,2025-11-16,2025-11-18,2025-11-12
SH05426,O05888,RapidRoute,2026-01-08,2026-01-09,2026-01-16
SH05427,O05889,BlueArrow Shipping,2025-12-14,2025-12-16,2025-12-17
SH05428,O05890,RapidRoute,2026-04-03,2026-04-07,2026-04-12
SH05429,O05891,BlueArrow Shipping,2026-07-15,2026-07-19,2026-07-20
SH05430,O05892,BlueArrow Shipping,2026-04-09,2026-04-13,2026-04-14
SH05431,O05893,MetroLogistics,2025-10-19,2025-10-24,2025-10-24
SH05432,O05894,FastFreight,2025-12-25,2025-12-29,2026-01-04
SH05433,O05895,BlueArrow Shipping,2026-05-11,2026-05-14,2026-05-18
SH05434,O05896,FastFreight,2026-01-01,2026-01-03,2026-01-08
SH05435,O05897,RapidRoute,2026-04-06,2026-04-08,2026-04-13
SH05436,O05898,FastFreight,2026-05-16,2026-05-18,2026-05-23
SH05437,O05899,RapidRoute,2026-01-01,2026-01-06,2026-01-10
SH05438,O05900,MetroLogistics,2026-05-07,2026-05-10,2026-04-30
SH05439,O05901,MetroLogistics,2026-01-26,2026-01-28,2026-01-29
SH05440,O05902,MetroLogistics,2025-10-21,2025-10-22,2025-10-28
SH05441,O05903,BlueArrow Shipping,2026-01-16,2026-01-17,2026-01-21
SH05442,O05905,RapidRoute,2025-09-02,2025-09-07,2025-09-10
SH05443,O05906,MetroLogistics,2026-07-26,2026-07-28,2026-07-31
SH05444,O05907,MetroLogistics,2026-03-14,2026-03-15,2026-03-19
SH05445,O05908,RapidRoute,2025-09-15,2025-09-17,2025-09-19
SH05446,O05909,MetroLogistics,2026-07-16,2026-07-19,2026-07-21
SH05447,O05910,MetroLogistics,2026-07-14,2026-07-19,2026-07-18
SH05448,O05911,RapidRoute,2025-09-08,2025-09-13,2025-09-14
SH05449,O05912,RapidRoute,2025-11-01,2025-11-02,2025-11-05
SH05450,O05913,BlueArrow Shipping,2026-01-23,2026-01-26,2026-01-20
SH05451,O05914,FastFreight,2026-03-06,2026-03-11,2026-03-14
SH05452,O05915,MetroLogistics,2026-05-25,2026-05-29,2026-05-29
SH05453,O05916,RapidRoute,2026-02-05,2026-02-08,2026-02-13
SH05454,O05917,RapidRoute,2026-04-14,2026-04-16,2026-04-20
SH05455,O05918,BlueArrow Shipping,2025-09-07,2025-09-11,2025-09-10
SH05456,O05919,MetroLogistics,2026-05-02,2026-05-05,2026-05-08
SH05457,O05920,RapidRoute,2026-08-03,2026-08-05,2026-08-07
SH05458,O05921,BlueArrow Shipping,2026-03-16,2026-03-20,2026-03-21
SH05459,O05922,FastFreight,2026-02-18,2026-02-23,2026-02-23
SH05460,O05923,MetroLogistics,2025-12-20,2025-12-25,2025-12-26
SH05461,O05926,MetroLogistics,2025-12-15,2025-12-20,2025-12-20
SH05462,O05927,BlueArrow Shipping,2025-10-22,2025-10-26,2025-10-27
SH05463,O05928,FastFreight,2026-07-15,2026-07-19,2026-07-20
SH05464,O05929,RapidRoute,2026-02-25,2026-02-27,2026-03-01
SH05465,O05930,FastFreight,2026-08-05,2026-08-07,2026-08-14
SH05466,O05931,BlueArrow Shipping,2026-05-02,2026-05-03,2026-05-11
SH05467,O05933,MetroLogistics,2026-03-10,2026-03-11,2026-03-16
SH05468,O05934,FastFreight,2025-11-16,2025-11-21,2025-11-23
SH05469,O05936,BlueArrow Shipping,2026-05-11,2026-05-14,2026-05-18
SH05470,O05937,RapidRoute,2026-08-22,2026-08-25,2026-08-28
SH05471,O05938,RapidRoute,2026-03-24,2026-03-25,2026-03-30
SH05472,O05939,BlueArrow Shipping,2026-08-11,2026-08-12,2026-08-17
SH05473,O05940,RapidRoute,2026-08-13,2026-08-14,2026-08-19
SH05474,O05941,RapidRoute,2026-03-13,2026-03-16,2026-03-15
SH05475,O05943,RapidRoute,2025-10-26,2025-10-29,2025-11-01
SH05476,O05944,FastFreight,2025-12-12,2025-12-13,2025-12-16
SH05477,O05947,RapidRoute,2026-01-25,2026-01-29,2026-01-29
SH05478,O05948,BlueArrow Shipping,2026-05-20,2026-05-21,2026-05-22
SH05479,O05949,BlueArrow Shipping,2025-11-28,2025-12-03,2025-12-07
SH05480,O05950,RapidRoute,2026-08-23,2026-08-28,2026-08-30
SH05481,O05951,BlueArrow Shipping,2026-04-28,2026-05-02,2026-05-04
SH05482,O05953,BlueArrow Shipping,2025-12-10,2025-12-13,2025-12-06
SH05483,O05954,RapidRoute,2026-05-31,2026-06-04,2026-06-08
SH05484,O05955,FastFreight,2026-07-17,2026-07-19,2026-07-18
SH05485,O05956,BlueArrow Shipping,2026-08-09,2026-08-14,2026-08-15
SH05486,O05957,BlueArrow Shipping,2026-07-10,2026-07-15,2026-07-19
SH05487,O05958,FastFreight,2025-09-30,2025-10-04,2025-10-04
SH05488,O05959,FastFreight,2026-05-29,2026-06-03,2026-06-02
SH05489,O05960,BlueArrow Shipping,2025-10-13,2025-10-15,2025-10-20
SH05490,O05961,MetroLogistics,2025-09-30,2025-10-05,2025-10-09
SH05491,O05962,MetroLogistics,2026-05-15,2026-05-16,2026-05-18
SH05492,O05964,FastFreight,2026-05-06,2026-05-10,2026-05-04
SH05493,O05965,BlueArrow Shipping,2026-07-12,2026-07-14,2026-07-13
SH05494,O05966,MetroLogistics,2025-09-29,2025-10-04,2025-10-06
SH05495,O05967,FastFreight,2026-03-14,2026-03-17,2026-03-22
SH05496,O05968,FastFreight,2026-07-04,2026-07-05,2026-07-08
SH05497,O05969,MetroLogistics,2026-02-09,2026-02-11,2026-02-13
SH05498,O05970,BlueArrow Shipping,2026-03-12,2026-03-17,2026-03-16
SH05499,O05971,BlueArrow Shipping,2026-03-10,2026-03-15,2026-03-11
SH05500,O05972,BlueArrow Shipping,2026-08-06,2026-08-08,2026-08-07
SH05501,O05973,BlueArrow Shipping,2025-09-23,2025-09-25,2025-09-26
SH05502,O05974,MetroLogistics,2026-07-23,2026-07-24,2026-07-26
SH05503,O05975,RapidRoute,2026-07-02,2026-07-03,2026-07-03
SH05504,O05976,BlueArrow Shipping,2026-06-27,2026-06-28,2026-06-29
SH05505,O05978,BlueArrow Shipping,2026-03-10,2026-03-12,2026-03-16
SH05506,O05979,MetroLogistics,2026-01-17,2026-01-18,2026-01-22
SH05507,O05980,MetroLogistics,2025-12-06,2025-12-07,2025-12-10
SH05508,O05981,RapidRoute,2026-07-21,2026-07-25,2026-07-23
SH05509,O05983,MetroLogistics,2026-05-25,2026-05-30,2026-06-03
SH05510,O05984,RapidRoute,2025-10-19,2025-10-24,2025-10-12
SH05511,O05985,FastFreight,2026-06-18,2026-06-23,2026-06-26
SH05512,O05986,RapidRoute,2026-05-03,2026-05-04,2026-05-10
SH05513,O05988,RapidRoute,2025-10-26,2025-10-27,2025-10-29
SH05514,O05989,RapidRoute,2026-03-20,2026-03-25,2026-03-25
SH05515,O05991,MetroLogistics,2026-03-17,2026-03-18,2026-03-22
SH05516,O05992,BlueArrow Shipping,2025-09-21,2025-09-25,2025-09-27
SH05517,O05993,RapidRoute,2026-02-23,2026-02-24,2026-02-28
SH05518,O05994,FastFreight,2025-12-20,2025-12-21,2025-12-24
SH05519,O05995,BlueArrow Shipping,2026-04-15,2026-04-19,2026-04-23
SH05520,O05996,RapidRoute,2025-11-27,2025-12-01,2025-12-05
SH05521,O05997,RapidRoute,2026-02-08,2026-02-09,2026-02-16
SH05522,O05998,RapidRoute,2026-04-17,2026-04-18,2026-04-26
SH05523,O05999,RapidRoute,2025-09-26,2025-10-01,2025-10-02
SH05524,O06000,MetroLogistics,2026-06-18,2026-06-20,2026-06-21
